[0.000000] (-) TimerEvent: {}
[0.000354] (base_msgs_per) JobQueued: {'identifier': 'base_msgs_per', 'dependencies': OrderedDict()}
[0.000460] (data_plot_per) JobQueued: {'identifier': 'data_plot_per', 'dependencies': OrderedDict()}
[0.000482] (perception) JobQueued: {'identifier': 'perception', 'dependencies': OrderedDict([('base_msgs_per', '/home/abc/perception_with_ros2/install/base_msgs_per')])}
[0.000503] (base_msgs_per) JobStarted: {'identifier': 'base_msgs_per'}
[0.005971] (data_plot_per) JobStarted: {'identifier': 'data_plot_per'}
[0.012205] (base_msgs_per) JobProgress: {'identifier': 'base_msgs_per', 'progress': 'cmake'}
[0.012767] (base_msgs_per) JobProgress: {'identifier': 'base_msgs_per', 'progress': 'build'}
[0.013475] (base_msgs_per) Command: {'cmd': ['/usr/local/bin/cmake', '--build', '/home/abc/perception_with_ros2/build/base_msgs_per', '--', '-j12', '-l12'], 'cwd': '/home/abc/perception_with_ros2/build/base_msgs_per', 'env': OrderedDict([('GJS_DEBUG_TOPICS', 'JS ERROR;JS LOG'), ('PYTHON_BASIC_REPL', '1'), ('LESSOPEN', '| /usr/bin/lesspipe %s'), ('LANGUAGE', 'en_US:en'), ('USER', 'abc'), ('LC_TIME', 'zh_CN.UTF-8'), ('XDG_SESSION_TYPE', 'x11'), ('GIT_ASKPASS', '/usr/share/code/resources/app/extensions/git/dist/askpass.sh'), ('SHLVL', '1'), ('LD_LIBRARY_PATH', '/home/abc/perception_with_ros2/install/perception/lib:/home/abc/perception_with_ros2/install/perception/lib:/home/abc/perception_with_ros2/install/perception/lib:/home/abc/perception_with_ros2/install/base_msgs_per/lib:/home/abc/planning_with_ros2/install/planning/lib:/home/abc/planning_with_ros2/install/base_msgs/lib:/usr/lib/x86_64-linux-gnu/gazebo-11/plugins:/opt/ros/humble/opt/rviz_ogre_vendor/lib:/opt/ros/humble/lib/x86_64-linux-gnu:/opt/ros/humble/lib'), ('HOME', '/home/abc'), ('CHROME_DESKTOP', 'code.desktop'), ('TERM_PROGRAM_VERSION', '1.108.0'), ('DESKTOP_SESSION', 'ubuntu'), ('GIO_LAUNCHED_DESKTOP_FILE', '/usr/share/applications/code.desktop'), ('ROS_PYTHON_VERSION', '3'), ('GNOME_SHELL_SESSION_MODE', 'ubuntu'), ('GTK_MODULES', 'gail:atk-bridge'), ('VSCODE_GIT_ASKPASS_MAIN', '/usr/share/code/resources/app/extensions/git/dist/askpass-main.js'), ('LC_MONETARY', 'zh_CN.UTF-8'), ('VSCODE_GIT_ASKPASS_NODE', '/usr/share/code/code'), ('MANAGERPID', '1149'), ('PYDEVD_DISABLE_FILE_VALIDATION', '1'), ('SYSTEMD_EXEC_PID', '1608'), ('BUNDLED_DEBUGPY_PATH', '/home/abc/.vscode/extensions/ms-python.debugpy-2025.18.0-linux-x64/bundled/libs/debugpy'), ('VSCODE_PYTHON_AUTOACTIVATE_GUARD', '1'), ('DBUS_SESSION_BUS_ADDRESS', 'unix:path=/run/user/1000/bus'), ('COLORTERM', 'truecolor'), ('GIO_LAUNCHED_DESKTOP_FILE_PID', '584985'), ('COLCON_PREFIX_PATH', '/home/abc/perception_with_ros2/install:/home/abc/planning_with_ros2/install'), ('ROS_DISTRO', 'humble'), ('GTK_IM_MODULE', 'ibus'), ('LOGNAME', 'abc'), ('JOURNAL_STREAM', '8:909'), ('_', '/usr/bin/colcon'), ('ROS_VERSION', '2'), ('XDG_SESSION_CLASS', 'user'), ('USERNAME', 'abc'), ('TERM', 'xterm-256color'), ('GNOME_DESKTOP_SESSION_ID', 'this-is-deprecated'), ('FC_FONTATIONS', '1'), ('ROS_LOCALHOST_ONLY', '0'), ('WINDOWPATH', '2'), ('PATH', '/home/abc/.config/Code/User/globalStorage/github.copilot-chat/debugCommand:/home/abc/.config/Code/User/globalStorage/github.copilot-chat/copilotCli:/opt/ros/humble/bin:/usr/local/sbin:/usr/local/bin:/usr/sbin:/usr/bin:/sbin:/bin:/usr/games:/usr/local/games:/snap/bin:/snap/bin:/home/abc/.vscode/extensions/ms-python.debugpy-2025.18.0-linux-x64/bundled/scripts/noConfigScripts'), ('SESSION_MANAGER', 'local/abc-G3-3500:@/tmp/.ICE-unix/1581,unix/abc-G3-3500:/tmp/.ICE-unix/1581'), ('INVOCATION_ID', 'c5577e6a91294bed97fcbd6a37e1442b'), ('PAPERSIZE', 'a4'), ('XDG_MENU_PREFIX', 'gnome-'), ('LC_ADDRESS', 'zh_CN.UTF-8'), ('XDG_RUNTIME_DIR', '/run/user/1000'), ('GDK_BACKEND', 'x11'), ('DISPLAY', ':0'), ('VSCODE_DEBUGPY_ADAPTER_ENDPOINTS', '/home/abc/.vscode/extensions/ms-python.debugpy-2025.18.0-linux-x64/.noConfigDebugAdapterEndpoints/endpoint-0370d1c5f2548263.txt'), ('LANG', 'en_US.UTF-8'), ('XDG_CURRENT_DESKTOP', 'ubuntu:GNOME'), ('PYTHONSTARTUP', '/home/abc/.config/Code/User/workspaceStorage/28936fba8b94055b776ffa577577e387/ms-python.python/pythonrc.py'), ('LC_TELEPHONE', 'zh_CN.UTF-8'), ('XMODIFIERS', '@im=ibus'), ('XDG_SESSION_DESKTOP', 'ubuntu'), ('XAUTHORITY', '/run/user/1000/gdm/Xauthority'), ('LS_COLORS', 'rs=0:di=01;34:ln=01;36:mh=00:pi=40;33:so=01;35:do=01;35:bd=40;33;01:cd=40;33;01:or=40;31;01:mi=00:su=37;41:sg=30;43:ca=30;41:tw=30;42:ow=34;42:st=37;44:ex=01;32:*.tar=01;31:*.tgz=01;31:*.arc=01;31:*.arj=01;31:*.taz=01;31:*.lha=01;31:*.lz4=01;31:*.lzh=01;31:*.lzma=01;31:*.tlz=01;31:*.txz=01;31:*.tzo=01;31:*.t7z=01;31:*.zip=01;31:*.z=01;31:*.dz=01;31:*.gz=01;31:*.lrz=01;31:*.lz=01;31:*.lzo=01;31:*.xz=01;31:*.zst=01;31:*.tzst=01;31:*.bz2=01;31:*.bz=01;31:*.tbz=01;31:*.tbz2=01;31:*.tz=01;31:*.deb=01;31:*.rpm=01;31:*.jar=01;31:*.war=01;31:*.ear=01;31:*.sar=01;31:*.rar=01;31:*.alz=01;31:*.ace=01;31:*.zoo=01;31:*.cpio=01;31:*.7z=01;31:*.rz=01;31:*.cab=01;31:*.wim=01;31:*.swm=01;31:*.dwm=01;31:*.esd=01;31:*.jpg=01;35:*.jpeg=01;35:*.mjpg=01;35:*.mjpeg=01;35:*.gif=01;35:*.bmp=01;35:*.pbm=01;35:*.pgm=01;35:*.ppm=01;35:*.tga=01;35:*.xbm=01;35:*.xpm=01;35:*.tif=01;35:*.tiff=01;35:*.png=01;35:*.svg=01;35:*.svgz=01;35:*.mng=01;35:*.pcx=01;35:*.mov=01;35:*.mpg=01;35:*.mpeg=01;35:*.m2v=01;35:*.mkv=01;35:*.webm=01;35:*.webp=01;35:*.ogm=01;35:*.mp4=01;35:*.m4v=01;35:*.mp4v=01;35:*.vob=01;35:*.qt=01;35:*.nuv=01;35:*.wmv=01;35:*.asf=01;35:*.rm=01;35:*.rmvb=01;35:*.flc=01;35:*.avi=01;35:*.fli=01;35:*.flv=01;35:*.gl=01;35:*.dl=01;35:*.xcf=01;35:*.xwd=01;35:*.yuv=01;35:*.cgm=01;35:*.emf=01;35:*.ogv=01;35:*.ogx=01;35:*.aac=00;36:*.au=00;36:*.flac=00;36:*.m4a=00;36:*.mid=00;36:*.midi=00;36:*.mka=00;36:*.mp3=00;36:*.mpc=00;36:*.ogg=00;36:*.ra=00;36:*.wav=00;36:*.oga=00;36:*.opus=00;36:*.spx=00;36:*.xspf=00;36:'), ('ROS2_PERCEPTION_COURSE_INSTALL', '/home/abc/perception_with_ros2/install'), ('VSCODE_GIT_IPC_HANDLE', '/run/user/1000/vscode-git-5e4b9a72ca.sock'), ('TERM_PROGRAM', 'vscode'), ('SSH_AGENT_LAUNCHER', 'gnome-keyring'), ('SSH_AUTH_SOCK', '/run/user/1000/keyring/ssh'), ('ROS_DOMAIN_ID', '2'), ('AMENT_PREFIX_PATH', '/home/abc/perception_with_ros2/install/perception:/home/abc/perception_with_ros2/install/data_plot_per:/home/abc/perception_with_ros2/install/base_msgs_per:/home/abc/planning_with_ros2/install/planning:/home/abc/planning_with_ros2/install/data_plot:/home/abc/planning_with_ros2/install/base_msgs:/opt/ros/humble'), ('SHELL', '/bin/bash'), ('LC_NAME', 'zh_CN.UTF-8'), ('QT_ACCESSIBILITY', '1'), ('GDMSESSION', 'ubuntu'), ('LESSCLOSE', '/usr/bin/lesspipe %s %s'), ('LC_MEASUREMENT', 'zh_CN.UTF-8'), ('GPG_AGENT_INFO', '/run/user/1000/gnupg/S.gpg-agent:0:1'), ('GJS_DEBUG_OUTPUT', 'stderr'), ('LC_IDENTIFICATION', 'zh_CN.UTF-8'), ('VSCODE_GIT_ASKPASS_EXTRA_ARGS', ''), ('QT_IM_MODULE', 'ibus'), ('PWD', '/home/abc/perception_with_ros2/build/base_msgs_per'), ('LC_ALL', 'en_US.UTF-8'), ('XDG_CONFIG_DIRS', '/etc/xdg/xdg-ubuntu:/etc/xdg'), ('XDG_DATA_DIRS', '/usr/share/ubuntu:/usr/share/gnome:/usr/local/share/:/usr/share/:/var/lib/snapd/desktop'), ('PYTHONPATH', '/home/abc/perception_with_ros2/install/data_plot_per/lib/python3.10/site-packages:/home/abc/perception_with_ros2/install/base_msgs_per/local/lib/python3.10/dist-packages:/home/abc/planning_with_ros2/install/data_plot/lib/python3.10/site-packages:/home/abc/planning_with_ros2/install/base_msgs/local/lib/python3.10/dist-packages:/opt/ros/humble/lib/python3.10/site-packages:/opt/ros/humble/local/lib/python3.10/dist-packages'), ('LC_NUMERIC', 'zh_CN.UTF-8'), ('LC_PAPER', 'zh_CN.UTF-8'), ('COLCON', '1'), ('CMAKE_PREFIX_PATH', '/home/abc/perception_with_ros2/install/perception:/home/abc/perception_with_ros2/install/base_msgs_per:/home/abc/planning_with_ros2/install/planning:/home/abc/planning_with_ros2/install/base_msgs:/home/abc/perception_with_ros2/install/data_plot_per:/home/abc/planning_with_ros2/install/data_plot:/opt/ros/humble')]), 'shell': False}
[0.040956] (base_msgs_per) StdoutLine: {'line': b'[  0%] Built target base_msgs_per__cpp\n'}
[0.044322] (base_msgs_per) StdoutLine: {'line': b'[  0%] Built target ament_cmake_python_copy_base_msgs_per\n'}
[0.044874] (base_msgs_per) StdoutLine: {'line': b'[ 12%] Built target base_msgs_per__rosidl_generator_c\n'}
[0.054358] (base_msgs_per) StdoutLine: {'line': b'[ 24%] Built target base_msgs_per__rosidl_typesupport_cpp\n'}
[0.057758] (base_msgs_per) StdoutLine: {'line': b'[ 36%] Built target base_msgs_per__rosidl_typesupport_c\n'}
[0.059256] (base_msgs_per) StdoutLine: {'line': b'[ 58%] Built target base_msgs_per__rosidl_typesupport_introspection_c\n'}
[0.059450] (base_msgs_per) StdoutLine: {'line': b'[ 60%] Built target base_msgs_per__rosidl_typesupport_introspection_cpp\n'}
[0.060557] (base_msgs_per) StdoutLine: {'line': b'[ 72%] Built target base_msgs_per__rosidl_typesupport_fastrtps_cpp\n'}
[0.066049] (base_msgs_per) StdoutLine: {'line': b'[ 84%] Built target base_msgs_per__rosidl_typesupport_fastrtps_c\n'}
[0.072892] (base_msgs_per) StdoutLine: {'line': b'[ 84%] Built target base_msgs_per\n'}
[0.080426] (base_msgs_per) StdoutLine: {'line': b'[ 85%] Built target base_msgs_per__py\n'}
[0.093268] (base_msgs_per) StdoutLine: {'line': b'[ 96%] Built target base_msgs_per__rosidl_generator_py\n'}
[0.099731] (-) TimerEvent: {}
[0.101757] (base_msgs_per) StdoutLine: {'line': b'[ 98%] Built target base_msgs_per__rosidl_typesupport_fastrtps_c__pyext\n'}
[0.101927] (base_msgs_per) StdoutLine: {'line': b'[100%] Built target base_msgs_per__rosidl_typesupport_introspection_c__pyext\n'}
[0.102002] (base_msgs_per) StdoutLine: {'line': b'[100%] Built target base_msgs_per__rosidl_typesupport_c__pyext\n'}
[0.199813] (-) TimerEvent: {}
[0.288205] (base_msgs_per) StdoutLine: {'line': b'running egg_info\n'}
[0.289402] (base_msgs_per) StdoutLine: {'line': b'writing base_msgs_per.egg-info/PKG-INFO\n'}
[0.289709] (base_msgs_per) StdoutLine: {'line': b'writing dependency_links to base_msgs_per.egg-info/dependency_links.txt\n'}
[0.289946] (base_msgs_per) StdoutLine: {'line': b'writing top-level names to base_msgs_per.egg-info/top_level.txt\n'}
[0.293445] (base_msgs_per) StdoutLine: {'line': b"reading manifest file 'base_msgs_per.egg-info/SOURCES.txt'\n"}
[0.294234] (base_msgs_per) StdoutLine: {'line': b"writing manifest file 'base_msgs_per.egg-info/SOURCES.txt'\n"}
[0.299983] (-) TimerEvent: {}
[0.326630] (base_msgs_per) StdoutLine: {'line': b'[100%] Built target ament_cmake_python_build_base_msgs_per_egg\n'}
[0.332738] (base_msgs_per) CommandEnded: {'returncode': 0}
[0.333862] (base_msgs_per) JobProgress: {'identifier': 'base_msgs_per', 'progress': 'install'}
[0.336895] (base_msgs_per) Command: {'cmd': ['/usr/local/bin/cmake', '--install', '/home/abc/perception_with_ros2/build/base_msgs_per'], 'cwd': '/home/abc/perception_with_ros2/build/base_msgs_per', 'env': OrderedDict([('GJS_DEBUG_TOPICS', 'JS ERROR;JS LOG'), ('PYTHON_BASIC_REPL', '1'), ('LESSOPEN', '| /usr/bin/lesspipe %s'), ('LANGUAGE', 'en_US:en'), ('USER', 'abc'), ('LC_TIME', 'zh_CN.UTF-8'), ('XDG_SESSION_TYPE', 'x11'), ('GIT_ASKPASS', '/usr/share/code/resources/app/extensions/git/dist/askpass.sh'), ('SHLVL', '1'), ('LD_LIBRARY_PATH', '/home/abc/perception_with_ros2/install/perception/lib:/home/abc/perception_with_ros2/install/perception/lib:/home/abc/perception_with_ros2/install/perception/lib:/home/abc/perception_with_ros2/install/base_msgs_per/lib:/home/abc/planning_with_ros2/install/planning/lib:/home/abc/planning_with_ros2/install/base_msgs/lib:/usr/lib/x86_64-linux-gnu/gazebo-11/plugins:/opt/ros/humble/opt/rviz_ogre_vendor/lib:/opt/ros/humble/lib/x86_64-linux-gnu:/opt/ros/humble/lib'), ('HOME', '/home/abc'), ('CHROME_DESKTOP', 'code.desktop'), ('TERM_PROGRAM_VERSION', '1.108.0'), ('DESKTOP_SESSION', 'ubuntu'), ('GIO_LAUNCHED_DESKTOP_FILE', '/usr/share/applications/code.desktop'), ('ROS_PYTHON_VERSION', '3'), ('GNOME_SHELL_SESSION_MODE', 'ubuntu'), ('GTK_MODULES', 'gail:atk-bridge'), ('VSCODE_GIT_ASKPASS_MAIN', '/usr/share/code/resources/app/extensions/git/dist/askpass-main.js'), ('LC_MONETARY', 'zh_CN.UTF-8'), ('VSCODE_GIT_ASKPASS_NODE', '/usr/share/code/code'), ('MANAGERPID', '1149'), ('PYDEVD_DISABLE_FILE_VALIDATION', '1'), ('SYSTEMD_EXEC_PID', '1608'), ('BUNDLED_DEBUGPY_PATH', '/home/abc/.vscode/extensions/ms-python.debugpy-2025.18.0-linux-x64/bundled/libs/debugpy'), ('VSCODE_PYTHON_AUTOACTIVATE_GUARD', '1'), ('DBUS_SESSION_BUS_ADDRESS', 'unix:path=/run/user/1000/bus'), ('COLORTERM', 'truecolor'), ('GIO_LAUNCHED_DESKTOP_FILE_PID', '584985'), ('COLCON_PREFIX_PATH', '/home/abc/perception_with_ros2/install:/home/abc/planning_with_ros2/install'), ('ROS_DISTRO', 'humble'), ('GTK_IM_MODULE', 'ibus'), ('LOGNAME', 'abc'), ('JOURNAL_STREAM', '8:909'), ('_', '/usr/bin/colcon'), ('ROS_VERSION', '2'), ('XDG_SESSION_CLASS', 'user'), ('USERNAME', 'abc'), ('TERM', 'xterm-256color'), ('GNOME_DESKTOP_SESSION_ID', 'this-is-deprecated'), ('FC_FONTATIONS', '1'), ('ROS_LOCALHOST_ONLY', '0'), ('WINDOWPATH', '2'), ('PATH', '/home/abc/.config/Code/User/globalStorage/github.copilot-chat/debugCommand:/home/abc/.config/Code/User/globalStorage/github.copilot-chat/copilotCli:/opt/ros/humble/bin:/usr/local/sbin:/usr/local/bin:/usr/sbin:/usr/bin:/sbin:/bin:/usr/games:/usr/local/games:/snap/bin:/snap/bin:/home/abc/.vscode/extensions/ms-python.debugpy-2025.18.0-linux-x64/bundled/scripts/noConfigScripts'), ('SESSION_MANAGER', 'local/abc-G3-3500:@/tmp/.ICE-unix/1581,unix/abc-G3-3500:/tmp/.ICE-unix/1581'), ('INVOCATION_ID', 'c5577e6a91294bed97fcbd6a37e1442b'), ('PAPERSIZE', 'a4'), ('XDG_MENU_PREFIX', 'gnome-'), ('LC_ADDRESS', 'zh_CN.UTF-8'), ('XDG_RUNTIME_DIR', '/run/user/1000'), ('GDK_BACKEND', 'x11'), ('DISPLAY', ':0'), ('VSCODE_DEBUGPY_ADAPTER_ENDPOINTS', '/home/abc/.vscode/extensions/ms-python.debugpy-2025.18.0-linux-x64/.noConfigDebugAdapterEndpoints/endpoint-0370d1c5f2548263.txt'), ('LANG', 'en_US.UTF-8'), ('XDG_CURRENT_DESKTOP', 'ubuntu:GNOME'), ('PYTHONSTARTUP', '/home/abc/.config/Code/User/workspaceStorage/28936fba8b94055b776ffa577577e387/ms-python.python/pythonrc.py'), ('LC_TELEPHONE', 'zh_CN.UTF-8'), ('XMODIFIERS', '@im=ibus'), ('XDG_SESSION_DESKTOP', 'ubuntu'), ('XAUTHORITY', '/run/user/1000/gdm/Xauthority'), ('LS_COLORS', 'rs=0:di=01;34:ln=01;36:mh=00:pi=40;33:so=01;35:do=01;35:bd=40;33;01:cd=40;33;01:or=40;31;01:mi=00:su=37;41:sg=30;43:ca=30;41:tw=30;42:ow=34;42:st=37;44:ex=01;32:*.tar=01;31:*.tgz=01;31:*.arc=01;31:*.arj=01;31:*.taz=01;31:*.lha=01;31:*.lz4=01;31:*.lzh=01;31:*.lzma=01;31:*.tlz=01;31:*.txz=01;31:*.tzo=01;31:*.t7z=01;31:*.zip=01;31:*.z=01;31:*.dz=01;31:*.gz=01;31:*.lrz=01;31:*.lz=01;31:*.lzo=01;31:*.xz=01;31:*.zst=01;31:*.tzst=01;31:*.bz2=01;31:*.bz=01;31:*.tbz=01;31:*.tbz2=01;31:*.tz=01;31:*.deb=01;31:*.rpm=01;31:*.jar=01;31:*.war=01;31:*.ear=01;31:*.sar=01;31:*.rar=01;31:*.alz=01;31:*.ace=01;31:*.zoo=01;31:*.cpio=01;31:*.7z=01;31:*.rz=01;31:*.cab=01;31:*.wim=01;31:*.swm=01;31:*.dwm=01;31:*.esd=01;31:*.jpg=01;35:*.jpeg=01;35:*.mjpg=01;35:*.mjpeg=01;35:*.gif=01;35:*.bmp=01;35:*.pbm=01;35:*.pgm=01;35:*.ppm=01;35:*.tga=01;35:*.xbm=01;35:*.xpm=01;35:*.tif=01;35:*.tiff=01;35:*.png=01;35:*.svg=01;35:*.svgz=01;35:*.mng=01;35:*.pcx=01;35:*.mov=01;35:*.mpg=01;35:*.mpeg=01;35:*.m2v=01;35:*.mkv=01;35:*.webm=01;35:*.webp=01;35:*.ogm=01;35:*.mp4=01;35:*.m4v=01;35:*.mp4v=01;35:*.vob=01;35:*.qt=01;35:*.nuv=01;35:*.wmv=01;35:*.asf=01;35:*.rm=01;35:*.rmvb=01;35:*.flc=01;35:*.avi=01;35:*.fli=01;35:*.flv=01;35:*.gl=01;35:*.dl=01;35:*.xcf=01;35:*.xwd=01;35:*.yuv=01;35:*.cgm=01;35:*.emf=01;35:*.ogv=01;35:*.ogx=01;35:*.aac=00;36:*.au=00;36:*.flac=00;36:*.m4a=00;36:*.mid=00;36:*.midi=00;36:*.mka=00;36:*.mp3=00;36:*.mpc=00;36:*.ogg=00;36:*.ra=00;36:*.wav=00;36:*.oga=00;36:*.opus=00;36:*.spx=00;36:*.xspf=00;36:'), ('ROS2_PERCEPTION_COURSE_INSTALL', '/home/abc/perception_with_ros2/install'), ('VSCODE_GIT_IPC_HANDLE', '/run/user/1000/vscode-git-5e4b9a72ca.sock'), ('TERM_PROGRAM', 'vscode'), ('SSH_AGENT_LAUNCHER', 'gnome-keyring'), ('SSH_AUTH_SOCK', '/run/user/1000/keyring/ssh'), ('ROS_DOMAIN_ID', '2'), ('AMENT_PREFIX_PATH', '/home/abc/perception_with_ros2/install/perception:/home/abc/perception_with_ros2/install/data_plot_per:/home/abc/perception_with_ros2/install/base_msgs_per:/home/abc/planning_with_ros2/install/planning:/home/abc/planning_with_ros2/install/data_plot:/home/abc/planning_with_ros2/install/base_msgs:/opt/ros/humble'), ('SHELL', '/bin/bash'), ('LC_NAME', 'zh_CN.UTF-8'), ('QT_ACCESSIBILITY', '1'), ('GDMSESSION', 'ubuntu'), ('LESSCLOSE', '/usr/bin/lesspipe %s %s'), ('LC_MEASUREMENT', 'zh_CN.UTF-8'), ('GPG_AGENT_INFO', '/run/user/1000/gnupg/S.gpg-agent:0:1'), ('GJS_DEBUG_OUTPUT', 'stderr'), ('LC_IDENTIFICATION', 'zh_CN.UTF-8'), ('VSCODE_GIT_ASKPASS_EXTRA_ARGS', ''), ('QT_IM_MODULE', 'ibus'), ('PWD', '/home/abc/perception_with_ros2/build/base_msgs_per'), ('LC_ALL', 'en_US.UTF-8'), ('XDG_CONFIG_DIRS', '/etc/xdg/xdg-ubuntu:/etc/xdg'), ('XDG_DATA_DIRS', '/usr/share/ubuntu:/usr/share/gnome:/usr/local/share/:/usr/share/:/var/lib/snapd/desktop'), ('PYTHONPATH', '/home/abc/perception_with_ros2/install/data_plot_per/lib/python3.10/site-packages:/home/abc/perception_with_ros2/install/base_msgs_per/local/lib/python3.10/dist-packages:/home/abc/planning_with_ros2/install/data_plot/lib/python3.10/site-packages:/home/abc/planning_with_ros2/install/base_msgs/local/lib/python3.10/dist-packages:/opt/ros/humble/lib/python3.10/site-packages:/opt/ros/humble/local/lib/python3.10/dist-packages'), ('LC_NUMERIC', 'zh_CN.UTF-8'), ('LC_PAPER', 'zh_CN.UTF-8'), ('COLCON', '1'), ('CMAKE_PREFIX_PATH', '/home/abc/perception_with_ros2/install/perception:/home/abc/perception_with_ros2/install/base_msgs_per:/home/abc/planning_with_ros2/install/planning:/home/abc/planning_with_ros2/install/base_msgs:/home/abc/perception_with_ros2/install/data_plot_per:/home/abc/planning_with_ros2/install/data_plot:/opt/ros/humble')]), 'shell': False}
[0.340281] (base_msgs_per) StdoutLine: {'line': b'-- Install configuration: ""\n'}
[0.340653] (base_msgs_per) StdoutLine: {'line': b'-- Up-to-date: /home/abc/perception_with_ros2/install/base_msgs_per/share/ament_index/resource_index/rosidl_interfaces/base_msgs_per\n'}
[0.340819] (base_msgs_per) StdoutLine: {'line': b'-- Up-to-date: /home/abc/perception_with_ros2/install/base_msgs_per/include/base_msgs_per/base_msgs_per\n'}
[0.340919] (base_msgs_per) StdoutLine: {'line': b'-- Up-to-date: /home/abc/perception_with_ros2/install/base_msgs_per/include/base_msgs_per/base_msgs_per/msg\n'}
[0.340991] (base_msgs_per) StdoutLine: {'line': b'-- Up-to-date: /home/abc/perception_with_ros2/install/base_msgs_per/include/base_msgs_per/base_msgs_per/msg/pnc_map.h\n'}
[0.341059] (base_msgs_per) StdoutLine: {'line': b'-- Up-to-date: /home/abc/perception_with_ros2/install/base_msgs_per/include/base_msgs_per/base_msgs_per/msg/local_trajectory_point.h\n'}
[0.341125] (base_msgs_per) StdoutLine: {'line': b'-- Up-to-date: /home/abc/perception_with_ros2/install/base_msgs_per/include/base_msgs_per/base_msgs_per/msg/plot_info.h\n'}
[0.341191] (base_msgs_per) StdoutLine: {'line': b'-- Up-to-date: /home/abc/perception_with_ros2/install/base_msgs_per/include/base_msgs_per/base_msgs_per/msg/rosidl_generator_c__visibility_control.h\n'}
[0.341257] (base_msgs_per) StdoutLine: {'line': b'-- Up-to-date: /home/abc/perception_with_ros2/install/base_msgs_per/include/base_msgs_per/base_msgs_per/msg/local_path.h\n'}
[0.341322] (base_msgs_per) StdoutLine: {'line': b'-- Up-to-date: /home/abc/perception_with_ros2/install/base_msgs_per/include/base_msgs_per/base_msgs_per/msg/detail\n'}
[0.341387] (base_msgs_per) StdoutLine: {'line': b'-- Up-to-date: /home/abc/perception_with_ros2/install/base_msgs_per/include/base_msgs_per/base_msgs_per/msg/detail/obs_info__type_support.h\n'}
[0.341452] (base_msgs_per) StdoutLine: {'line': b'-- Up-to-date: /home/abc/perception_with_ros2/install/base_msgs_per/include/base_msgs_per/base_msgs_per/msg/detail/local_speeds__functions.c\n'}
[0.341517] (base_msgs_per) StdoutLine: {'line': b'-- Up-to-date: /home/abc/perception_with_ros2/install/base_msgs_per/include/base_msgs_per/base_msgs_per/msg/detail/local_speeds_point__struct.h\n'}
[0.341874] (base_msgs_per) StdoutLine: {'line': b'-- Up-to-date: /home/abc/perception_with_ros2/install/base_msgs_per/include/base_msgs_per/base_msgs_per/msg/detail/referline_point__type_support.h\n'}
[0.341959] (base_msgs_per) StdoutLine: {'line': b'-- Up-to-date: /home/abc/perception_with_ros2/install/base_msgs_per/include/base_msgs_per/base_msgs_per/msg/detail/obs_info__struct.h\n'}
[0.342043] (base_msgs_per) StdoutLine: {'line': b'-- Up-to-date: /home/abc/perception_with_ros2/install/base_msgs_per/include/base_msgs_per/base_msgs_per/msg/detail/referline__struct.h\n'}
[0.342111] (base_msgs_per) StdoutLine: {'line': b'-- Up-to-date: /home/abc/perception_with_ros2/install/base_msgs_per/include/base_msgs_per/base_msgs_per/msg/detail/local_speeds__functions.h\n'}
[0.342176] (base_msgs_per) StdoutLine: {'line': b'-- Up-to-date: /home/abc/perception_with_ros2/install/base_msgs_per/include/base_msgs_per/base_msgs_per/msg/detail/local_path_point__functions.h\n'}
[0.342242] (base_msgs_per) StdoutLine: {'line': b'-- Up-to-date: /home/abc/perception_with_ros2/install/base_msgs_per/include/base_msgs_per/base_msgs_per/msg/detail/pnc_map__struct.h\n'}
[0.342306] (base_msgs_per) StdoutLine: {'line': b'-- Up-to-date: /home/abc/perception_with_ros2/install/base_msgs_per/include/base_msgs_per/base_msgs_per/msg/detail/plot_info__struct.h\n'}
[0.342371] (base_msgs_per) StdoutLine: {'line': b'-- Up-to-date: /home/abc/perception_with_ros2/install/base_msgs_per/include/base_msgs_per/base_msgs_per/msg/detail/local_path_point__struct.h\n'}
[0.342479] (base_msgs_per) StdoutLine: {'line': b'-- Up-to-date: /home/abc/perception_with_ros2/install/base_msgs_per/include/base_msgs_per/base_msgs_per/msg/detail/local_path__struct.h\n'}
[0.342600] (base_msgs_per) StdoutLine: {'line': b'-- Up-to-date: /home/abc/perception_with_ros2/install/base_msgs_per/include/base_msgs_per/base_msgs_per/msg/detail/obs_info__functions.h\n'}
[0.342809] (base_msgs_per) StdoutLine: {'line': b'-- Up-to-date: /home/abc/perception_with_ros2/install/base_msgs_per/include/base_msgs_per/base_msgs_per/msg/detail/obs_info__functions.c\n'}
[0.342875] (base_msgs_per) StdoutLine: {'line': b'-- Up-to-date: /home/abc/perception_with_ros2/install/base_msgs_per/include/base_msgs_per/base_msgs_per/msg/detail/local_speeds__struct.h\n'}
[0.342943] (base_msgs_per) StdoutLine: {'line': b'-- Up-to-date: /home/abc/perception_with_ros2/install/base_msgs_per/include/base_msgs_per/base_msgs_per/msg/detail/referline__functions.h\n'}
[0.343012] (base_msgs_per) StdoutLine: {'line': b'-- Up-to-date: /home/abc/perception_with_ros2/install/base_msgs_per/include/base_msgs_per/base_msgs_per/msg/detail/local_trajectory__type_support.h\n'}
[0.343081] (base_msgs_per) StdoutLine: {'line': b'-- Up-to-date: /home/abc/perception_with_ros2/install/base_msgs_per/include/base_msgs_per/base_msgs_per/msg/detail/local_trajectory__functions.h\n'}
[0.343157] (base_msgs_per) StdoutLine: {'line': b'-- Up-to-date: /home/abc/perception_with_ros2/install/base_msgs_per/include/base_msgs_per/base_msgs_per/msg/detail/local_path_point__type_support.h\n'}
[0.343233] (base_msgs_per) StdoutLine: {'line': b'-- Up-to-date: /home/abc/perception_with_ros2/install/base_msgs_per/include/base_msgs_per/base_msgs_per/msg/detail/local_path_point__functions.c\n'}
[0.343311] (base_msgs_per) StdoutLine: {'line': b'-- Up-to-date: /home/abc/perception_with_ros2/install/base_msgs_per/include/base_msgs_per/base_msgs_per/msg/detail/referline__type_support.h\n'}
[0.343388] (base_msgs_per) StdoutLine: {'line': b'-- Up-to-date: /home/abc/perception_with_ros2/install/base_msgs_per/include/base_msgs_per/base_msgs_per/msg/detail/local_trajectory_point__functions.c\n'}
[0.343467] (base_msgs_per) StdoutLine: {'line': b'-- Up-to-date: /home/abc/perception_with_ros2/install/base_msgs_per/include/base_msgs_per/base_msgs_per/msg/detail/local_trajectory_point__functions.h\n'}
[0.343560] (base_msgs_per) StdoutLine: {'line': b'-- Up-to-date: /home/abc/perception_with_ros2/install/base_msgs_per/include/base_msgs_per/base_msgs_per/msg/detail/local_path__functions.h\n'}
[0.343798] (base_msgs_per) StdoutLine: {'line': b'-- Up-to-date: /home/abc/perception_with_ros2/install/base_msgs_per/include/base_msgs_per/base_msgs_per/msg/detail/pnc_map__functions.c\n'}
[0.343866] (base_msgs_per) StdoutLine: {'line': b'-- Up-to-date: /home/abc/perception_with_ros2/install/base_msgs_per/include/base_msgs_per/base_msgs_per/msg/detail/referline__functions.c\n'}
[0.344027] (base_msgs_per) StdoutLine: {'line': b'-- Up-to-date: /home/abc/perception_with_ros2/install/base_msgs_per/include/base_msgs_per/base_msgs_per/msg/detail/referline_point__struct.h\n'}
[0.344111] (base_msgs_per) StdoutLine: {'line': b'-- Up-to-date: /home/abc/perception_with_ros2/install/base_msgs_per/include/base_msgs_per/base_msgs_per/msg/detail/local_trajectory__struct.h\n'}
[0.344184] (base_msgs_per) StdoutLine: {'line': b'-- Up-to-date: /home/abc/perception_with_ros2/install/base_msgs_per/include/base_msgs_per/base_msgs_per/msg/detail/local_speeds_point__type_support.h\n'}
[0.344250] (base_msgs_per) StdoutLine: {'line': b'-- Up-to-date: /home/abc/perception_with_ros2/install/base_msgs_per/include/base_msgs_per/base_msgs_per/msg/detail/local_speeds_point__functions.h\n'}
[0.344323] (base_msgs_per) StdoutLine: {'line': b'-- Up-to-date: /home/abc/perception_with_ros2/install/base_msgs_per/include/base_msgs_per/base_msgs_per/msg/detail/local_trajectory_point__struct.h\n'}
[0.344454] (base_msgs_per) StdoutLine: {'line': b'-- Up-to-date: /home/abc/perception_with_ros2/install/base_msgs_per/include/base_msgs_per/base_msgs_per/msg/detail/local_path__functions.c\n'}
[0.344550] (base_msgs_per) StdoutLine: {'line': b'-- Up-to-date: /home/abc/perception_with_ros2/install/base_msgs_per/include/base_msgs_per/base_msgs_per/msg/detail/plot_info__functions.c\n'}
[0.344833] (base_msgs_per) StdoutLine: {'line': b'-- Up-to-date: /home/abc/perception_with_ros2/install/base_msgs_per/include/base_msgs_per/base_msgs_per/msg/detail/local_trajectory__functions.c\n'}
[0.344924] (base_msgs_per) StdoutLine: {'line': b'-- Up-to-date: /home/abc/perception_with_ros2/install/base_msgs_per/include/base_msgs_per/base_msgs_per/msg/detail/local_speeds__type_support.h\n'}
[0.345031] (base_msgs_per) StdoutLine: {'line': b'-- Up-to-date: /home/abc/perception_with_ros2/install/base_msgs_per/include/base_msgs_per/base_msgs_per/msg/detail/plot_info__type_support.h\n'}
[0.345117] (base_msgs_per) StdoutLine: {'line': b'-- Up-to-date: /home/abc/perception_with_ros2/install/base_msgs_per/include/base_msgs_per/base_msgs_per/msg/detail/referline_point__functions.c\n'}
[0.345196] (base_msgs_per) StdoutLine: {'line': b'-- Up-to-date: /home/abc/perception_with_ros2/install/base_msgs_per/include/base_msgs_per/base_msgs_per/msg/detail/local_path__type_support.h\n'}
[0.345273] (base_msgs_per) StdoutLine: {'line': b'-- Up-to-date: /home/abc/perception_with_ros2/install/base_msgs_per/include/base_msgs_per/base_msgs_per/msg/detail/plot_info__functions.h\n'}
[0.345368] (base_msgs_per) StdoutLine: {'line': b'-- Up-to-date: /home/abc/perception_with_ros2/install/base_msgs_per/include/base_msgs_per/base_msgs_per/msg/detail/pnc_map__type_support.h\n'}
[0.345445] (base_msgs_per) StdoutLine: {'line': b'-- Up-to-date: /home/abc/perception_with_ros2/install/base_msgs_per/include/base_msgs_per/base_msgs_per/msg/detail/pnc_map__functions.h\n'}
[0.345523] (base_msgs_per) StdoutLine: {'line': b'-- Up-to-date: /home/abc/perception_with_ros2/install/base_msgs_per/include/base_msgs_per/base_msgs_per/msg/detail/local_trajectory_point__type_support.h\n'}
[0.345868] (base_msgs_per) StdoutLine: {'line': b'-- Up-to-date: /home/abc/perception_with_ros2/install/base_msgs_per/include/base_msgs_per/base_msgs_per/msg/detail/local_speeds_point__functions.c\n'}
[0.345964] (base_msgs_per) StdoutLine: {'line': b'-- Up-to-date: /home/abc/perception_with_ros2/install/base_msgs_per/include/base_msgs_per/base_msgs_per/msg/detail/referline_point__functions.h\n'}
[0.346053] (base_msgs_per) StdoutLine: {'line': b'-- Up-to-date: /home/abc/perception_with_ros2/install/base_msgs_per/include/base_msgs_per/base_msgs_per/msg/referline_point.h\n'}
[0.346132] (base_msgs_per) StdoutLine: {'line': b'-- Up-to-date: /home/abc/perception_with_ros2/install/base_msgs_per/include/base_msgs_per/base_msgs_per/msg/obs_info.h\n'}
[0.346212] (base_msgs_per) StdoutLine: {'line': b'-- Up-to-date: /home/abc/perception_with_ros2/install/base_msgs_per/include/base_msgs_per/base_msgs_per/msg/referline.h\n'}
[0.346305] (base_msgs_per) StdoutLine: {'line': b'-- Up-to-date: /home/abc/perception_with_ros2/install/base_msgs_per/include/base_msgs_per/base_msgs_per/msg/local_speeds_point.h\n'}
[0.346385] (base_msgs_per) StdoutLine: {'line': b'-- Up-to-date: /home/abc/perception_with_ros2/install/base_msgs_per/include/base_msgs_per/base_msgs_per/msg/local_speeds.h\n'}
[0.346460] (base_msgs_per) StdoutLine: {'line': b'-- Up-to-date: /home/abc/perception_with_ros2/install/base_msgs_per/include/base_msgs_per/base_msgs_per/msg/local_trajectory.h\n'}
[0.346526] (base_msgs_per) StdoutLine: {'line': b'-- Up-to-date: /home/abc/perception_with_ros2/install/base_msgs_per/include/base_msgs_per/base_msgs_per/msg/local_path_point.h\n'}
[0.346663] (base_msgs_per) StdoutLine: {'line': b'-- Up-to-date: /home/abc/perception_with_ros2/install/base_msgs_per/include/base_msgs_per/base_msgs_per/srv\n'}
[0.346732] (base_msgs_per) StdoutLine: {'line': b'-- Up-to-date: /home/abc/perception_with_ros2/install/base_msgs_per/include/base_msgs_per/base_msgs_per/srv/detail\n'}
[0.346796] (base_msgs_per) StdoutLine: {'line': b'-- Up-to-date: /home/abc/perception_with_ros2/install/base_msgs_per/include/base_msgs_per/base_msgs_per/srv/detail/global_path_service__functions.h\n'}
[0.346868] (base_msgs_per) StdoutLine: {'line': b'-- Up-to-date: /home/abc/perception_with_ros2/install/base_msgs_per/include/base_msgs_per/base_msgs_per/srv/detail/pnc_map_service__struct.h\n'}
[0.346941] (base_msgs_per) StdoutLine: {'line': b'-- Up-to-date: /home/abc/perception_with_ros2/install/base_msgs_per/include/base_msgs_per/base_msgs_per/srv/detail/pnc_map_service__functions.c\n'}
[0.347018] (base_msgs_per) StdoutLine: {'line': b'-- Up-to-date: /home/abc/perception_with_ros2/install/base_msgs_per/include/base_msgs_per/base_msgs_per/srv/detail/global_path_service__type_support.h\n'}
[0.347094] (base_msgs_per) StdoutLine: {'line': b'-- Up-to-date: /home/abc/perception_with_ros2/install/base_msgs_per/include/base_msgs_per/base_msgs_per/srv/detail/global_path_service__struct.h\n'}
[0.347172] (base_msgs_per) StdoutLine: {'line': b'-- Up-to-date: /home/abc/perception_with_ros2/install/base_msgs_per/include/base_msgs_per/base_msgs_per/srv/detail/pnc_map_service__type_support.h\n'}
[0.347309] (base_msgs_per) StdoutLine: {'line': b'-- Up-to-date: /home/abc/perception_with_ros2/install/base_msgs_per/include/base_msgs_per/base_msgs_per/srv/detail/global_path_service__functions.c\n'}
[0.347387] (base_msgs_per) StdoutLine: {'line': b'-- Up-to-date: /home/abc/perception_with_ros2/install/base_msgs_per/include/base_msgs_per/base_msgs_per/srv/detail/pnc_map_service__functions.h\n'}
[0.347460] (base_msgs_per) StdoutLine: {'line': b'-- Up-to-date: /home/abc/perception_with_ros2/install/base_msgs_per/include/base_msgs_per/base_msgs_per/srv/pnc_map_service.h\n'}
[0.347525] (base_msgs_per) StdoutLine: {'line': b'-- Up-to-date: /home/abc/perception_with_ros2/install/base_msgs_per/include/base_msgs_per/base_msgs_per/srv/global_path_service.h\n'}
[0.347882] (base_msgs_per) StdoutLine: {'line': b'-- Up-to-date: /home/abc/perception_with_ros2/install/base_msgs_per/share/base_msgs_per/environment/library_path.sh\n'}
[0.347953] (base_msgs_per) StdoutLine: {'line': b'-- Up-to-date: /home/abc/perception_with_ros2/install/base_msgs_per/share/base_msgs_per/environment/library_path.dsv\n'}
[0.348018] (base_msgs_per) StdoutLine: {'line': b'-- Up-to-date: /home/abc/perception_with_ros2/install/base_msgs_per/lib/libbase_msgs_per__rosidl_generator_c.so\n'}
[0.348089] (base_msgs_per) StdoutLine: {'line': b'-- Up-to-date: /home/abc/perception_with_ros2/install/base_msgs_per/include/base_msgs_per/base_msgs_per\n'}
[0.348161] (base_msgs_per) StdoutLine: {'line': b'-- Up-to-date: /home/abc/perception_with_ros2/install/base_msgs_per/include/base_msgs_per/base_msgs_per/msg\n'}
[0.348255] (base_msgs_per) StdoutLine: {'line': b'-- Up-to-date: /home/abc/perception_with_ros2/install/base_msgs_per/include/base_msgs_per/base_msgs_per/msg/rosidl_typesupport_fastrtps_c__visibility_control.h\n'}
[0.348320] (base_msgs_per) StdoutLine: {'line': b'-- Up-to-date: /home/abc/perception_with_ros2/install/base_msgs_per/include/base_msgs_per/base_msgs_per/msg/detail\n'}
[0.348400] (base_msgs_per) StdoutLine: {'line': b'-- Up-to-date: /home/abc/perception_with_ros2/install/base_msgs_per/include/base_msgs_per/base_msgs_per/msg/detail/obs_info__rosidl_typesupport_fastrtps_c.h\n'}
[0.348469] (base_msgs_per) StdoutLine: {'line': b'-- Up-to-date: /home/abc/perception_with_ros2/install/base_msgs_per/include/base_msgs_per/base_msgs_per/msg/detail/local_trajectory_point__rosidl_typesupport_fastrtps_c.h\n'}
[0.348574] (base_msgs_per) StdoutLine: {'line': b'-- Up-to-date: /home/abc/perception_with_ros2/install/base_msgs_per/include/base_msgs_per/base_msgs_per/msg/detail/local_speeds__rosidl_typesupport_fastrtps_c.h\n'}
[0.348644] (base_msgs_per) StdoutLine: {'line': b'-- Up-to-date: /home/abc/perception_with_ros2/install/base_msgs_per/include/base_msgs_per/base_msgs_per/msg/detail/local_speeds_point__rosidl_typesupport_fastrtps_c.h\n'}
[0.348704] (base_msgs_per) StdoutLine: {'line': b'-- Up-to-date: /home/abc/perception_with_ros2/install/base_msgs_per/include/base_msgs_per/base_msgs_per/msg/detail/plot_info__rosidl_typesupport_fastrtps_c.h\n'}
[0.348795] (base_msgs_per) StdoutLine: {'line': b'-- Up-to-date: /home/abc/perception_with_ros2/install/base_msgs_per/include/base_msgs_per/base_msgs_per/msg/detail/local_trajectory__rosidl_typesupport_fastrtps_c.h\n'}
[0.348865] (base_msgs_per) StdoutLine: {'line': b'-- Up-to-date: /home/abc/perception_with_ros2/install/base_msgs_per/include/base_msgs_per/base_msgs_per/msg/detail/local_path_point__rosidl_typesupport_fastrtps_c.h\n'}
[0.348981] (base_msgs_per) StdoutLine: {'line': b'-- Up-to-date: /home/abc/perception_with_ros2/install/base_msgs_per/include/base_msgs_per/base_msgs_per/msg/detail/referline_point__rosidl_typesupport_fastrtps_c.h\n'}
[0.349057] (base_msgs_per) StdoutLine: {'line': b'-- Up-to-date: /home/abc/perception_with_ros2/install/base_msgs_per/include/base_msgs_per/base_msgs_per/msg/detail/pnc_map__rosidl_typesupport_fastrtps_c.h\n'}
[0.349185] (base_msgs_per) StdoutLine: {'line': b'-- Up-to-date: /home/abc/perception_with_ros2/install/base_msgs_per/include/base_msgs_per/base_msgs_per/msg/detail/referline__rosidl_typesupport_fastrtps_c.h\n'}
[0.349316] (base_msgs_per) StdoutLine: {'line': b'-- Up-to-date: /home/abc/perception_with_ros2/install/base_msgs_per/include/base_msgs_per/base_msgs_per/msg/detail/local_path__rosidl_typesupport_fastrtps_c.h\n'}
[0.349470] (base_msgs_per) StdoutLine: {'line': b'-- Up-to-date: /home/abc/perception_with_ros2/install/base_msgs_per/include/base_msgs_per/base_msgs_per/srv\n'}
[0.349552] (base_msgs_per) StdoutLine: {'line': b'-- Up-to-date: /home/abc/perception_with_ros2/install/base_msgs_per/include/base_msgs_per/base_msgs_per/srv/detail\n'}
[0.349620] (base_msgs_per) StdoutLine: {'line': b'-- Up-to-date: /home/abc/perception_with_ros2/install/base_msgs_per/include/base_msgs_per/base_msgs_per/srv/detail/pnc_map_service__rosidl_typesupport_fastrtps_c.h\n'}
[0.349682] (base_msgs_per) StdoutLine: {'line': b'-- Up-to-date: /home/abc/perception_with_ros2/install/base_msgs_per/include/base_msgs_per/base_msgs_per/srv/detail/global_path_service__rosidl_typesupport_fastrtps_c.h\n'}
[0.349742] (base_msgs_per) StdoutLine: {'line': b'-- Up-to-date: /home/abc/perception_with_ros2/install/base_msgs_per/lib/libbase_msgs_per__rosidl_typesupport_fastrtps_c.so\n'}
[0.349806] (base_msgs_per) StdoutLine: {'line': b'-- Up-to-date: /home/abc/perception_with_ros2/install/base_msgs_per/include/base_msgs_per/base_msgs_per\n'}
[0.349866] (base_msgs_per) StdoutLine: {'line': b'-- Up-to-date: /home/abc/perception_with_ros2/install/base_msgs_per/include/base_msgs_per/base_msgs_per/msg\n'}
[0.349925] (base_msgs_per) StdoutLine: {'line': b'-- Up-to-date: /home/abc/perception_with_ros2/install/base_msgs_per/include/base_msgs_per/base_msgs_per/msg/rosidl_typesupport_introspection_c__visibility_control.h\n'}
[0.349985] (base_msgs_per) StdoutLine: {'line': b'-- Up-to-date: /home/abc/perception_with_ros2/install/base_msgs_per/include/base_msgs_per/base_msgs_per/msg/detail\n'}
[0.350049] (base_msgs_per) StdoutLine: {'line': b'-- Up-to-date: /home/abc/perception_with_ros2/install/base_msgs_per/include/base_msgs_per/base_msgs_per/msg/detail/local_trajectory__type_support.c\n'}
[0.350108] (base_msgs_per) StdoutLine: {'line': b'-- Up-to-date: /home/abc/perception_with_ros2/install/base_msgs_per/include/base_msgs_per/base_msgs_per/msg/detail/local_path_point__rosidl_typesupport_introspection_c.h\n'}
[0.350167] (base_msgs_per) StdoutLine: {'line': b'-- Up-to-date: /home/abc/perception_with_ros2/install/base_msgs_per/include/base_msgs_per/base_msgs_per/msg/detail/local_speeds_point__type_support.c\n'}
[0.350227] (base_msgs_per) StdoutLine: {'line': b'-- Up-to-date: /home/abc/perception_with_ros2/install/base_msgs_per/include/base_msgs_per/base_msgs_per/msg/detail/referline__type_support.c\n'}
[0.350286] (base_msgs_per) StdoutLine: {'line': b'-- Up-to-date: /home/abc/perception_with_ros2/install/base_msgs_per/include/base_msgs_per/base_msgs_per/msg/detail/pnc_map__rosidl_typesupport_introspection_c.h\n'}
[0.350344] (base_msgs_per) StdoutLine: {'line': b'-- Up-to-date: /home/abc/perception_with_ros2/install/base_msgs_per/include/base_msgs_per/base_msgs_per/msg/detail/local_speeds_point__rosidl_typesupport_introspection_c.h\n'}
[0.350404] (base_msgs_per) StdoutLine: {'line': b'-- Up-to-date: /home/abc/perception_with_ros2/install/base_msgs_per/include/base_msgs_per/base_msgs_per/msg/detail/local_trajectory__rosidl_typesupport_introspection_c.h\n'}
[0.350462] (base_msgs_per) StdoutLine: {'line': b'-- Up-to-date: /home/abc/perception_with_ros2/install/base_msgs_per/include/base_msgs_per/base_msgs_per/msg/detail/local_speeds__type_support.c\n'}
[0.350522] (base_msgs_per) StdoutLine: {'line': b'-- Up-to-date: /home/abc/perception_with_ros2/install/base_msgs_per/include/base_msgs_per/base_msgs_per/msg/detail/referline_point__type_support.c\n'}
[0.350587] (base_msgs_per) StdoutLine: {'line': b'-- Up-to-date: /home/abc/perception_with_ros2/install/base_msgs_per/include/base_msgs_per/base_msgs_per/msg/detail/referline_point__rosidl_typesupport_introspection_c.h\n'}
[0.350659] (base_msgs_per) StdoutLine: {'line': b'-- Up-to-date: /home/abc/perception_with_ros2/install/base_msgs_per/include/base_msgs_per/base_msgs_per/msg/detail/pnc_map__type_support.c\n'}
[0.350719] (base_msgs_per) StdoutLine: {'line': b'-- Up-to-date: /home/abc/perception_with_ros2/install/base_msgs_per/include/base_msgs_per/base_msgs_per/msg/detail/referline__rosidl_typesupport_introspection_c.h\n'}
[0.350779] (base_msgs_per) StdoutLine: {'line': b'-- Up-to-date: /home/abc/perception_with_ros2/install/base_msgs_per/include/base_msgs_per/base_msgs_per/msg/detail/local_trajectory_point__rosidl_typesupport_introspection_c.h\n'}
[0.350838] (base_msgs_per) StdoutLine: {'line': b'-- Up-to-date: /home/abc/perception_with_ros2/install/base_msgs_per/include/base_msgs_per/base_msgs_per/msg/detail/obs_info__rosidl_typesupport_introspection_c.h\n'}
[0.350897] (base_msgs_per) StdoutLine: {'line': b'-- Up-to-date: /home/abc/perception_with_ros2/install/base_msgs_per/include/base_msgs_per/base_msgs_per/msg/detail/obs_info__type_support.c\n'}
[0.350956] (base_msgs_per) StdoutLine: {'line': b'-- Up-to-date: /home/abc/perception_with_ros2/install/base_msgs_per/include/base_msgs_per/base_msgs_per/msg/detail/local_path__type_support.c\n'}
[0.351018] (base_msgs_per) StdoutLine: {'line': b'-- Up-to-date: /home/abc/perception_with_ros2/install/base_msgs_per/include/base_msgs_per/base_msgs_per/msg/detail/local_path_point__type_support.c\n'}
[0.351106] (base_msgs_per) StdoutLine: {'line': b'-- Up-to-date: /home/abc/perception_with_ros2/install/base_msgs_per/include/base_msgs_per/base_msgs_per/msg/detail/local_trajectory_point__type_support.c\n'}
[0.351205] (base_msgs_per) StdoutLine: {'line': b'-- Up-to-date: /home/abc/perception_with_ros2/install/base_msgs_per/include/base_msgs_per/base_msgs_per/msg/detail/plot_info__type_support.c\n'}
[0.351270] (base_msgs_per) StdoutLine: {'line': b'-- Up-to-date: /home/abc/perception_with_ros2/install/base_msgs_per/include/base_msgs_per/base_msgs_per/msg/detail/local_speeds__rosidl_typesupport_introspection_c.h\n'}
[0.351336] (base_msgs_per) StdoutLine: {'line': b'-- Up-to-date: /home/abc/perception_with_ros2/install/base_msgs_per/include/base_msgs_per/base_msgs_per/msg/detail/local_path__rosidl_typesupport_introspection_c.h\n'}
[0.351404] (base_msgs_per) StdoutLine: {'line': b'-- Up-to-date: /home/abc/perception_with_ros2/install/base_msgs_per/include/base_msgs_per/base_msgs_per/msg/detail/plot_info__rosidl_typesupport_introspection_c.h\n'}
[0.351490] (base_msgs_per) StdoutLine: {'line': b'-- Up-to-date: /home/abc/perception_with_ros2/install/base_msgs_per/include/base_msgs_per/base_msgs_per/srv\n'}
[0.351568] (base_msgs_per) StdoutLine: {'line': b'-- Up-to-date: /home/abc/perception_with_ros2/install/base_msgs_per/include/base_msgs_per/base_msgs_per/srv/detail\n'}
[0.351636] (base_msgs_per) StdoutLine: {'line': b'-- Up-to-date: /home/abc/perception_with_ros2/install/base_msgs_per/include/base_msgs_per/base_msgs_per/srv/detail/global_path_service__type_support.c\n'}
[0.351696] (base_msgs_per) StdoutLine: {'line': b'-- Up-to-date: /home/abc/perception_with_ros2/install/base_msgs_per/include/base_msgs_per/base_msgs_per/srv/detail/global_path_service__rosidl_typesupport_introspection_c.h\n'}
[0.351756] (base_msgs_per) StdoutLine: {'line': b'-- Up-to-date: /home/abc/perception_with_ros2/install/base_msgs_per/include/base_msgs_per/base_msgs_per/srv/detail/pnc_map_service__rosidl_typesupport_introspection_c.h\n'}
[0.351815] (base_msgs_per) StdoutLine: {'line': b'-- Up-to-date: /home/abc/perception_with_ros2/install/base_msgs_per/include/base_msgs_per/base_msgs_per/srv/detail/pnc_map_service__type_support.c\n'}
[0.351874] (base_msgs_per) StdoutLine: {'line': b'-- Up-to-date: /home/abc/perception_with_ros2/install/base_msgs_per/lib/libbase_msgs_per__rosidl_typesupport_introspection_c.so\n'}
[0.351934] (base_msgs_per) StdoutLine: {'line': b'-- Up-to-date: /home/abc/perception_with_ros2/install/base_msgs_per/lib/libbase_msgs_per__rosidl_typesupport_c.so\n'}
[0.351994] (base_msgs_per) StdoutLine: {'line': b'-- Up-to-date: /home/abc/perception_with_ros2/install/base_msgs_per/include/base_msgs_per/base_msgs_per\n'}
[0.352054] (base_msgs_per) StdoutLine: {'line': b'-- Up-to-date: /home/abc/perception_with_ros2/install/base_msgs_per/include/base_msgs_per/base_msgs_per/msg\n'}
[0.352117] (base_msgs_per) StdoutLine: {'line': b'-- Up-to-date: /home/abc/perception_with_ros2/install/base_msgs_per/include/base_msgs_per/base_msgs_per/msg/local_speeds.hpp\n'}
[0.352181] (base_msgs_per) StdoutLine: {'line': b'-- Up-to-date: /home/abc/perception_with_ros2/install/base_msgs_per/include/base_msgs_per/base_msgs_per/msg/local_path_point.hpp\n'}
[0.352240] (base_msgs_per) StdoutLine: {'line': b'-- Up-to-date: /home/abc/perception_with_ros2/install/base_msgs_per/include/base_msgs_per/base_msgs_per/msg/detail\n'}
[0.352298] (base_msgs_per) StdoutLine: {'line': b'-- Up-to-date: /home/abc/perception_with_ros2/install/base_msgs_per/include/base_msgs_per/base_msgs_per/msg/detail/pnc_map__traits.hpp\n'}
[0.352356] (base_msgs_per) StdoutLine: {'line': b'-- Up-to-date: /home/abc/perception_with_ros2/install/base_msgs_per/include/base_msgs_per/base_msgs_per/msg/detail/local_trajectory_point__type_support.hpp\n'}
[0.352414] (base_msgs_per) StdoutLine: {'line': b'-- Up-to-date: /home/abc/perception_with_ros2/install/base_msgs_per/include/base_msgs_per/base_msgs_per/msg/detail/obs_info__builder.hpp\n'}
[0.352474] (base_msgs_per) StdoutLine: {'line': b'-- Up-to-date: /home/abc/perception_with_ros2/install/base_msgs_per/include/base_msgs_per/base_msgs_per/msg/detail/referline_point__type_support.hpp\n'}
[0.352546] (base_msgs_per) StdoutLine: {'line': b'-- Up-to-date: /home/abc/perception_with_ros2/install/base_msgs_per/include/base_msgs_per/base_msgs_per/msg/detail/local_path__struct.hpp\n'}
[0.352613] (base_msgs_per) StdoutLine: {'line': b'-- Up-to-date: /home/abc/perception_with_ros2/install/base_msgs_per/include/base_msgs_per/base_msgs_per/msg/detail/plot_info__struct.hpp\n'}
[0.352675] (base_msgs_per) StdoutLine: {'line': b'-- Up-to-date: /home/abc/perception_with_ros2/install/base_msgs_per/include/base_msgs_per/base_msgs_per/msg/detail/pnc_map__builder.hpp\n'}
[0.352734] (base_msgs_per) StdoutLine: {'line': b'-- Up-to-date: /home/abc/perception_with_ros2/install/base_msgs_per/include/base_msgs_per/base_msgs_per/msg/detail/plot_info__builder.hpp\n'}
[0.352792] (base_msgs_per) StdoutLine: {'line': b'-- Up-to-date: /home/abc/perception_with_ros2/install/base_msgs_per/include/base_msgs_per/base_msgs_per/msg/detail/referline__traits.hpp\n'}
[0.352851] (base_msgs_per) StdoutLine: {'line': b'-- Up-to-date: /home/abc/perception_with_ros2/install/base_msgs_per/include/base_msgs_per/base_msgs_per/msg/detail/local_speeds_point__struct.hpp\n'}
[0.352909] (base_msgs_per) StdoutLine: {'line': b'-- Up-to-date: /home/abc/perception_with_ros2/install/base_msgs_per/include/base_msgs_per/base_msgs_per/msg/detail/local_trajectory__type_support.hpp\n'}
[0.352967] (base_msgs_per) StdoutLine: {'line': b'-- Up-to-date: /home/abc/perception_with_ros2/install/base_msgs_per/include/base_msgs_per/base_msgs_per/msg/detail/local_path_point__struct.hpp\n'}
[0.353026] (base_msgs_per) StdoutLine: {'line': b'-- Up-to-date: /home/abc/perception_with_ros2/install/base_msgs_per/include/base_msgs_per/base_msgs_per/msg/detail/local_speeds__builder.hpp\n'}
[0.353083] (base_msgs_per) StdoutLine: {'line': b'-- Up-to-date: /home/abc/perception_with_ros2/install/base_msgs_per/include/base_msgs_per/base_msgs_per/msg/detail/local_path__traits.hpp\n'}
[0.353141] (base_msgs_per) StdoutLine: {'line': b'-- Up-to-date: /home/abc/perception_with_ros2/install/base_msgs_per/include/base_msgs_per/base_msgs_per/msg/detail/local_trajectory__struct.hpp\n'}
[0.353203] (base_msgs_per) StdoutLine: {'line': b'-- Up-to-date: /home/abc/perception_with_ros2/install/base_msgs_per/include/base_msgs_per/base_msgs_per/msg/detail/local_speeds_point__traits.hpp\n'}
[0.353277] (base_msgs_per) StdoutLine: {'line': b'-- Up-to-date: /home/abc/perception_with_ros2/install/base_msgs_per/include/base_msgs_per/base_msgs_per/msg/detail/local_speeds_point__type_support.hpp\n'}
[0.353367] (base_msgs_per) StdoutLine: {'line': b'-- Up-to-date: /home/abc/perception_with_ros2/install/base_msgs_per/include/base_msgs_per/base_msgs_per/msg/detail/local_path__builder.hpp\n'}
[0.353460] (base_msgs_per) StdoutLine: {'line': b'-- Up-to-date: /home/abc/perception_with_ros2/install/base_msgs_per/include/base_msgs_per/base_msgs_per/msg/detail/plot_info__type_support.hpp\n'}
[0.353556] (base_msgs_per) StdoutLine: {'line': b'-- Up-to-date: /home/abc/perception_with_ros2/install/base_msgs_per/include/base_msgs_per/base_msgs_per/msg/detail/referline_point__builder.hpp\n'}
[0.353646] (base_msgs_per) StdoutLine: {'line': b'-- Up-to-date: /home/abc/perception_with_ros2/install/base_msgs_per/include/base_msgs_per/base_msgs_per/msg/detail/obs_info__type_support.hpp\n'}
[0.353741] (base_msgs_per) StdoutLine: {'line': b'-- Up-to-date: /home/abc/perception_with_ros2/install/base_msgs_per/include/base_msgs_per/base_msgs_per/msg/detail/referline__builder.hpp\n'}
[0.353842] (base_msgs_per) StdoutLine: {'line': b'-- Up-to-date: /home/abc/perception_with_ros2/install/base_msgs_per/include/base_msgs_per/base_msgs_per/msg/detail/pnc_map__struct.hpp\n'}
[0.353946] (base_msgs_per) StdoutLine: {'line': b'-- Up-to-date: /home/abc/perception_with_ros2/install/base_msgs_per/include/base_msgs_per/base_msgs_per/msg/detail/local_path_point__traits.hpp\n'}
[0.354048] (base_msgs_per) StdoutLine: {'line': b'-- Up-to-date: /home/abc/perception_with_ros2/install/base_msgs_per/include/base_msgs_per/base_msgs_per/msg/detail/local_speeds__type_support.hpp\n'}
[0.354145] (base_msgs_per) StdoutLine: {'line': b'-- Up-to-date: /home/abc/perception_with_ros2/install/base_msgs_per/include/base_msgs_per/base_msgs_per/msg/detail/obs_info__traits.hpp\n'}
[0.354214] (base_msgs_per) StdoutLine: {'line': b'-- Up-to-date: /home/abc/perception_with_ros2/install/base_msgs_per/include/base_msgs_per/base_msgs_per/msg/detail/local_trajectory__builder.hpp\n'}
[0.354303] (base_msgs_per) StdoutLine: {'line': b'-- Up-to-date: /home/abc/perception_with_ros2/install/base_msgs_per/include/base_msgs_per/base_msgs_per/msg/detail/local_trajectory__traits.hpp\n'}
[0.354375] (base_msgs_per) StdoutLine: {'line': b'-- Up-to-date: /home/abc/perception_with_ros2/install/base_msgs_per/include/base_msgs_per/base_msgs_per/msg/detail/referline__struct.hpp\n'}
[0.354436] (base_msgs_per) StdoutLine: {'line': b'-- Up-to-date: /home/abc/perception_with_ros2/install/base_msgs_per/include/base_msgs_per/base_msgs_per/msg/detail/referline__type_support.hpp\n'}
[0.354496] (base_msgs_per) StdoutLine: {'line': b'-- Up-to-date: /home/abc/perception_with_ros2/install/base_msgs_per/include/base_msgs_per/base_msgs_per/msg/detail/referline_point__struct.hpp\n'}
[0.354569] (base_msgs_per) StdoutLine: {'line': b'-- Up-to-date: /home/abc/perception_with_ros2/install/base_msgs_per/include/base_msgs_per/base_msgs_per/msg/detail/plot_info__traits.hpp\n'}
[0.354646] (base_msgs_per) StdoutLine: {'line': b'-- Up-to-date: /home/abc/perception_with_ros2/install/base_msgs_per/include/base_msgs_per/base_msgs_per/msg/detail/local_trajectory_point__builder.hpp\n'}
[0.354707] (base_msgs_per) StdoutLine: {'line': b'-- Up-to-date: /home/abc/perception_with_ros2/install/base_msgs_per/include/base_msgs_per/base_msgs_per/msg/detail/local_speeds__traits.hpp\n'}
[0.354768] (base_msgs_per) StdoutLine: {'line': b'-- Up-to-date: /home/abc/perception_with_ros2/install/base_msgs_per/include/base_msgs_per/base_msgs_per/msg/detail/local_trajectory_point__traits.hpp\n'}
[0.354828] (base_msgs_per) StdoutLine: {'line': b'-- Up-to-date: /home/abc/perception_with_ros2/install/base_msgs_per/include/base_msgs_per/base_msgs_per/msg/detail/local_path__type_support.hpp\n'}
[0.354888] (base_msgs_per) StdoutLine: {'line': b'-- Up-to-date: /home/abc/perception_with_ros2/install/base_msgs_per/include/base_msgs_per/base_msgs_per/msg/detail/local_path_point__type_support.hpp\n'}
[0.354947] (base_msgs_per) StdoutLine: {'line': b'-- Up-to-date: /home/abc/perception_with_ros2/install/base_msgs_per/include/base_msgs_per/base_msgs_per/msg/detail/local_trajectory_point__struct.hpp\n'}
[0.355007] (base_msgs_per) StdoutLine: {'line': b'-- Up-to-date: /home/abc/perception_with_ros2/install/base_msgs_per/include/base_msgs_per/base_msgs_per/msg/detail/obs_info__struct.hpp\n'}
[0.355065] (base_msgs_per) StdoutLine: {'line': b'-- Up-to-date: /home/abc/perception_with_ros2/install/base_msgs_per/include/base_msgs_per/base_msgs_per/msg/detail/referline_point__traits.hpp\n'}
[0.355126] (base_msgs_per) StdoutLine: {'line': b'-- Up-to-date: /home/abc/perception_with_ros2/install/base_msgs_per/include/base_msgs_per/base_msgs_per/msg/detail/local_speeds_point__builder.hpp\n'}
[0.355183] (base_msgs_per) StdoutLine: {'line': b'-- Up-to-date: /home/abc/perception_with_ros2/install/base_msgs_per/include/base_msgs_per/base_msgs_per/msg/detail/pnc_map__type_support.hpp\n'}
[0.355244] (base_msgs_per) StdoutLine: {'line': b'-- Up-to-date: /home/abc/perception_with_ros2/install/base_msgs_per/include/base_msgs_per/base_msgs_per/msg/detail/local_speeds__struct.hpp\n'}
[0.355303] (base_msgs_per) StdoutLine: {'line': b'-- Up-to-date: /home/abc/perception_with_ros2/install/base_msgs_per/include/base_msgs_per/base_msgs_per/msg/detail/local_path_point__builder.hpp\n'}
[0.355361] (base_msgs_per) StdoutLine: {'line': b'-- Up-to-date: /home/abc/perception_with_ros2/install/base_msgs_per/include/base_msgs_per/base_msgs_per/msg/local_path.hpp\n'}
[0.355420] (base_msgs_per) StdoutLine: {'line': b'-- Up-to-date: /home/abc/perception_with_ros2/install/base_msgs_per/include/base_msgs_per/base_msgs_per/msg/rosidl_generator_cpp__visibility_control.hpp\n'}
[0.355479] (base_msgs_per) StdoutLine: {'line': b'-- Up-to-date: /home/abc/perception_with_ros2/install/base_msgs_per/include/base_msgs_per/base_msgs_per/msg/referline.hpp\n'}
[0.355543] (base_msgs_per) StdoutLine: {'line': b'-- Up-to-date: /home/abc/perception_with_ros2/install/base_msgs_per/include/base_msgs_per/base_msgs_per/msg/local_trajectory_point.hpp\n'}
[0.355613] (base_msgs_per) StdoutLine: {'line': b'-- Up-to-date: /home/abc/perception_with_ros2/install/base_msgs_per/include/base_msgs_per/base_msgs_per/msg/obs_info.hpp\n'}
[0.355674] (base_msgs_per) StdoutLine: {'line': b'-- Up-to-date: /home/abc/perception_with_ros2/install/base_msgs_per/include/base_msgs_per/base_msgs_per/msg/plot_info.hpp\n'}
[0.355733] (base_msgs_per) StdoutLine: {'line': b'-- Up-to-date: /home/abc/perception_with_ros2/install/base_msgs_per/include/base_msgs_per/base_msgs_per/msg/local_trajectory.hpp\n'}
[0.355791] (base_msgs_per) StdoutLine: {'line': b'-- Up-to-date: /home/abc/perception_with_ros2/install/base_msgs_per/include/base_msgs_per/base_msgs_per/msg/local_speeds_point.hpp\n'}
[0.355849] (base_msgs_per) StdoutLine: {'line': b'-- Up-to-date: /home/abc/perception_with_ros2/install/base_msgs_per/include/base_msgs_per/base_msgs_per/msg/pnc_map.hpp\n'}
[0.355908] (base_msgs_per) StdoutLine: {'line': b'-- Up-to-date: /home/abc/perception_with_ros2/install/base_msgs_per/include/base_msgs_per/base_msgs_per/msg/referline_point.hpp\n'}
[0.355967] (base_msgs_per) StdoutLine: {'line': b'-- Up-to-date: /home/abc/perception_with_ros2/install/base_msgs_per/include/base_msgs_per/base_msgs_per/srv\n'}
[0.356025] (base_msgs_per) StdoutLine: {'line': b'-- Up-to-date: /home/abc/perception_with_ros2/install/base_msgs_per/include/base_msgs_per/base_msgs_per/srv/pnc_map_service.hpp\n'}
[0.356084] (base_msgs_per) StdoutLine: {'line': b'-- Up-to-date: /home/abc/perception_with_ros2/install/base_msgs_per/include/base_msgs_per/base_msgs_per/srv/detail\n'}
[0.356143] (base_msgs_per) StdoutLine: {'line': b'-- Up-to-date: /home/abc/perception_with_ros2/install/base_msgs_per/include/base_msgs_per/base_msgs_per/srv/detail/global_path_service__builder.hpp\n'}
[0.356200] (base_msgs_per) StdoutLine: {'line': b'-- Up-to-date: /home/abc/perception_with_ros2/install/base_msgs_per/include/base_msgs_per/base_msgs_per/srv/detail/pnc_map_service__traits.hpp\n'}
[0.356258] (base_msgs_per) StdoutLine: {'line': b'-- Up-to-date: /home/abc/perception_with_ros2/install/base_msgs_per/include/base_msgs_per/base_msgs_per/srv/detail/pnc_map_service__type_support.hpp\n'}
[0.356316] (base_msgs_per) StdoutLine: {'line': b'-- Up-to-date: /home/abc/perception_with_ros2/install/base_msgs_per/include/base_msgs_per/base_msgs_per/srv/detail/global_path_service__struct.hpp\n'}
[0.356374] (base_msgs_per) StdoutLine: {'line': b'-- Up-to-date: /home/abc/perception_with_ros2/install/base_msgs_per/include/base_msgs_per/base_msgs_per/srv/detail/pnc_map_service__builder.hpp\n'}
[0.356440] (base_msgs_per) StdoutLine: {'line': b'-- Up-to-date: /home/abc/perception_with_ros2/install/base_msgs_per/include/base_msgs_per/base_msgs_per/srv/detail/global_path_service__type_support.hpp\n'}
[0.356510] (base_msgs_per) StdoutLine: {'line': b'-- Up-to-date: /home/abc/perception_with_ros2/install/base_msgs_per/include/base_msgs_per/base_msgs_per/srv/detail/global_path_service__traits.hpp\n'}
[0.356588] (base_msgs_per) StdoutLine: {'line': b'-- Up-to-date: /home/abc/perception_with_ros2/install/base_msgs_per/include/base_msgs_per/base_msgs_per/srv/detail/pnc_map_service__struct.hpp\n'}
[0.356658] (base_msgs_per) StdoutLine: {'line': b'-- Up-to-date: /home/abc/perception_with_ros2/install/base_msgs_per/include/base_msgs_per/base_msgs_per/srv/global_path_service.hpp\n'}
[0.356727] (base_msgs_per) StdoutLine: {'line': b'-- Up-to-date: /home/abc/perception_with_ros2/install/base_msgs_per/include/base_msgs_per/base_msgs_per\n'}
[0.356792] (base_msgs_per) StdoutLine: {'line': b'-- Up-to-date: /home/abc/perception_with_ros2/install/base_msgs_per/include/base_msgs_per/base_msgs_per/msg\n'}
[0.356856] (base_msgs_per) StdoutLine: {'line': b'-- Up-to-date: /home/abc/perception_with_ros2/install/base_msgs_per/include/base_msgs_per/base_msgs_per/msg/detail\n'}
[0.356923] (base_msgs_per) StdoutLine: {'line': b'-- Up-to-date: /home/abc/perception_with_ros2/install/base_msgs_per/include/base_msgs_per/base_msgs_per/msg/detail/local_path__rosidl_typesupport_fastrtps_cpp.hpp\n'}
[0.356998] (base_msgs_per) StdoutLine: {'line': b'-- Up-to-date: /home/abc/perception_with_ros2/install/base_msgs_per/include/base_msgs_per/base_msgs_per/msg/detail/referline__rosidl_typesupport_fastrtps_cpp.hpp\n'}
[0.357067] (base_msgs_per) StdoutLine: {'line': b'-- Up-to-date: /home/abc/perception_with_ros2/install/base_msgs_per/include/base_msgs_per/base_msgs_per/msg/detail/local_trajectory__rosidl_typesupport_fastrtps_cpp.hpp\n'}
[0.357134] (base_msgs_per) StdoutLine: {'line': b'-- Up-to-date: /home/abc/perception_with_ros2/install/base_msgs_per/include/base_msgs_per/base_msgs_per/msg/detail/local_trajectory_point__rosidl_typesupport_fastrtps_cpp.hpp\n'}
[0.357200] (base_msgs_per) StdoutLine: {'line': b'-- Up-to-date: /home/abc/perception_with_ros2/install/base_msgs_per/include/base_msgs_per/base_msgs_per/msg/detail/obs_info__rosidl_typesupport_fastrtps_cpp.hpp\n'}
[0.357265] (base_msgs_per) StdoutLine: {'line': b'-- Up-to-date: /home/abc/perception_with_ros2/install/base_msgs_per/include/base_msgs_per/base_msgs_per/msg/detail/local_path_point__rosidl_typesupport_fastrtps_cpp.hpp\n'}
[0.357328] (base_msgs_per) StdoutLine: {'line': b'-- Up-to-date: /home/abc/perception_with_ros2/install/base_msgs_per/include/base_msgs_per/base_msgs_per/msg/detail/referline_point__rosidl_typesupport_fastrtps_cpp.hpp\n'}
[0.357393] (base_msgs_per) StdoutLine: {'line': b'-- Up-to-date: /home/abc/perception_with_ros2/install/base_msgs_per/include/base_msgs_per/base_msgs_per/msg/detail/pnc_map__rosidl_typesupport_fastrtps_cpp.hpp\n'}
[0.357462] (base_msgs_per) StdoutLine: {'line': b'-- Up-to-date: /home/abc/perception_with_ros2/install/base_msgs_per/include/base_msgs_per/base_msgs_per/msg/detail/local_speeds__rosidl_typesupport_fastrtps_cpp.hpp\n'}
[0.357528] (base_msgs_per) StdoutLine: {'line': b'-- Up-to-date: /home/abc/perception_with_ros2/install/base_msgs_per/include/base_msgs_per/base_msgs_per/msg/detail/dds_fastrtps\n'}
[0.357607] (base_msgs_per) StdoutLine: {'line': b'-- Up-to-date: /home/abc/perception_with_ros2/install/base_msgs_per/include/base_msgs_per/base_msgs_per/msg/detail/local_speeds_point__rosidl_typesupport_fastrtps_cpp.hpp\n'}
[0.357675] (base_msgs_per) StdoutLine: {'line': b'-- Up-to-date: /home/abc/perception_with_ros2/install/base_msgs_per/include/base_msgs_per/base_msgs_per/msg/detail/plot_info__rosidl_typesupport_fastrtps_cpp.hpp\n'}
[0.357742] (base_msgs_per) StdoutLine: {'line': b'-- Up-to-date: /home/abc/perception_with_ros2/install/base_msgs_per/include/base_msgs_per/base_msgs_per/msg/rosidl_typesupport_fastrtps_cpp__visibility_control.h\n'}
[0.357817] (base_msgs_per) StdoutLine: {'line': b'-- Up-to-date: /home/abc/perception_with_ros2/install/base_msgs_per/include/base_msgs_per/base_msgs_per/srv\n'}
[0.357912] (base_msgs_per) StdoutLine: {'line': b'-- Up-to-date: /home/abc/perception_with_ros2/install/base_msgs_per/include/base_msgs_per/base_msgs_per/srv/detail\n'}
[0.357987] (base_msgs_per) StdoutLine: {'line': b'-- Up-to-date: /home/abc/perception_with_ros2/install/base_msgs_per/include/base_msgs_per/base_msgs_per/srv/detail/global_path_service__rosidl_typesupport_fastrtps_cpp.hpp\n'}
[0.358048] (base_msgs_per) StdoutLine: {'line': b'-- Up-to-date: /home/abc/perception_with_ros2/install/base_msgs_per/include/base_msgs_per/base_msgs_per/srv/detail/pnc_map_service__rosidl_typesupport_fastrtps_cpp.hpp\n'}
[0.358109] (base_msgs_per) StdoutLine: {'line': b'-- Up-to-date: /home/abc/perception_with_ros2/install/base_msgs_per/include/base_msgs_per/base_msgs_per/srv/detail/dds_fastrtps\n'}
[0.358168] (base_msgs_per) StdoutLine: {'line': b'-- Up-to-date: /home/abc/perception_with_ros2/install/base_msgs_per/lib/libbase_msgs_per__rosidl_typesupport_fastrtps_cpp.so\n'}
[0.358228] (base_msgs_per) StdoutLine: {'line': b'-- Up-to-date: /home/abc/perception_with_ros2/install/base_msgs_per/include/base_msgs_per/base_msgs_per\n'}
[0.358321] (base_msgs_per) StdoutLine: {'line': b'-- Up-to-date: /home/abc/perception_with_ros2/install/base_msgs_per/include/base_msgs_per/base_msgs_per/msg\n'}
[0.358429] (base_msgs_per) StdoutLine: {'line': b'-- Up-to-date: /home/abc/perception_with_ros2/install/base_msgs_per/include/base_msgs_per/base_msgs_per/msg/detail\n'}
[0.358550] (base_msgs_per) StdoutLine: {'line': b'-- Up-to-date: /home/abc/perception_with_ros2/install/base_msgs_per/include/base_msgs_per/base_msgs_per/msg/detail/local_trajectory__type_support.cpp\n'}
[0.358668] (base_msgs_per) StdoutLine: {'line': b'-- Up-to-date: /home/abc/perception_with_ros2/install/base_msgs_per/include/base_msgs_per/base_msgs_per/msg/detail/local_speeds_point__type_support.cpp\n'}
[0.358775] (base_msgs_per) StdoutLine: {'line': b'-- Up-to-date: /home/abc/perception_with_ros2/install/base_msgs_per/include/base_msgs_per/base_msgs_per/msg/detail/local_speeds_point__rosidl_typesupport_introspection_cpp.hpp\n'}
[0.358883] (base_msgs_per) StdoutLine: {'line': b'-- Up-to-date: /home/abc/perception_with_ros2/install/base_msgs_per/include/base_msgs_per/base_msgs_per/msg/detail/pnc_map__type_support.cpp\n'}
[0.358959] (base_msgs_per) StdoutLine: {'line': b'-- Up-to-date: /home/abc/perception_with_ros2/install/base_msgs_per/include/base_msgs_per/base_msgs_per/msg/detail/referline__type_support.cpp\n'}
[0.359025] (base_msgs_per) StdoutLine: {'line': b'-- Up-to-date: /home/abc/perception_with_ros2/install/base_msgs_per/include/base_msgs_per/base_msgs_per/msg/detail/obs_info__rosidl_typesupport_introspection_cpp.hpp\n'}
[0.359086] (base_msgs_per) StdoutLine: {'line': b'-- Up-to-date: /home/abc/perception_with_ros2/install/base_msgs_per/include/base_msgs_per/base_msgs_per/msg/detail/referline__rosidl_typesupport_introspection_cpp.hpp\n'}
[0.359146] (base_msgs_per) StdoutLine: {'line': b'-- Up-to-date: /home/abc/perception_with_ros2/install/base_msgs_per/include/base_msgs_per/base_msgs_per/msg/detail/local_speeds__type_support.cpp\n'}
[0.359205] (base_msgs_per) StdoutLine: {'line': b'-- Up-to-date: /home/abc/perception_with_ros2/install/base_msgs_per/include/base_msgs_per/base_msgs_per/msg/detail/local_trajectory_point__rosidl_typesupport_introspection_cpp.hpp\n'}
[0.359266] (base_msgs_per) StdoutLine: {'line': b'-- Up-to-date: /home/abc/perception_with_ros2/install/base_msgs_per/include/base_msgs_per/base_msgs_per/msg/detail/plot_info__type_support.cpp\n'}
[0.359326] (base_msgs_per) StdoutLine: {'line': b'-- Up-to-date: /home/abc/perception_with_ros2/install/base_msgs_per/include/base_msgs_per/base_msgs_per/msg/detail/local_path__rosidl_typesupport_introspection_cpp.hpp\n'}
[0.359385] (base_msgs_per) StdoutLine: {'line': b'-- Up-to-date: /home/abc/perception_with_ros2/install/base_msgs_per/include/base_msgs_per/base_msgs_per/msg/detail/local_path_point__type_support.cpp\n'}
[0.359446] (base_msgs_per) StdoutLine: {'line': b'-- Up-to-date: /home/abc/perception_with_ros2/install/base_msgs_per/include/base_msgs_per/base_msgs_per/msg/detail/pnc_map__rosidl_typesupport_introspection_cpp.hpp\n'}
[0.359505] (base_msgs_per) StdoutLine: {'line': b'-- Up-to-date: /home/abc/perception_with_ros2/install/base_msgs_per/include/base_msgs_per/base_msgs_per/msg/detail/plot_info__rosidl_typesupport_introspection_cpp.hpp\n'}
[0.359581] (base_msgs_per) StdoutLine: {'line': b'-- Up-to-date: /home/abc/perception_with_ros2/install/base_msgs_per/include/base_msgs_per/base_msgs_per/msg/detail/local_trajectory__rosidl_typesupport_introspection_cpp.hpp\n'}
[0.359646] (base_msgs_per) StdoutLine: {'line': b'-- Up-to-date: /home/abc/perception_with_ros2/install/base_msgs_per/include/base_msgs_per/base_msgs_per/msg/detail/referline_point__type_support.cpp\n'}
[0.359706] (base_msgs_per) StdoutLine: {'line': b'-- Up-to-date: /home/abc/perception_with_ros2/install/base_msgs_per/include/base_msgs_per/base_msgs_per/msg/detail/obs_info__type_support.cpp\n'}
[0.359766] (base_msgs_per) StdoutLine: {'line': b'-- Up-to-date: /home/abc/perception_with_ros2/install/base_msgs_per/include/base_msgs_per/base_msgs_per/msg/detail/referline_point__rosidl_typesupport_introspection_cpp.hpp\n'}
[0.359828] (base_msgs_per) StdoutLine: {'line': b'-- Up-to-date: /home/abc/perception_with_ros2/install/base_msgs_per/include/base_msgs_per/base_msgs_per/msg/detail/local_speeds__rosidl_typesupport_introspection_cpp.hpp\n'}
[0.359894] (base_msgs_per) StdoutLine: {'line': b'-- Up-to-date: /home/abc/perception_with_ros2/install/base_msgs_per/include/base_msgs_per/base_msgs_per/msg/detail/local_path__type_support.cpp\n'}
[0.359954] (base_msgs_per) StdoutLine: {'line': b'-- Up-to-date: /home/abc/perception_with_ros2/install/base_msgs_per/include/base_msgs_per/base_msgs_per/msg/detail/local_trajectory_point__type_support.cpp\n'}
[0.360013] (base_msgs_per) StdoutLine: {'line': b'-- Up-to-date: /home/abc/perception_with_ros2/install/base_msgs_per/include/base_msgs_per/base_msgs_per/msg/detail/local_path_point__rosidl_typesupport_introspection_cpp.hpp\n'}
[0.360071] (base_msgs_per) StdoutLine: {'line': b'-- Up-to-date: /home/abc/perception_with_ros2/install/base_msgs_per/include/base_msgs_per/base_msgs_per/srv\n'}
[0.360130] (base_msgs_per) StdoutLine: {'line': b'-- Up-to-date: /home/abc/perception_with_ros2/install/base_msgs_per/include/base_msgs_per/base_msgs_per/srv/detail\n'}
[0.360188] (base_msgs_per) StdoutLine: {'line': b'-- Up-to-date: /home/abc/perception_with_ros2/install/base_msgs_per/include/base_msgs_per/base_msgs_per/srv/detail/pnc_map_service__rosidl_typesupport_introspection_cpp.hpp\n'}
[0.360247] (base_msgs_per) StdoutLine: {'line': b'-- Up-to-date: /home/abc/perception_with_ros2/install/base_msgs_per/include/base_msgs_per/base_msgs_per/srv/detail/pnc_map_service__type_support.cpp\n'}
[0.360312] (base_msgs_per) StdoutLine: {'line': b'-- Up-to-date: /home/abc/perception_with_ros2/install/base_msgs_per/include/base_msgs_per/base_msgs_per/srv/detail/global_path_service__type_support.cpp\n'}
[0.360372] (base_msgs_per) StdoutLine: {'line': b'-- Up-to-date: /home/abc/perception_with_ros2/install/base_msgs_per/include/base_msgs_per/base_msgs_per/srv/detail/global_path_service__rosidl_typesupport_introspection_cpp.hpp\n'}
[0.360431] (base_msgs_per) StdoutLine: {'line': b'-- Up-to-date: /home/abc/perception_with_ros2/install/base_msgs_per/lib/libbase_msgs_per__rosidl_typesupport_introspection_cpp.so\n'}
[0.360490] (base_msgs_per) StdoutLine: {'line': b'-- Up-to-date: /home/abc/perception_with_ros2/install/base_msgs_per/lib/libbase_msgs_per__rosidl_typesupport_cpp.so\n'}
[0.360557] (base_msgs_per) StdoutLine: {'line': b'-- Up-to-date: /home/abc/perception_with_ros2/install/base_msgs_per/share/base_msgs_per/environment/pythonpath.sh\n'}
[0.360628] (base_msgs_per) StdoutLine: {'line': b'-- Up-to-date: /home/abc/perception_with_ros2/install/base_msgs_per/share/base_msgs_per/environment/pythonpath.dsv\n'}
[0.360688] (base_msgs_per) StdoutLine: {'line': b'-- Up-to-date: /home/abc/perception_with_ros2/install/base_msgs_per/local/lib/python3.10/dist-packages/base_msgs_per-0.0.0-py3.10.egg-info\n'}
[0.360747] (base_msgs_per) StdoutLine: {'line': b'-- Installing: /home/abc/perception_with_ros2/install/base_msgs_per/local/lib/python3.10/dist-packages/base_msgs_per-0.0.0-py3.10.egg-info/dependency_links.txt\n'}
[0.360806] (base_msgs_per) StdoutLine: {'line': b'-- Installing: /home/abc/perception_with_ros2/install/base_msgs_per/local/lib/python3.10/dist-packages/base_msgs_per-0.0.0-py3.10.egg-info/SOURCES.txt\n'}
[0.360864] (base_msgs_per) StdoutLine: {'line': b'-- Installing: /home/abc/perception_with_ros2/install/base_msgs_per/local/lib/python3.10/dist-packages/base_msgs_per-0.0.0-py3.10.egg-info/top_level.txt\n'}
[0.360924] (base_msgs_per) StdoutLine: {'line': b'-- Installing: /home/abc/perception_with_ros2/install/base_msgs_per/local/lib/python3.10/dist-packages/base_msgs_per-0.0.0-py3.10.egg-info/PKG-INFO\n'}
[0.360983] (base_msgs_per) StdoutLine: {'line': b'-- Up-to-date: /home/abc/perception_with_ros2/install/base_msgs_per/local/lib/python3.10/dist-packages/base_msgs_per\n'}
[0.361042] (base_msgs_per) StdoutLine: {'line': b'-- Up-to-date: /home/abc/perception_with_ros2/install/base_msgs_per/local/lib/python3.10/dist-packages/base_msgs_per/_base_msgs_per_s.ep.rosidl_typesupport_fastrtps_c.c\n'}
[0.361104] (base_msgs_per) StdoutLine: {'line': b'-- Up-to-date: /home/abc/perception_with_ros2/install/base_msgs_per/local/lib/python3.10/dist-packages/base_msgs_per/msg\n'}
[0.361164] (base_msgs_per) StdoutLine: {'line': b'-- Up-to-date: /home/abc/perception_with_ros2/install/base_msgs_per/local/lib/python3.10/dist-packages/base_msgs_per/msg/_obs_info.py\n'}
[0.361222] (base_msgs_per) StdoutLine: {'line': b'-- Up-to-date: /home/abc/perception_with_ros2/install/base_msgs_per/local/lib/python3.10/dist-packages/base_msgs_per/msg/_referline_s.c\n'}
[0.361281] (base_msgs_per) StdoutLine: {'line': b'-- Up-to-date: /home/abc/perception_with_ros2/install/base_msgs_per/local/lib/python3.10/dist-packages/base_msgs_per/msg/_local_path_s.c\n'}
[0.361340] (base_msgs_per) StdoutLine: {'line': b'-- Up-to-date: /home/abc/perception_with_ros2/install/base_msgs_per/local/lib/python3.10/dist-packages/base_msgs_per/msg/_local_speeds.py\n'}
[0.361399] (base_msgs_per) StdoutLine: {'line': b'-- Up-to-date: /home/abc/perception_with_ros2/install/base_msgs_per/local/lib/python3.10/dist-packages/base_msgs_per/msg/_local_path_point_s.c\n'}
[0.361458] (base_msgs_per) StdoutLine: {'line': b'-- Up-to-date: /home/abc/perception_with_ros2/install/base_msgs_per/local/lib/python3.10/dist-packages/base_msgs_per/msg/_referline_point_s.c\n'}
[0.361518] (base_msgs_per) StdoutLine: {'line': b'-- Up-to-date: /home/abc/perception_with_ros2/install/base_msgs_per/local/lib/python3.10/dist-packages/base_msgs_per/msg/_local_path.py\n'}
[0.361590] (base_msgs_per) StdoutLine: {'line': b'-- Up-to-date: /home/abc/perception_with_ros2/install/base_msgs_per/local/lib/python3.10/dist-packages/base_msgs_per/msg/_local_trajectory_point.py\n'}
[0.361651] (base_msgs_per) StdoutLine: {'line': b'-- Up-to-date: /home/abc/perception_with_ros2/install/base_msgs_per/local/lib/python3.10/dist-packages/base_msgs_per/msg/_local_speeds_s.c\n'}
[0.361711] (base_msgs_per) StdoutLine: {'line': b'-- Up-to-date: /home/abc/perception_with_ros2/install/base_msgs_per/local/lib/python3.10/dist-packages/base_msgs_per/msg/_referline.py\n'}
[0.361771] (base_msgs_per) StdoutLine: {'line': b'-- Up-to-date: /home/abc/perception_with_ros2/install/base_msgs_per/local/lib/python3.10/dist-packages/base_msgs_per/msg/_local_speeds_point.py\n'}
[0.361831] (base_msgs_per) StdoutLine: {'line': b'-- Up-to-date: /home/abc/perception_with_ros2/install/base_msgs_per/local/lib/python3.10/dist-packages/base_msgs_per/msg/_pnc_map.py\n'}
[0.361891] (base_msgs_per) StdoutLine: {'line': b'-- Up-to-date: /home/abc/perception_with_ros2/install/base_msgs_per/local/lib/python3.10/dist-packages/base_msgs_per/msg/__init__.py\n'}
[0.361950] (base_msgs_per) StdoutLine: {'line': b'-- Up-to-date: /home/abc/perception_with_ros2/install/base_msgs_per/local/lib/python3.10/dist-packages/base_msgs_per/msg/_plot_info_s.c\n'}
[0.362009] (base_msgs_per) StdoutLine: {'line': b'-- Up-to-date: /home/abc/perception_with_ros2/install/base_msgs_per/local/lib/python3.10/dist-packages/base_msgs_per/msg/_local_trajectory_s.c\n'}
[0.362067] (base_msgs_per) StdoutLine: {'line': b'-- Up-to-date: /home/abc/perception_with_ros2/install/base_msgs_per/local/lib/python3.10/dist-packages/base_msgs_per/msg/_referline_point.py\n'}
[0.362132] (base_msgs_per) StdoutLine: {'line': b'-- Up-to-date: /home/abc/perception_with_ros2/install/base_msgs_per/local/lib/python3.10/dist-packages/base_msgs_per/msg/_local_speeds_point_s.c\n'}
[0.362192] (base_msgs_per) StdoutLine: {'line': b'-- Up-to-date: /home/abc/perception_with_ros2/install/base_msgs_per/local/lib/python3.10/dist-packages/base_msgs_per/msg/_local_path_point.py\n'}
[0.362253] (base_msgs_per) StdoutLine: {'line': b'-- Up-to-date: /home/abc/perception_with_ros2/install/base_msgs_per/local/lib/python3.10/dist-packages/base_msgs_per/msg/_pnc_map_s.c\n'}
[0.362312] (base_msgs_per) StdoutLine: {'line': b'-- Up-to-date: /home/abc/perception_with_ros2/install/base_msgs_per/local/lib/python3.10/dist-packages/base_msgs_per/msg/_local_trajectory.py\n'}
[0.362371] (base_msgs_per) StdoutLine: {'line': b'-- Up-to-date: /home/abc/perception_with_ros2/install/base_msgs_per/local/lib/python3.10/dist-packages/base_msgs_per/msg/_local_trajectory_point_s.c\n'}
[0.362436] (base_msgs_per) StdoutLine: {'line': b'-- Up-to-date: /home/abc/perception_with_ros2/install/base_msgs_per/local/lib/python3.10/dist-packages/base_msgs_per/msg/_plot_info.py\n'}
[0.362495] (base_msgs_per) StdoutLine: {'line': b'-- Up-to-date: /home/abc/perception_with_ros2/install/base_msgs_per/local/lib/python3.10/dist-packages/base_msgs_per/msg/_obs_info_s.c\n'}
[0.362563] (base_msgs_per) StdoutLine: {'line': b'-- Up-to-date: /home/abc/perception_with_ros2/install/base_msgs_per/local/lib/python3.10/dist-packages/base_msgs_per/_base_msgs_per_s.ep.rosidl_typesupport_introspection_c.c\n'}
[0.362628] (base_msgs_per) StdoutLine: {'line': b'-- Up-to-date: /home/abc/perception_with_ros2/install/base_msgs_per/local/lib/python3.10/dist-packages/base_msgs_per/_base_msgs_per_s.ep.rosidl_typesupport_c.c\n'}
[0.362687] (base_msgs_per) StdoutLine: {'line': b'-- Up-to-date: /home/abc/perception_with_ros2/install/base_msgs_per/local/lib/python3.10/dist-packages/base_msgs_per/__init__.py\n'}
[0.362746] (base_msgs_per) StdoutLine: {'line': b'-- Up-to-date: /home/abc/perception_with_ros2/install/base_msgs_per/local/lib/python3.10/dist-packages/base_msgs_per/base_msgs_per_s__rosidl_typesupport_c.cpython-310-x86_64-linux-gnu.so\n'}
[0.362806] (base_msgs_per) StdoutLine: {'line': b'-- Up-to-date: /home/abc/perception_with_ros2/install/base_msgs_per/local/lib/python3.10/dist-packages/base_msgs_per/base_msgs_per_s__rosidl_typesupport_introspection_c.cpython-310-x86_64-linux-gnu.so\n'}
[0.362865] (base_msgs_per) StdoutLine: {'line': b'-- Up-to-date: /home/abc/perception_with_ros2/install/base_msgs_per/local/lib/python3.10/dist-packages/base_msgs_per/base_msgs_per_s__rosidl_typesupport_fastrtps_c.cpython-310-x86_64-linux-gnu.so\n'}
[0.362925] (base_msgs_per) StdoutLine: {'line': b'-- Up-to-date: /home/abc/perception_with_ros2/install/base_msgs_per/local/lib/python3.10/dist-packages/base_msgs_per/libbase_msgs_per__rosidl_generator_py.so\n'}
[0.362984] (base_msgs_per) StdoutLine: {'line': b'-- Up-to-date: /home/abc/perception_with_ros2/install/base_msgs_per/local/lib/python3.10/dist-packages/base_msgs_per/srv\n'}
[0.363043] (base_msgs_per) StdoutLine: {'line': b'-- Up-to-date: /home/abc/perception_with_ros2/install/base_msgs_per/local/lib/python3.10/dist-packages/base_msgs_per/srv/_pnc_map_service.py\n'}
[0.363102] (base_msgs_per) StdoutLine: {'line': b'-- Up-to-date: /home/abc/perception_with_ros2/install/base_msgs_per/local/lib/python3.10/dist-packages/base_msgs_per/srv/_global_path_service_s.c\n'}
[0.363161] (base_msgs_per) StdoutLine: {'line': b'-- Up-to-date: /home/abc/perception_with_ros2/install/base_msgs_per/local/lib/python3.10/dist-packages/base_msgs_per/srv/__init__.py\n'}
[0.363221] (base_msgs_per) StdoutLine: {'line': b'-- Up-to-date: /home/abc/perception_with_ros2/install/base_msgs_per/local/lib/python3.10/dist-packages/base_msgs_per/srv/_global_path_service.py\n'}
[0.363280] (base_msgs_per) StdoutLine: {'line': b'-- Up-to-date: /home/abc/perception_with_ros2/install/base_msgs_per/local/lib/python3.10/dist-packages/base_msgs_per/srv/_pnc_map_service_s.c\n'}
[0.382100] (base_msgs_per) StdoutLine: {'line': b"Listing '/home/abc/perception_with_ros2/install/base_msgs_per/local/lib/python3.10/dist-packages/base_msgs_per'...\n"}
[0.382237] (base_msgs_per) StdoutLine: {'line': b"Listing '/home/abc/perception_with_ros2/install/base_msgs_per/local/lib/python3.10/dist-packages/base_msgs_per/msg'...\n"}
[0.382302] (base_msgs_per) StdoutLine: {'line': b"Listing '/home/abc/perception_with_ros2/install/base_msgs_per/local/lib/python3.10/dist-packages/base_msgs_per/srv'...\n"}
[0.386145] (base_msgs_per) StdoutLine: {'line': b'-- Up-to-date: /home/abc/perception_with_ros2/install/base_msgs_per/local/lib/python3.10/dist-packages/base_msgs_per/base_msgs_per_s__rosidl_typesupport_fastrtps_c.cpython-310-x86_64-linux-gnu.so\n'}
[0.386343] (base_msgs_per) StdoutLine: {'line': b'-- Up-to-date: /home/abc/perception_with_ros2/install/base_msgs_per/local/lib/python3.10/dist-packages/base_msgs_per/base_msgs_per_s__rosidl_typesupport_introspection_c.cpython-310-x86_64-linux-gnu.so\n'}
[0.386681] (base_msgs_per) StdoutLine: {'line': b'-- Up-to-date: /home/abc/perception_with_ros2/install/base_msgs_per/local/lib/python3.10/dist-packages/base_msgs_per/base_msgs_per_s__rosidl_typesupport_c.cpython-310-x86_64-linux-gnu.so\n'}
[0.386871] (base_msgs_per) StdoutLine: {'line': b'-- Up-to-date: /home/abc/perception_with_ros2/install/base_msgs_per/lib/libbase_msgs_per__rosidl_generator_py.so\n'}
[0.387055] (base_msgs_per) StdoutLine: {'line': b'-- Up-to-date: /home/abc/perception_with_ros2/install/base_msgs_per/share/base_msgs_per/srv/GlobalPathService.idl\n'}
[0.387183] (base_msgs_per) StdoutLine: {'line': b'-- Up-to-date: /home/abc/perception_with_ros2/install/base_msgs_per/share/base_msgs_per/srv/PNCMapService.idl\n'}
[0.387264] (base_msgs_per) StdoutLine: {'line': b'-- Up-to-date: /home/abc/perception_with_ros2/install/base_msgs_per/share/base_msgs_per/msg/PNCMap.idl\n'}
[0.387327] (base_msgs_per) StdoutLine: {'line': b'-- Up-to-date: /home/abc/perception_with_ros2/install/base_msgs_per/share/base_msgs_per/msg/ReferlinePoint.idl\n'}
[0.387388] (base_msgs_per) StdoutLine: {'line': b'-- Up-to-date: /home/abc/perception_with_ros2/install/base_msgs_per/share/base_msgs_per/msg/Referline.idl\n'}
[0.387448] (base_msgs_per) StdoutLine: {'line': b'-- Up-to-date: /home/abc/perception_with_ros2/install/base_msgs_per/share/base_msgs_per/msg/LocalPathPoint.idl\n'}
[0.387526] (base_msgs_per) StdoutLine: {'line': b'-- Up-to-date: /home/abc/perception_with_ros2/install/base_msgs_per/share/base_msgs_per/msg/LocalPath.idl\n'}
[0.387650] (base_msgs_per) StdoutLine: {'line': b'-- Up-to-date: /home/abc/perception_with_ros2/install/base_msgs_per/share/base_msgs_per/msg/LocalSpeedsPoint.idl\n'}
[0.387731] (base_msgs_per) StdoutLine: {'line': b'-- Up-to-date: /home/abc/perception_with_ros2/install/base_msgs_per/share/base_msgs_per/msg/LocalSpeeds.idl\n'}
[0.387790] (base_msgs_per) StdoutLine: {'line': b'-- Up-to-date: /home/abc/perception_with_ros2/install/base_msgs_per/share/base_msgs_per/msg/LocalTrajectoryPoint.idl\n'}
[0.387849] (base_msgs_per) StdoutLine: {'line': b'-- Up-to-date: /home/abc/perception_with_ros2/install/base_msgs_per/share/base_msgs_per/msg/LocalTrajectory.idl\n'}
[0.387908] (base_msgs_per) StdoutLine: {'line': b'-- Up-to-date: /home/abc/perception_with_ros2/install/base_msgs_per/share/base_msgs_per/msg/ObsInfo.idl\n'}
[0.387966] (base_msgs_per) StdoutLine: {'line': b'-- Up-to-date: /home/abc/perception_with_ros2/install/base_msgs_per/share/base_msgs_per/msg/PlotInfo.idl\n'}
[0.388023] (base_msgs_per) StdoutLine: {'line': b'-- Up-to-date: /home/abc/perception_with_ros2/install/base_msgs_per/share/base_msgs_per/srv/GlobalPathService.srv\n'}
[0.388080] (base_msgs_per) StdoutLine: {'line': b'-- Up-to-date: /home/abc/perception_with_ros2/install/base_msgs_per/share/base_msgs_per/srv/GlobalPathService_Request.msg\n'}
[0.388140] (base_msgs_per) StdoutLine: {'line': b'-- Up-to-date: /home/abc/perception_with_ros2/install/base_msgs_per/share/base_msgs_per/srv/GlobalPathService_Response.msg\n'}
[0.388207] (base_msgs_per) StdoutLine: {'line': b'-- Up-to-date: /home/abc/perception_with_ros2/install/base_msgs_per/share/base_msgs_per/srv/PNCMapService.srv\n'}
[0.388273] (base_msgs_per) StdoutLine: {'line': b'-- Up-to-date: /home/abc/perception_with_ros2/install/base_msgs_per/share/base_msgs_per/srv/PNCMapService_Request.msg\n'}
[0.388337] (base_msgs_per) StdoutLine: {'line': b'-- Up-to-date: /home/abc/perception_with_ros2/install/base_msgs_per/share/base_msgs_per/srv/PNCMapService_Response.msg\n'}
[0.388420] (base_msgs_per) StdoutLine: {'line': b'-- Up-to-date: /home/abc/perception_with_ros2/install/base_msgs_per/share/base_msgs_per/msg/PNCMap.msg\n'}
[0.388549] (base_msgs_per) StdoutLine: {'line': b'-- Up-to-date: /home/abc/perception_with_ros2/install/base_msgs_per/share/base_msgs_per/msg/ReferlinePoint.msg\n'}
[0.388633] (base_msgs_per) StdoutLine: {'line': b'-- Up-to-date: /home/abc/perception_with_ros2/install/base_msgs_per/share/base_msgs_per/msg/Referline.msg\n'}
[0.388690] (base_msgs_per) StdoutLine: {'line': b'-- Up-to-date: /home/abc/perception_with_ros2/install/base_msgs_per/share/base_msgs_per/msg/LocalPathPoint.msg\n'}
[0.388753] (base_msgs_per) StdoutLine: {'line': b'-- Up-to-date: /home/abc/perception_with_ros2/install/base_msgs_per/share/base_msgs_per/msg/LocalPath.msg\n'}
[0.388814] (base_msgs_per) StdoutLine: {'line': b'-- Up-to-date: /home/abc/perception_with_ros2/install/base_msgs_per/share/base_msgs_per/msg/LocalSpeedsPoint.msg\n'}
[0.388876] (base_msgs_per) StdoutLine: {'line': b'-- Up-to-date: /home/abc/perception_with_ros2/install/base_msgs_per/share/base_msgs_per/msg/LocalSpeeds.msg\n'}
[0.388933] (base_msgs_per) StdoutLine: {'line': b'-- Up-to-date: /home/abc/perception_with_ros2/install/base_msgs_per/share/base_msgs_per/msg/LocalTrajectoryPoint.msg\n'}
[0.389023] (base_msgs_per) StdoutLine: {'line': b'-- Up-to-date: /home/abc/perception_with_ros2/install/base_msgs_per/share/base_msgs_per/msg/LocalTrajectory.msg\n'}
[0.389086] (base_msgs_per) StdoutLine: {'line': b'-- Up-to-date: /home/abc/perception_with_ros2/install/base_msgs_per/share/base_msgs_per/msg/ObsInfo.msg\n'}
[0.389147] (base_msgs_per) StdoutLine: {'line': b'-- Up-to-date: /home/abc/perception_with_ros2/install/base_msgs_per/share/base_msgs_per/msg/PlotInfo.msg\n'}
[0.389208] (base_msgs_per) StdoutLine: {'line': b'-- Up-to-date: /home/abc/perception_with_ros2/install/base_msgs_per/share/ament_index/resource_index/package_run_dependencies/base_msgs_per\n'}
[0.389295] (base_msgs_per) StdoutLine: {'line': b'-- Up-to-date: /home/abc/perception_with_ros2/install/base_msgs_per/share/ament_index/resource_index/parent_prefix_path/base_msgs_per\n'}
[0.389356] (base_msgs_per) StdoutLine: {'line': b'-- Up-to-date: /home/abc/perception_with_ros2/install/base_msgs_per/share/base_msgs_per/environment/ament_prefix_path.sh\n'}
[0.389419] (base_msgs_per) StdoutLine: {'line': b'-- Up-to-date: /home/abc/perception_with_ros2/install/base_msgs_per/share/base_msgs_per/environment/ament_prefix_path.dsv\n'}
[0.389499] (base_msgs_per) StdoutLine: {'line': b'-- Up-to-date: /home/abc/perception_with_ros2/install/base_msgs_per/share/base_msgs_per/environment/path.sh\n'}
[0.389585] (base_msgs_per) StdoutLine: {'line': b'-- Up-to-date: /home/abc/perception_with_ros2/install/base_msgs_per/share/base_msgs_per/environment/path.dsv\n'}
[0.389672] (base_msgs_per) StdoutLine: {'line': b'-- Up-to-date: /home/abc/perception_with_ros2/install/base_msgs_per/share/base_msgs_per/local_setup.bash\n'}
[0.389737] (base_msgs_per) StdoutLine: {'line': b'-- Up-to-date: /home/abc/perception_with_ros2/install/base_msgs_per/share/base_msgs_per/local_setup.sh\n'}
[0.389798] (base_msgs_per) StdoutLine: {'line': b'-- Up-to-date: /home/abc/perception_with_ros2/install/base_msgs_per/share/base_msgs_per/local_setup.zsh\n'}
[0.389862] (base_msgs_per) StdoutLine: {'line': b'-- Up-to-date: /home/abc/perception_with_ros2/install/base_msgs_per/share/base_msgs_per/local_setup.dsv\n'}
[0.389981] (base_msgs_per) StdoutLine: {'line': b'-- Installing: /home/abc/perception_with_ros2/install/base_msgs_per/share/base_msgs_per/package.dsv\n'}
[0.390051] (base_msgs_per) StdoutLine: {'line': b'-- Up-to-date: /home/abc/perception_with_ros2/install/base_msgs_per/share/ament_index/resource_index/packages/base_msgs_per\n'}
[0.390145] (base_msgs_per) StdoutLine: {'line': b'-- Up-to-date: /home/abc/perception_with_ros2/install/base_msgs_per/share/base_msgs_per/cmake/export_base_msgs_per__rosidl_generator_cExport.cmake\n'}
[0.390222] (base_msgs_per) StdoutLine: {'line': b'-- Up-to-date: /home/abc/perception_with_ros2/install/base_msgs_per/share/base_msgs_per/cmake/export_base_msgs_per__rosidl_generator_cExport-noconfig.cmake\n'}
[0.390295] (base_msgs_per) StdoutLine: {'line': b'-- Up-to-date: /home/abc/perception_with_ros2/install/base_msgs_per/share/base_msgs_per/cmake/export_base_msgs_per__rosidl_typesupport_fastrtps_cExport.cmake\n'}
[0.390395] (base_msgs_per) StdoutLine: {'line': b'-- Up-to-date: /home/abc/perception_with_ros2/install/base_msgs_per/share/base_msgs_per/cmake/export_base_msgs_per__rosidl_typesupport_fastrtps_cExport-noconfig.cmake\n'}
[0.390451] (base_msgs_per) StdoutLine: {'line': b'-- Up-to-date: /home/abc/perception_with_ros2/install/base_msgs_per/share/base_msgs_per/cmake/base_msgs_per__rosidl_typesupport_introspection_cExport.cmake\n'}
[0.390507] (base_msgs_per) StdoutLine: {'line': b'-- Up-to-date: /home/abc/perception_with_ros2/install/base_msgs_per/share/base_msgs_per/cmake/base_msgs_per__rosidl_typesupport_introspection_cExport-noconfig.cmake\n'}
[0.390576] (base_msgs_per) StdoutLine: {'line': b'-- Up-to-date: /home/abc/perception_with_ros2/install/base_msgs_per/share/base_msgs_per/cmake/base_msgs_per__rosidl_typesupport_cExport.cmake\n'}
[0.390633] (base_msgs_per) StdoutLine: {'line': b'-- Up-to-date: /home/abc/perception_with_ros2/install/base_msgs_per/share/base_msgs_per/cmake/base_msgs_per__rosidl_typesupport_cExport-noconfig.cmake\n'}
[0.390687] (base_msgs_per) StdoutLine: {'line': b'-- Up-to-date: /home/abc/perception_with_ros2/install/base_msgs_per/share/base_msgs_per/cmake/export_base_msgs_per__rosidl_generator_cppExport.cmake\n'}
[0.390741] (base_msgs_per) StdoutLine: {'line': b'-- Up-to-date: /home/abc/perception_with_ros2/install/base_msgs_per/share/base_msgs_per/cmake/export_base_msgs_per__rosidl_typesupport_fastrtps_cppExport.cmake\n'}
[0.390795] (base_msgs_per) StdoutLine: {'line': b'-- Up-to-date: /home/abc/perception_with_ros2/install/base_msgs_per/share/base_msgs_per/cmake/export_base_msgs_per__rosidl_typesupport_fastrtps_cppExport-noconfig.cmake\n'}
[0.390849] (base_msgs_per) StdoutLine: {'line': b'-- Up-to-date: /home/abc/perception_with_ros2/install/base_msgs_per/share/base_msgs_per/cmake/base_msgs_per__rosidl_typesupport_introspection_cppExport.cmake\n'}
[0.390902] (base_msgs_per) StdoutLine: {'line': b'-- Up-to-date: /home/abc/perception_with_ros2/install/base_msgs_per/share/base_msgs_per/cmake/base_msgs_per__rosidl_typesupport_introspection_cppExport-noconfig.cmake\n'}
[0.390956] (base_msgs_per) StdoutLine: {'line': b'-- Up-to-date: /home/abc/perception_with_ros2/install/base_msgs_per/share/base_msgs_per/cmake/base_msgs_per__rosidl_typesupport_cppExport.cmake\n'}
[0.391009] (base_msgs_per) StdoutLine: {'line': b'-- Up-to-date: /home/abc/perception_with_ros2/install/base_msgs_per/share/base_msgs_per/cmake/base_msgs_per__rosidl_typesupport_cppExport-noconfig.cmake\n'}
[0.391066] (base_msgs_per) StdoutLine: {'line': b'-- Up-to-date: /home/abc/perception_with_ros2/install/base_msgs_per/share/base_msgs_per/cmake/export_base_msgs_per__rosidl_generator_pyExport.cmake\n'}
[0.391124] (base_msgs_per) StdoutLine: {'line': b'-- Up-to-date: /home/abc/perception_with_ros2/install/base_msgs_per/share/base_msgs_per/cmake/export_base_msgs_per__rosidl_generator_pyExport-noconfig.cmake\n'}
[0.391181] (base_msgs_per) StdoutLine: {'line': b'-- Up-to-date: /home/abc/perception_with_ros2/install/base_msgs_per/share/base_msgs_per/cmake/rosidl_cmake-extras.cmake\n'}
[0.391238] (base_msgs_per) StdoutLine: {'line': b'-- Up-to-date: /home/abc/perception_with_ros2/install/base_msgs_per/share/base_msgs_per/cmake/ament_cmake_export_dependencies-extras.cmake\n'}
[0.391294] (base_msgs_per) StdoutLine: {'line': b'-- Up-to-date: /home/abc/perception_with_ros2/install/base_msgs_per/share/base_msgs_per/cmake/ament_cmake_export_include_directories-extras.cmake\n'}
[0.391384] (base_msgs_per) StdoutLine: {'line': b'-- Up-to-date: /home/abc/perception_with_ros2/install/base_msgs_per/share/base_msgs_per/cmake/ament_cmake_export_libraries-extras.cmake\n'}
[0.391454] (base_msgs_per) StdoutLine: {'line': b'-- Up-to-date: /home/abc/perception_with_ros2/install/base_msgs_per/share/base_msgs_per/cmake/ament_cmake_export_targets-extras.cmake\n'}
[0.391521] (base_msgs_per) StdoutLine: {'line': b'-- Up-to-date: /home/abc/perception_with_ros2/install/base_msgs_per/share/base_msgs_per/cmake/rosidl_cmake_export_typesupport_targets-extras.cmake\n'}
[0.391769] (base_msgs_per) StdoutLine: {'line': b'-- Up-to-date: /home/abc/perception_with_ros2/install/base_msgs_per/share/base_msgs_per/cmake/rosidl_cmake_export_typesupport_libraries-extras.cmake\n'}
[0.391877] (base_msgs_per) StdoutLine: {'line': b'-- Up-to-date: /home/abc/perception_with_ros2/install/base_msgs_per/share/base_msgs_per/cmake/base_msgs_perConfig.cmake\n'}
[0.391947] (base_msgs_per) StdoutLine: {'line': b'-- Up-to-date: /home/abc/perception_with_ros2/install/base_msgs_per/share/base_msgs_per/cmake/base_msgs_perConfig-version.cmake\n'}
[0.392012] (base_msgs_per) StdoutLine: {'line': b'-- Up-to-date: /home/abc/perception_with_ros2/install/base_msgs_per/share/base_msgs_per/package.xml\n'}
[0.392424] (base_msgs_per) CommandEnded: {'returncode': 0}
[0.400357] (-) TimerEvent: {}
[0.410686] (base_msgs_per) JobEnded: {'identifier': 'base_msgs_per', 'rc': 0}
[0.411291] (perception) JobStarted: {'identifier': 'perception'}
[0.418619] (perception) JobProgress: {'identifier': 'perception', 'progress': 'cmake'}
[0.419147] (perception) JobProgress: {'identifier': 'perception', 'progress': 'build'}
[0.419396] (perception) Command: {'cmd': ['/usr/local/bin/cmake', '--build', '/home/abc/perception_with_ros2/build/perception', '--', '-j12', '-l12'], 'cwd': '/home/abc/perception_with_ros2/build/perception', 'env': OrderedDict([('GJS_DEBUG_TOPICS', 'JS ERROR;JS LOG'), ('PYTHON_BASIC_REPL', '1'), ('LESSOPEN', '| /usr/bin/lesspipe %s'), ('LANGUAGE', 'en_US:en'), ('USER', 'abc'), ('LC_TIME', 'zh_CN.UTF-8'), ('XDG_SESSION_TYPE', 'x11'), ('GIT_ASKPASS', '/usr/share/code/resources/app/extensions/git/dist/askpass.sh'), ('SHLVL', '1'), ('LD_LIBRARY_PATH', '/home/abc/perception_with_ros2/install/base_msgs_per/lib:/home/abc/perception_with_ros2/install/perception/lib:/home/abc/perception_with_ros2/install/perception/lib:/home/abc/perception_with_ros2/install/perception/lib:/home/abc/planning_with_ros2/install/planning/lib:/home/abc/planning_with_ros2/install/base_msgs/lib:/usr/lib/x86_64-linux-gnu/gazebo-11/plugins:/opt/ros/humble/opt/rviz_ogre_vendor/lib:/opt/ros/humble/lib/x86_64-linux-gnu:/opt/ros/humble/lib'), ('HOME', '/home/abc'), ('CHROME_DESKTOP', 'code.desktop'), ('TERM_PROGRAM_VERSION', '1.108.0'), ('DESKTOP_SESSION', 'ubuntu'), ('GIO_LAUNCHED_DESKTOP_FILE', '/usr/share/applications/code.desktop'), ('ROS_PYTHON_VERSION', '3'), ('GNOME_SHELL_SESSION_MODE', 'ubuntu'), ('GTK_MODULES', 'gail:atk-bridge'), ('VSCODE_GIT_ASKPASS_MAIN', '/usr/share/code/resources/app/extensions/git/dist/askpass-main.js'), ('LC_MONETARY', 'zh_CN.UTF-8'), ('VSCODE_GIT_ASKPASS_NODE', '/usr/share/code/code'), ('MANAGERPID', '1149'), ('PYDEVD_DISABLE_FILE_VALIDATION', '1'), ('SYSTEMD_EXEC_PID', '1608'), ('BUNDLED_DEBUGPY_PATH', '/home/abc/.vscode/extensions/ms-python.debugpy-2025.18.0-linux-x64/bundled/libs/debugpy'), ('VSCODE_PYTHON_AUTOACTIVATE_GUARD', '1'), ('DBUS_SESSION_BUS_ADDRESS', 'unix:path=/run/user/1000/bus'), ('COLORTERM', 'truecolor'), ('GIO_LAUNCHED_DESKTOP_FILE_PID', '584985'), ('COLCON_PREFIX_PATH', '/home/abc/perception_with_ros2/install:/home/abc/planning_with_ros2/install'), ('ROS_DISTRO', 'humble'), ('GTK_IM_MODULE', 'ibus'), ('LOGNAME', 'abc'), ('JOURNAL_STREAM', '8:909'), ('_', '/usr/bin/colcon'), ('ROS_VERSION', '2'), ('XDG_SESSION_CLASS', 'user'), ('USERNAME', 'abc'), ('TERM', 'xterm-256color'), ('GNOME_DESKTOP_SESSION_ID', 'this-is-deprecated'), ('FC_FONTATIONS', '1'), ('ROS_LOCALHOST_ONLY', '0'), ('WINDOWPATH', '2'), ('PATH', '/home/abc/.config/Code/User/globalStorage/github.copilot-chat/debugCommand:/home/abc/.config/Code/User/globalStorage/github.copilot-chat/copilotCli:/opt/ros/humble/bin:/usr/local/sbin:/usr/local/bin:/usr/sbin:/usr/bin:/sbin:/bin:/usr/games:/usr/local/games:/snap/bin:/snap/bin:/home/abc/.vscode/extensions/ms-python.debugpy-2025.18.0-linux-x64/bundled/scripts/noConfigScripts'), ('SESSION_MANAGER', 'local/abc-G3-3500:@/tmp/.ICE-unix/1581,unix/abc-G3-3500:/tmp/.ICE-unix/1581'), ('INVOCATION_ID', 'c5577e6a91294bed97fcbd6a37e1442b'), ('PAPERSIZE', 'a4'), ('XDG_MENU_PREFIX', 'gnome-'), ('LC_ADDRESS', 'zh_CN.UTF-8'), ('XDG_RUNTIME_DIR', '/run/user/1000'), ('GDK_BACKEND', 'x11'), ('DISPLAY', ':0'), ('VSCODE_DEBUGPY_ADAPTER_ENDPOINTS', '/home/abc/.vscode/extensions/ms-python.debugpy-2025.18.0-linux-x64/.noConfigDebugAdapterEndpoints/endpoint-0370d1c5f2548263.txt'), ('LANG', 'en_US.UTF-8'), ('XDG_CURRENT_DESKTOP', 'ubuntu:GNOME'), ('PYTHONSTARTUP', '/home/abc/.config/Code/User/workspaceStorage/28936fba8b94055b776ffa577577e387/ms-python.python/pythonrc.py'), ('LC_TELEPHONE', 'zh_CN.UTF-8'), ('XMODIFIERS', '@im=ibus'), ('XDG_SESSION_DESKTOP', 'ubuntu'), ('XAUTHORITY', '/run/user/1000/gdm/Xauthority'), ('LS_COLORS', 'rs=0:di=01;34:ln=01;36:mh=00:pi=40;33:so=01;35:do=01;35:bd=40;33;01:cd=40;33;01:or=40;31;01:mi=00:su=37;41:sg=30;43:ca=30;41:tw=30;42:ow=34;42:st=37;44:ex=01;32:*.tar=01;31:*.tgz=01;31:*.arc=01;31:*.arj=01;31:*.taz=01;31:*.lha=01;31:*.lz4=01;31:*.lzh=01;31:*.lzma=01;31:*.tlz=01;31:*.txz=01;31:*.tzo=01;31:*.t7z=01;31:*.zip=01;31:*.z=01;31:*.dz=01;31:*.gz=01;31:*.lrz=01;31:*.lz=01;31:*.lzo=01;31:*.xz=01;31:*.zst=01;31:*.tzst=01;31:*.bz2=01;31:*.bz=01;31:*.tbz=01;31:*.tbz2=01;31:*.tz=01;31:*.deb=01;31:*.rpm=01;31:*.jar=01;31:*.war=01;31:*.ear=01;31:*.sar=01;31:*.rar=01;31:*.alz=01;31:*.ace=01;31:*.zoo=01;31:*.cpio=01;31:*.7z=01;31:*.rz=01;31:*.cab=01;31:*.wim=01;31:*.swm=01;31:*.dwm=01;31:*.esd=01;31:*.jpg=01;35:*.jpeg=01;35:*.mjpg=01;35:*.mjpeg=01;35:*.gif=01;35:*.bmp=01;35:*.pbm=01;35:*.pgm=01;35:*.ppm=01;35:*.tga=01;35:*.xbm=01;35:*.xpm=01;35:*.tif=01;35:*.tiff=01;35:*.png=01;35:*.svg=01;35:*.svgz=01;35:*.mng=01;35:*.pcx=01;35:*.mov=01;35:*.mpg=01;35:*.mpeg=01;35:*.m2v=01;35:*.mkv=01;35:*.webm=01;35:*.webp=01;35:*.ogm=01;35:*.mp4=01;35:*.m4v=01;35:*.mp4v=01;35:*.vob=01;35:*.qt=01;35:*.nuv=01;35:*.wmv=01;35:*.asf=01;35:*.rm=01;35:*.rmvb=01;35:*.flc=01;35:*.avi=01;35:*.fli=01;35:*.flv=01;35:*.gl=01;35:*.dl=01;35:*.xcf=01;35:*.xwd=01;35:*.yuv=01;35:*.cgm=01;35:*.emf=01;35:*.ogv=01;35:*.ogx=01;35:*.aac=00;36:*.au=00;36:*.flac=00;36:*.m4a=00;36:*.mid=00;36:*.midi=00;36:*.mka=00;36:*.mp3=00;36:*.mpc=00;36:*.ogg=00;36:*.ra=00;36:*.wav=00;36:*.oga=00;36:*.opus=00;36:*.spx=00;36:*.xspf=00;36:'), ('ROS2_PERCEPTION_COURSE_INSTALL', '/home/abc/perception_with_ros2/install'), ('VSCODE_GIT_IPC_HANDLE', '/run/user/1000/vscode-git-5e4b9a72ca.sock'), ('TERM_PROGRAM', 'vscode'), ('SSH_AGENT_LAUNCHER', 'gnome-keyring'), ('SSH_AUTH_SOCK', '/run/user/1000/keyring/ssh'), ('ROS_DOMAIN_ID', '2'), ('AMENT_PREFIX_PATH', '/home/abc/perception_with_ros2/install/perception:/home/abc/perception_with_ros2/install/data_plot_per:/home/abc/perception_with_ros2/install/base_msgs_per:/home/abc/planning_with_ros2/install/planning:/home/abc/planning_with_ros2/install/data_plot:/home/abc/planning_with_ros2/install/base_msgs:/opt/ros/humble'), ('SHELL', '/bin/bash'), ('LC_NAME', 'zh_CN.UTF-8'), ('QT_ACCESSIBILITY', '1'), ('GDMSESSION', 'ubuntu'), ('LESSCLOSE', '/usr/bin/lesspipe %s %s'), ('LC_MEASUREMENT', 'zh_CN.UTF-8'), ('GPG_AGENT_INFO', '/run/user/1000/gnupg/S.gpg-agent:0:1'), ('GJS_DEBUG_OUTPUT', 'stderr'), ('LC_IDENTIFICATION', 'zh_CN.UTF-8'), ('VSCODE_GIT_ASKPASS_EXTRA_ARGS', ''), ('QT_IM_MODULE', 'ibus'), ('PWD', '/home/abc/perception_with_ros2/build/perception'), ('LC_ALL', 'en_US.UTF-8'), ('XDG_CONFIG_DIRS', '/etc/xdg/xdg-ubuntu:/etc/xdg'), ('XDG_DATA_DIRS', '/usr/share/ubuntu:/usr/share/gnome:/usr/local/share/:/usr/share/:/var/lib/snapd/desktop'), ('PYTHONPATH', '/home/abc/perception_with_ros2/install/data_plot_per/lib/python3.10/site-packages:/home/abc/perception_with_ros2/install/base_msgs_per/local/lib/python3.10/dist-packages:/home/abc/planning_with_ros2/install/data_plot/lib/python3.10/site-packages:/home/abc/planning_with_ros2/install/base_msgs/local/lib/python3.10/dist-packages:/opt/ros/humble/lib/python3.10/site-packages:/opt/ros/humble/local/lib/python3.10/dist-packages'), ('LC_NUMERIC', 'zh_CN.UTF-8'), ('LC_PAPER', 'zh_CN.UTF-8'), ('COLCON', '1'), ('CMAKE_PREFIX_PATH', '/home/abc/perception_with_ros2/install/base_msgs_per:/home/abc/perception_with_ros2/install/perception:/home/abc/planning_with_ros2/install/planning:/home/abc/planning_with_ros2/install/base_msgs:/home/abc/perception_with_ros2/install/data_plot_per:/home/abc/planning_with_ros2/install/data_plot:/opt/ros/humble')]), 'shell': False}
[0.445598] (perception) StdoutLine: {'line': b'[  5%] Built target config_reader\n'}
[0.446410] (perception) StdoutLine: {'line': b'[ 10%] Built target newton_test\n'}
[0.446734] (perception) StdoutLine: {'line': b'[ 15%] Built target osqp_test\n'}
[0.447064] (perception) StdoutLine: {'line': b'[ 23%] Built target mathlibs\n'}
[0.460350] (perception) StdoutLine: {'line': b'[ 30%] Built target vehicle_info\n'}
[0.460570] (perception) StdoutLine: {'line': b'[ 35%] Built target global_planner\n'}
[0.460777] (perception) StdoutLine: {'line': b'[ 43%] Built target pnc_map_creator\n'}
[0.462568] (perception) StdoutLine: {'line': b'[ 51%] Built target reference_line\n'}
[0.472434] (perception) StdoutLine: {'line': b'[ 56%] Built target decision_center\n'}
[0.473249] (perception) StdoutLine: {'line': b'[ 61%] Built target pnc_map_server\n'}
[0.474294] (perception) StdoutLine: {'line': b'[ 66%] Built target obs_move_cmd\n'}
[0.476918] (perception) StdoutLine: {'line': b'[ 71%] Built target global_path_server\n'}
[0.477636] (perception) StdoutLine: {'line': b'[ 76%] Built target car_move_cmd\n'}
[0.494623] (perception) StdoutLine: {'line': b'[ 92%] Built target local_planner\n'}
[0.500455] (-) TimerEvent: {}
[0.511854] (perception) StdoutLine: {'line': b'[100%] Built target perception_process\n'}
[0.515331] (perception) CommandEnded: {'returncode': 0}
[0.516075] (perception) JobProgress: {'identifier': 'perception', 'progress': 'install'}
[0.516301] (perception) Command: {'cmd': ['/usr/local/bin/cmake', '--install', '/home/abc/perception_with_ros2/build/perception'], 'cwd': '/home/abc/perception_with_ros2/build/perception', 'env': OrderedDict([('GJS_DEBUG_TOPICS', 'JS ERROR;JS LOG'), ('PYTHON_BASIC_REPL', '1'), ('LESSOPEN', '| /usr/bin/lesspipe %s'), ('LANGUAGE', 'en_US:en'), ('USER', 'abc'), ('LC_TIME', 'zh_CN.UTF-8'), ('XDG_SESSION_TYPE', 'x11'), ('GIT_ASKPASS', '/usr/share/code/resources/app/extensions/git/dist/askpass.sh'), ('SHLVL', '1'), ('LD_LIBRARY_PATH', '/home/abc/perception_with_ros2/install/base_msgs_per/lib:/home/abc/perception_with_ros2/install/perception/lib:/home/abc/perception_with_ros2/install/perception/lib:/home/abc/perception_with_ros2/install/perception/lib:/home/abc/planning_with_ros2/install/planning/lib:/home/abc/planning_with_ros2/install/base_msgs/lib:/usr/lib/x86_64-linux-gnu/gazebo-11/plugins:/opt/ros/humble/opt/rviz_ogre_vendor/lib:/opt/ros/humble/lib/x86_64-linux-gnu:/opt/ros/humble/lib'), ('HOME', '/home/abc'), ('CHROME_DESKTOP', 'code.desktop'), ('TERM_PROGRAM_VERSION', '1.108.0'), ('DESKTOP_SESSION', 'ubuntu'), ('GIO_LAUNCHED_DESKTOP_FILE', '/usr/share/applications/code.desktop'), ('ROS_PYTHON_VERSION', '3'), ('GNOME_SHELL_SESSION_MODE', 'ubuntu'), ('GTK_MODULES', 'gail:atk-bridge'), ('VSCODE_GIT_ASKPASS_MAIN', '/usr/share/code/resources/app/extensions/git/dist/askpass-main.js'), ('LC_MONETARY', 'zh_CN.UTF-8'), ('VSCODE_GIT_ASKPASS_NODE', '/usr/share/code/code'), ('MANAGERPID', '1149'), ('PYDEVD_DISABLE_FILE_VALIDATION', '1'), ('SYSTEMD_EXEC_PID', '1608'), ('BUNDLED_DEBUGPY_PATH', '/home/abc/.vscode/extensions/ms-python.debugpy-2025.18.0-linux-x64/bundled/libs/debugpy'), ('VSCODE_PYTHON_AUTOACTIVATE_GUARD', '1'), ('DBUS_SESSION_BUS_ADDRESS', 'unix:path=/run/user/1000/bus'), ('COLORTERM', 'truecolor'), ('GIO_LAUNCHED_DESKTOP_FILE_PID', '584985'), ('COLCON_PREFIX_PATH', '/home/abc/perception_with_ros2/install:/home/abc/planning_with_ros2/install'), ('ROS_DISTRO', 'humble'), ('GTK_IM_MODULE', 'ibus'), ('LOGNAME', 'abc'), ('JOURNAL_STREAM', '8:909'), ('_', '/usr/bin/colcon'), ('ROS_VERSION', '2'), ('XDG_SESSION_CLASS', 'user'), ('USERNAME', 'abc'), ('TERM', 'xterm-256color'), ('GNOME_DESKTOP_SESSION_ID', 'this-is-deprecated'), ('FC_FONTATIONS', '1'), ('ROS_LOCALHOST_ONLY', '0'), ('WINDOWPATH', '2'), ('PATH', '/home/abc/.config/Code/User/globalStorage/github.copilot-chat/debugCommand:/home/abc/.config/Code/User/globalStorage/github.copilot-chat/copilotCli:/opt/ros/humble/bin:/usr/local/sbin:/usr/local/bin:/usr/sbin:/usr/bin:/sbin:/bin:/usr/games:/usr/local/games:/snap/bin:/snap/bin:/home/abc/.vscode/extensions/ms-python.debugpy-2025.18.0-linux-x64/bundled/scripts/noConfigScripts'), ('SESSION_MANAGER', 'local/abc-G3-3500:@/tmp/.ICE-unix/1581,unix/abc-G3-3500:/tmp/.ICE-unix/1581'), ('INVOCATION_ID', 'c5577e6a91294bed97fcbd6a37e1442b'), ('PAPERSIZE', 'a4'), ('XDG_MENU_PREFIX', 'gnome-'), ('LC_ADDRESS', 'zh_CN.UTF-8'), ('XDG_RUNTIME_DIR', '/run/user/1000'), ('GDK_BACKEND', 'x11'), ('DISPLAY', ':0'), ('VSCODE_DEBUGPY_ADAPTER_ENDPOINTS', '/home/abc/.vscode/extensions/ms-python.debugpy-2025.18.0-linux-x64/.noConfigDebugAdapterEndpoints/endpoint-0370d1c5f2548263.txt'), ('LANG', 'en_US.UTF-8'), ('XDG_CURRENT_DESKTOP', 'ubuntu:GNOME'), ('PYTHONSTARTUP', '/home/abc/.config/Code/User/workspaceStorage/28936fba8b94055b776ffa577577e387/ms-python.python/pythonrc.py'), ('LC_TELEPHONE', 'zh_CN.UTF-8'), ('XMODIFIERS', '@im=ibus'), ('XDG_SESSION_DESKTOP', 'ubuntu'), ('XAUTHORITY', '/run/user/1000/gdm/Xauthority'), ('LS_COLORS', 'rs=0:di=01;34:ln=01;36:mh=00:pi=40;33:so=01;35:do=01;35:bd=40;33;01:cd=40;33;01:or=40;31;01:mi=00:su=37;41:sg=30;43:ca=30;41:tw=30;42:ow=34;42:st=37;44:ex=01;32:*.tar=01;31:*.tgz=01;31:*.arc=01;31:*.arj=01;31:*.taz=01;31:*.lha=01;31:*.lz4=01;31:*.lzh=01;31:*.lzma=01;31:*.tlz=01;31:*.txz=01;31:*.tzo=01;31:*.t7z=01;31:*.zip=01;31:*.z=01;31:*.dz=01;31:*.gz=01;31:*.lrz=01;31:*.lz=01;31:*.lzo=01;31:*.xz=01;31:*.zst=01;31:*.tzst=01;31:*.bz2=01;31:*.bz=01;31:*.tbz=01;31:*.tbz2=01;31:*.tz=01;31:*.deb=01;31:*.rpm=01;31:*.jar=01;31:*.war=01;31:*.ear=01;31:*.sar=01;31:*.rar=01;31:*.alz=01;31:*.ace=01;31:*.zoo=01;31:*.cpio=01;31:*.7z=01;31:*.rz=01;31:*.cab=01;31:*.wim=01;31:*.swm=01;31:*.dwm=01;31:*.esd=01;31:*.jpg=01;35:*.jpeg=01;35:*.mjpg=01;35:*.mjpeg=01;35:*.gif=01;35:*.bmp=01;35:*.pbm=01;35:*.pgm=01;35:*.ppm=01;35:*.tga=01;35:*.xbm=01;35:*.xpm=01;35:*.tif=01;35:*.tiff=01;35:*.png=01;35:*.svg=01;35:*.svgz=01;35:*.mng=01;35:*.pcx=01;35:*.mov=01;35:*.mpg=01;35:*.mpeg=01;35:*.m2v=01;35:*.mkv=01;35:*.webm=01;35:*.webp=01;35:*.ogm=01;35:*.mp4=01;35:*.m4v=01;35:*.mp4v=01;35:*.vob=01;35:*.qt=01;35:*.nuv=01;35:*.wmv=01;35:*.asf=01;35:*.rm=01;35:*.rmvb=01;35:*.flc=01;35:*.avi=01;35:*.fli=01;35:*.flv=01;35:*.gl=01;35:*.dl=01;35:*.xcf=01;35:*.xwd=01;35:*.yuv=01;35:*.cgm=01;35:*.emf=01;35:*.ogv=01;35:*.ogx=01;35:*.aac=00;36:*.au=00;36:*.flac=00;36:*.m4a=00;36:*.mid=00;36:*.midi=00;36:*.mka=00;36:*.mp3=00;36:*.mpc=00;36:*.ogg=00;36:*.ra=00;36:*.wav=00;36:*.oga=00;36:*.opus=00;36:*.spx=00;36:*.xspf=00;36:'), ('ROS2_PERCEPTION_COURSE_INSTALL', '/home/abc/perception_with_ros2/install'), ('VSCODE_GIT_IPC_HANDLE', '/run/user/1000/vscode-git-5e4b9a72ca.sock'), ('TERM_PROGRAM', 'vscode'), ('SSH_AGENT_LAUNCHER', 'gnome-keyring'), ('SSH_AUTH_SOCK', '/run/user/1000/keyring/ssh'), ('ROS_DOMAIN_ID', '2'), ('AMENT_PREFIX_PATH', '/home/abc/perception_with_ros2/install/perception:/home/abc/perception_with_ros2/install/data_plot_per:/home/abc/perception_with_ros2/install/base_msgs_per:/home/abc/planning_with_ros2/install/planning:/home/abc/planning_with_ros2/install/data_plot:/home/abc/planning_with_ros2/install/base_msgs:/opt/ros/humble'), ('SHELL', '/bin/bash'), ('LC_NAME', 'zh_CN.UTF-8'), ('QT_ACCESSIBILITY', '1'), ('GDMSESSION', 'ubuntu'), ('LESSCLOSE', '/usr/bin/lesspipe %s %s'), ('LC_MEASUREMENT', 'zh_CN.UTF-8'), ('GPG_AGENT_INFO', '/run/user/1000/gnupg/S.gpg-agent:0:1'), ('GJS_DEBUG_OUTPUT', 'stderr'), ('LC_IDENTIFICATION', 'zh_CN.UTF-8'), ('VSCODE_GIT_ASKPASS_EXTRA_ARGS', ''), ('QT_IM_MODULE', 'ibus'), ('PWD', '/home/abc/perception_with_ros2/build/perception'), ('LC_ALL', 'en_US.UTF-8'), ('XDG_CONFIG_DIRS', '/etc/xdg/xdg-ubuntu:/etc/xdg'), ('XDG_DATA_DIRS', '/usr/share/ubuntu:/usr/share/gnome:/usr/local/share/:/usr/share/:/var/lib/snapd/desktop'), ('PYTHONPATH', '/home/abc/perception_with_ros2/install/data_plot_per/lib/python3.10/site-packages:/home/abc/perception_with_ros2/install/base_msgs_per/local/lib/python3.10/dist-packages:/home/abc/planning_with_ros2/install/data_plot/lib/python3.10/site-packages:/home/abc/planning_with_ros2/install/base_msgs/local/lib/python3.10/dist-packages:/opt/ros/humble/lib/python3.10/site-packages:/opt/ros/humble/local/lib/python3.10/dist-packages'), ('LC_NUMERIC', 'zh_CN.UTF-8'), ('LC_PAPER', 'zh_CN.UTF-8'), ('COLCON', '1'), ('CMAKE_PREFIX_PATH', '/home/abc/perception_with_ros2/install/base_msgs_per:/home/abc/perception_with_ros2/install/perception:/home/abc/planning_with_ros2/install/planning:/home/abc/planning_with_ros2/install/base_msgs:/home/abc/perception_with_ros2/install/data_plot_per:/home/abc/planning_with_ros2/install/data_plot:/opt/ros/humble')]), 'shell': False}
[0.518744] (perception) StdoutLine: {'line': b'-- Install configuration: ""\n'}
[0.519110] (perception) StdoutLine: {'line': b'-- Up-to-date: /home/abc/perception_with_ros2/install/perception/lib/libconfig_reader.so\n'}
[0.519364] (perception) StdoutLine: {'line': b'-- Up-to-date: /home/abc/perception_with_ros2/install/perception/lib/libmathlibs.so\n'}
[0.519761] (perception) StdoutLine: {'line': b'-- Up-to-date: /home/abc/perception_with_ros2/install/perception/lib/libdecision_center.so\n'}
[0.520156] (perception) StdoutLine: {'line': b'-- Up-to-date: /home/abc/perception_with_ros2/install/perception/lib/libpnc_map_creator.so\n'}
[0.520407] (perception) StdoutLine: {'line': b'-- Up-to-date: /home/abc/perception_with_ros2/install/perception/lib/perception/pnc_map_server\n'}
[0.520842] (perception) StdoutLine: {'line': b'-- Up-to-date: /home/abc/perception_with_ros2/install/perception/lib/libglobal_planner.so\n'}
[0.521081] (perception) StdoutLine: {'line': b'-- Up-to-date: /home/abc/perception_with_ros2/install/perception/lib/perception/global_path_server\n'}
[0.521519] (perception) StdoutLine: {'line': b'-- Up-to-date: /home/abc/perception_with_ros2/install/perception/lib/liblocal_planner.so\n'}
[0.521892] (perception) StdoutLine: {'line': b'-- Up-to-date: /home/abc/perception_with_ros2/install/perception/lib/libreference_line.so\n'}
[0.522282] (perception) StdoutLine: {'line': b'-- Up-to-date: /home/abc/perception_with_ros2/install/perception/lib/perception/osqp_test\n'}
[0.522548] (perception) StdoutLine: {'line': b'-- Up-to-date: /home/abc/perception_with_ros2/install/perception/lib/perception/newton_test\n'}
[0.522963] (perception) StdoutLine: {'line': b'-- Up-to-date: /home/abc/perception_with_ros2/install/perception/lib/libvehicle_info.so\n'}
[0.523377] (perception) StdoutLine: {'line': b'-- Up-to-date: /home/abc/perception_with_ros2/install/perception/lib/perception/perception_process\n'}
[0.523854] (perception) StdoutLine: {'line': b'-- Up-to-date: /home/abc/perception_with_ros2/install/perception/lib/perception/car_move_cmd\n'}
[0.524132] (perception) StdoutLine: {'line': b'-- Up-to-date: /home/abc/perception_with_ros2/install/perception/lib/perception/obs_move_cmd\n'}
[0.524311] (perception) StdoutLine: {'line': b'-- Up-to-date: /home/abc/perception_with_ros2/install/perception/share/perception/config\n'}
[0.524465] (perception) StdoutLine: {'line': b'-- Installing: /home/abc/perception_with_ros2/install/perception/share/perception/config/perception_static_obs_config.yaml\n'}
[0.524650] (perception) StdoutLine: {'line': b'-- Up-to-date: /home/abc/perception_with_ros2/install/perception/share/perception/config/perception_dynamic_obs_config.yaml\n'}
[0.524800] (perception) StdoutLine: {'line': b'-- Up-to-date: /home/abc/perception_with_ros2/install/perception/share/perception/launch\n'}
[0.524930] (perception) StdoutLine: {'line': b'-- Up-to-date: /home/abc/perception_with_ros2/install/perception/share/perception/launch/perception_launch.py\n'}
[0.525067] (perception) StdoutLine: {'line': b'-- Up-to-date: /home/abc/perception_with_ros2/install/perception/share/perception/launch/move_cmd_launch.py\n'}
[0.525166] (perception) StdoutLine: {'line': b'-- Up-to-date: /home/abc/perception_with_ros2/install/perception/share/perception/urdf\n'}
[0.525229] (perception) StdoutLine: {'line': b'-- Up-to-date: /home/abc/perception_with_ros2/install/perception/share/perception/urdf/main_car\n'}
[0.525325] (perception) StdoutLine: {'line': b'-- Up-to-date: /home/abc/perception_with_ros2/install/perception/share/perception/urdf/main_car/car_camera.xacro\n'}
[0.525386] (perception) StdoutLine: {'line': b'-- Up-to-date: /home/abc/perception_with_ros2/install/perception/share/perception/urdf/main_car/car_base.xacro\n'}
[0.525445] (perception) StdoutLine: {'line': b'-- Up-to-date: /home/abc/perception_with_ros2/install/perception/share/perception/urdf/main_car/car_radar.xacro\n'}
[0.525506] (perception) StdoutLine: {'line': b'-- Up-to-date: /home/abc/perception_with_ros2/install/perception/share/perception/urdf/main_car/car.xacro\n'}
[0.525685] (perception) StdoutLine: {'line': b'-- Up-to-date: /home/abc/perception_with_ros2/install/perception/share/perception/urdf/main_car/car_wheels.xacro\n'}
[0.525748] (perception) StdoutLine: {'line': b'-- Up-to-date: /home/abc/perception_with_ros2/install/perception/share/perception/urdf/obs_car\n'}
[0.525804] (perception) StdoutLine: {'line': b'-- Installing: /home/abc/perception_with_ros2/install/perception/share/perception/urdf/obs_car/obs_car.xacro\n'}
[0.525859] (perception) StdoutLine: {'line': b'-- Up-to-date: /home/abc/perception_with_ros2/install/perception/share/perception/rviz\n'}
[0.525914] (perception) StdoutLine: {'line': b'-- Up-to-date: /home/abc/perception_with_ros2/install/perception/share/perception/rviz/perception.rviz\n'}
[0.525970] (perception) StdoutLine: {'line': b'-- Up-to-date: /home/abc/perception_with_ros2/install/perception/share/ament_index/resource_index/package_run_dependencies/perception\n'}
[0.526025] (perception) StdoutLine: {'line': b'-- Up-to-date: /home/abc/perception_with_ros2/install/perception/share/ament_index/resource_index/parent_prefix_path/perception\n'}
[0.526082] (perception) StdoutLine: {'line': b'-- Up-to-date: /home/abc/perception_with_ros2/install/perception/share/perception/environment/ament_prefix_path.sh\n'}
[0.526140] (perception) StdoutLine: {'line': b'-- Up-to-date: /home/abc/perception_with_ros2/install/perception/share/perception/environment/ament_prefix_path.dsv\n'}
[0.526215] (perception) StdoutLine: {'line': b'-- Up-to-date: /home/abc/perception_with_ros2/install/perception/share/perception/environment/path.sh\n'}
[0.526272] (perception) StdoutLine: {'line': b'-- Up-to-date: /home/abc/perception_with_ros2/install/perception/share/perception/environment/path.dsv\n'}
[0.526328] (perception) StdoutLine: {'line': b'-- Up-to-date: /home/abc/perception_with_ros2/install/perception/share/perception/local_setup.bash\n'}
[0.526384] (perception) StdoutLine: {'line': b'-- Up-to-date: /home/abc/perception_with_ros2/install/perception/share/perception/local_setup.sh\n'}
[0.526441] (perception) StdoutLine: {'line': b'-- Up-to-date: /home/abc/perception_with_ros2/install/perception/share/perception/local_setup.zsh\n'}
[0.526503] (perception) StdoutLine: {'line': b'-- Up-to-date: /home/abc/perception_with_ros2/install/perception/share/perception/local_setup.dsv\n'}
[0.526682] (perception) StdoutLine: {'line': b'-- Installing: /home/abc/perception_with_ros2/install/perception/share/perception/package.dsv\n'}
[0.526866] (perception) StdoutLine: {'line': b'-- Up-to-date: /home/abc/perception_with_ros2/install/perception/share/ament_index/resource_index/packages/perception\n'}
[0.526928] (perception) StdoutLine: {'line': b'-- Up-to-date: /home/abc/perception_with_ros2/install/perception/share/perception/cmake/perceptionConfig.cmake\n'}
[0.526988] (perception) StdoutLine: {'line': b'-- Up-to-date: /home/abc/perception_with_ros2/install/perception/share/perception/cmake/perceptionConfig-version.cmake\n'}
[0.527095] (perception) StdoutLine: {'line': b'-- Up-to-date: /home/abc/perception_with_ros2/install/perception/share/perception/package.xml\n'}
[0.527590] (perception) CommandEnded: {'returncode': 0}
[0.543286] (perception) JobEnded: {'identifier': 'perception', 'rc': 0}
[0.600573] (-) TimerEvent: {}
[0.668435] (data_plot_per) Command: {'cmd': ['/usr/bin/python3', '-W', 'ignore:setup.py install is deprecated', '-W', 'ignore:easy_install command is deprecated', 'setup.py', 'egg_info', '--egg-base', '../../build/data_plot_per', 'build', '--build-base', '/home/abc/perception_with_ros2/build/data_plot_per/build', 'install', '--record', '/home/abc/perception_with_ros2/build/data_plot_per/install.log', '--single-version-externally-managed', 'install_data'], 'cwd': '/home/abc/perception_with_ros2/src/data_plot_per', 'env': {'GJS_DEBUG_TOPICS': 'JS ERROR;JS LOG', 'PYTHON_BASIC_REPL': '1', 'LESSOPEN': '| /usr/bin/lesspipe %s', 'LANGUAGE': 'en_US:en', 'USER': 'abc', 'LC_TIME': 'zh_CN.UTF-8', 'XDG_SESSION_TYPE': 'x11', 'GIT_ASKPASS': '/usr/share/code/resources/app/extensions/git/dist/askpass.sh', 'SHLVL': '1', 'LD_LIBRARY_PATH': '/home/abc/perception_with_ros2/install/perception/lib:/home/abc/perception_with_ros2/install/perception/lib:/home/abc/perception_with_ros2/install/perception/lib:/home/abc/perception_with_ros2/install/base_msgs_per/lib:/home/abc/planning_with_ros2/install/planning/lib:/home/abc/planning_with_ros2/install/base_msgs/lib:/usr/lib/x86_64-linux-gnu/gazebo-11/plugins:/opt/ros/humble/opt/rviz_ogre_vendor/lib:/opt/ros/humble/lib/x86_64-linux-gnu:/opt/ros/humble/lib', 'HOME': '/home/abc', 'CHROME_DESKTOP': 'code.desktop', 'TERM_PROGRAM_VERSION': '1.108.0', 'DESKTOP_SESSION': 'ubuntu', 'GIO_LAUNCHED_DESKTOP_FILE': '/usr/share/applications/code.desktop', 'ROS_PYTHON_VERSION': '3', 'GNOME_SHELL_SESSION_MODE': 'ubuntu', 'GTK_MODULES': 'gail:atk-bridge', 'VSCODE_GIT_ASKPASS_MAIN': '/usr/share/code/resources/app/extensions/git/dist/askpass-main.js', 'LC_MONETARY': 'zh_CN.UTF-8', 'VSCODE_GIT_ASKPASS_NODE': '/usr/share/code/code', 'MANAGERPID': '1149', 'PYDEVD_DISABLE_FILE_VALIDATION': '1', 'SYSTEMD_EXEC_PID': '1608', 'BUNDLED_DEBUGPY_PATH': '/home/abc/.vscode/extensions/ms-python.debugpy-2025.18.0-linux-x64/bundled/libs/debugpy', 'VSCODE_PYTHON_AUTOACTIVATE_GUARD': '1', 'DBUS_SESSION_BUS_ADDRESS': 'unix:path=/run/user/1000/bus', 'COLORTERM': 'truecolor', 'GIO_LAUNCHED_DESKTOP_FILE_PID': '584985', 'COLCON_PREFIX_PATH': '/home/abc/perception_with_ros2/install:/home/abc/planning_with_ros2/install', 'ROS_DISTRO': 'humble', 'GTK_IM_MODULE': 'ibus', 'LOGNAME': 'abc', 'JOURNAL_STREAM': '8:909', '_': '/usr/bin/colcon', 'ROS_VERSION': '2', 'XDG_SESSION_CLASS': 'user', 'USERNAME': 'abc', 'TERM': 'xterm-256color', 'GNOME_DESKTOP_SESSION_ID': 'this-is-deprecated', 'FC_FONTATIONS': '1', 'ROS_LOCALHOST_ONLY': '0', 'WINDOWPATH': '2', 'PATH': '/home/abc/.config/Code/User/globalStorage/github.copilot-chat/debugCommand:/home/abc/.config/Code/User/globalStorage/github.copilot-chat/copilotCli:/opt/ros/humble/bin:/usr/local/sbin:/usr/local/bin:/usr/sbin:/usr/bin:/sbin:/bin:/usr/games:/usr/local/games:/snap/bin:/snap/bin:/home/abc/.vscode/extensions/ms-python.debugpy-2025.18.0-linux-x64/bundled/scripts/noConfigScripts', 'SESSION_MANAGER': 'local/abc-G3-3500:@/tmp/.ICE-unix/1581,unix/abc-G3-3500:/tmp/.ICE-unix/1581', 'INVOCATION_ID': 'c5577e6a91294bed97fcbd6a37e1442b', 'PAPERSIZE': 'a4', 'XDG_MENU_PREFIX': 'gnome-', 'LC_ADDRESS': 'zh_CN.UTF-8', 'XDG_RUNTIME_DIR': '/run/user/1000', 'GDK_BACKEND': 'x11', 'DISPLAY': ':0', 'VSCODE_DEBUGPY_ADAPTER_ENDPOINTS': '/home/abc/.vscode/extensions/ms-python.debugpy-2025.18.0-linux-x64/.noConfigDebugAdapterEndpoints/endpoint-0370d1c5f2548263.txt', 'LANG': 'en_US.UTF-8', 'XDG_CURRENT_DESKTOP': 'ubuntu:GNOME', 'PYTHONSTARTUP': '/home/abc/.config/Code/User/workspaceStorage/28936fba8b94055b776ffa577577e387/ms-python.python/pythonrc.py', 'LC_TELEPHONE': 'zh_CN.UTF-8', 'XMODIFIERS': '@im=ibus', 'XDG_SESSION_DESKTOP': 'ubuntu', 'XAUTHORITY': '/run/user/1000/gdm/Xauthority', 'LS_COLORS': 'rs=0:di=01;34:ln=01;36:mh=00:pi=40;33:so=01;35:do=01;35:bd=40;33;01:cd=40;33;01:or=40;31;01:mi=00:su=37;41:sg=30;43:ca=30;41:tw=30;42:ow=34;42:st=37;44:ex=01;32:*.tar=01;31:*.tgz=01;31:*.arc=01;31:*.arj=01;31:*.taz=01;31:*.lha=01;31:*.lz4=01;31:*.lzh=01;31:*.lzma=01;31:*.tlz=01;31:*.txz=01;31:*.tzo=01;31:*.t7z=01;31:*.zip=01;31:*.z=01;31:*.dz=01;31:*.gz=01;31:*.lrz=01;31:*.lz=01;31:*.lzo=01;31:*.xz=01;31:*.zst=01;31:*.tzst=01;31:*.bz2=01;31:*.bz=01;31:*.tbz=01;31:*.tbz2=01;31:*.tz=01;31:*.deb=01;31:*.rpm=01;31:*.jar=01;31:*.war=01;31:*.ear=01;31:*.sar=01;31:*.rar=01;31:*.alz=01;31:*.ace=01;31:*.zoo=01;31:*.cpio=01;31:*.7z=01;31:*.rz=01;31:*.cab=01;31:*.wim=01;31:*.swm=01;31:*.dwm=01;31:*.esd=01;31:*.jpg=01;35:*.jpeg=01;35:*.mjpg=01;35:*.mjpeg=01;35:*.gif=01;35:*.bmp=01;35:*.pbm=01;35:*.pgm=01;35:*.ppm=01;35:*.tga=01;35:*.xbm=01;35:*.xpm=01;35:*.tif=01;35:*.tiff=01;35:*.png=01;35:*.svg=01;35:*.svgz=01;35:*.mng=01;35:*.pcx=01;35:*.mov=01;35:*.mpg=01;35:*.mpeg=01;35:*.m2v=01;35:*.mkv=01;35:*.webm=01;35:*.webp=01;35:*.ogm=01;35:*.mp4=01;35:*.m4v=01;35:*.mp4v=01;35:*.vob=01;35:*.qt=01;35:*.nuv=01;35:*.wmv=01;35:*.asf=01;35:*.rm=01;35:*.rmvb=01;35:*.flc=01;35:*.avi=01;35:*.fli=01;35:*.flv=01;35:*.gl=01;35:*.dl=01;35:*.xcf=01;35:*.xwd=01;35:*.yuv=01;35:*.cgm=01;35:*.emf=01;35:*.ogv=01;35:*.ogx=01;35:*.aac=00;36:*.au=00;36:*.flac=00;36:*.m4a=00;36:*.mid=00;36:*.midi=00;36:*.mka=00;36:*.mp3=00;36:*.mpc=00;36:*.ogg=00;36:*.ra=00;36:*.wav=00;36:*.oga=00;36:*.opus=00;36:*.spx=00;36:*.xspf=00;36:', 'ROS2_PERCEPTION_COURSE_INSTALL': '/home/abc/perception_with_ros2/install', 'VSCODE_GIT_IPC_HANDLE': '/run/user/1000/vscode-git-5e4b9a72ca.sock', 'TERM_PROGRAM': 'vscode', 'SSH_AGENT_LAUNCHER': 'gnome-keyring', 'SSH_AUTH_SOCK': '/run/user/1000/keyring/ssh', 'ROS_DOMAIN_ID': '2', 'AMENT_PREFIX_PATH': '/home/abc/perception_with_ros2/install/perception:/home/abc/perception_with_ros2/install/data_plot_per:/home/abc/perception_with_ros2/install/base_msgs_per:/home/abc/planning_with_ros2/install/planning:/home/abc/planning_with_ros2/install/data_plot:/home/abc/planning_with_ros2/install/base_msgs:/opt/ros/humble', 'SHELL': '/bin/bash', 'LC_NAME': 'zh_CN.UTF-8', 'QT_ACCESSIBILITY': '1', 'GDMSESSION': 'ubuntu', 'LESSCLOSE': '/usr/bin/lesspipe %s %s', 'LC_MEASUREMENT': 'zh_CN.UTF-8', 'GPG_AGENT_INFO': '/run/user/1000/gnupg/S.gpg-agent:0:1', 'GJS_DEBUG_OUTPUT': 'stderr', 'LC_IDENTIFICATION': 'zh_CN.UTF-8', 'VSCODE_GIT_ASKPASS_EXTRA_ARGS': '', 'QT_IM_MODULE': 'ibus', 'PWD': '/home/abc/perception_with_ros2/build/data_plot_per', 'LC_ALL': 'en_US.UTF-8', 'XDG_CONFIG_DIRS': '/etc/xdg/xdg-ubuntu:/etc/xdg', 'XDG_DATA_DIRS': '/usr/share/ubuntu:/usr/share/gnome:/usr/local/share/:/usr/share/:/var/lib/snapd/desktop', 'PYTHONPATH': '/home/abc/perception_with_ros2/build/data_plot_per/prefix_override:/usr/lib/python3/dist-packages/colcon_core/task/python/colcon_distutils_commands:/home/abc/perception_with_ros2/install/data_plot_per/lib/python3.10/site-packages:/home/abc/perception_with_ros2/install/data_plot_per/lib/python3.10/site-packages:/home/abc/perception_with_ros2/install/base_msgs_per/local/lib/python3.10/dist-packages:/home/abc/planning_with_ros2/install/data_plot/lib/python3.10/site-packages:/home/abc/planning_with_ros2/install/base_msgs/local/lib/python3.10/dist-packages:/opt/ros/humble/lib/python3.10/site-packages:/opt/ros/humble/local/lib/python3.10/dist-packages', 'LC_NUMERIC': 'zh_CN.UTF-8', 'LC_PAPER': 'zh_CN.UTF-8', 'COLCON': '1', 'CMAKE_PREFIX_PATH': '/home/abc/perception_with_ros2/install/perception:/home/abc/perception_with_ros2/install/base_msgs_per:/home/abc/planning_with_ros2/install/planning:/home/abc/planning_with_ros2/install/base_msgs'}, 'shell': False}
[0.700655] (-) TimerEvent: {}
[0.800867] (-) TimerEvent: {}
[0.901109] (-) TimerEvent: {}
[0.902895] (data_plot_per) StdoutLine: {'line': b'running egg_info\n'}
[0.904142] (data_plot_per) StdoutLine: {'line': b'writing ../../build/data_plot_per/data_plot_per.egg-info/PKG-INFO\n'}
[0.904263] (data_plot_per) StdoutLine: {'line': b'writing dependency_links to ../../build/data_plot_per/data_plot_per.egg-info/dependency_links.txt\n'}
[0.904345] (data_plot_per) StdoutLine: {'line': b'writing entry points to ../../build/data_plot_per/data_plot_per.egg-info/entry_points.txt\n'}
[0.904445] (data_plot_per) StdoutLine: {'line': b'writing requirements to ../../build/data_plot_per/data_plot_per.egg-info/requires.txt\n'}
[0.904521] (data_plot_per) StdoutLine: {'line': b'writing top-level names to ../../build/data_plot_per/data_plot_per.egg-info/top_level.txt\n'}
[0.905979] (data_plot_per) StdoutLine: {'line': b"reading manifest file '../../build/data_plot_per/data_plot_per.egg-info/SOURCES.txt'\n"}
[0.906681] (data_plot_per) StdoutLine: {'line': b"writing manifest file '../../build/data_plot_per/data_plot_per.egg-info/SOURCES.txt'\n"}
[0.906809] (data_plot_per) StdoutLine: {'line': b'running build\n'}
[0.906873] (data_plot_per) StdoutLine: {'line': b'running build_py\n'}
[0.907192] (data_plot_per) StdoutLine: {'line': b'running install\n'}
[0.907579] (data_plot_per) StdoutLine: {'line': b'running install_lib\n'}
[0.909170] (data_plot_per) StdoutLine: {'line': b'running install_data\n'}
[0.909352] (data_plot_per) StdoutLine: {'line': b'running install_egg_info\n'}
[0.911378] (data_plot_per) StdoutLine: {'line': b"removing '/home/abc/perception_with_ros2/install/data_plot_per/lib/python3.10/site-packages/data_plot_per-0.0.0-py3.10.egg-info' (and everything under it)\n"}
[0.911752] (data_plot_per) StdoutLine: {'line': b'Copying ../../build/data_plot_per/data_plot_per.egg-info to /home/abc/perception_with_ros2/install/data_plot_per/lib/python3.10/site-packages/data_plot_per-0.0.0-py3.10.egg-info\n'}
[0.912821] (data_plot_per) StdoutLine: {'line': b'running install_scripts\n'}
[0.933270] (data_plot_per) StdoutLine: {'line': b'Installing data_plot_per script to /home/abc/perception_with_ros2/install/data_plot_per/lib/data_plot_per\n'}
[0.933636] (data_plot_per) StdoutLine: {'line': b"writing list of installed files to '/home/abc/perception_with_ros2/build/data_plot_per/install.log'\n"}
[0.952133] (data_plot_per) CommandEnded: {'returncode': 0}
[0.957613] (data_plot_per) JobEnded: {'identifier': 'data_plot_per', 'rc': 0}
[0.958169] (-) EventReactorShutdown: {}
