[0.000000] (-) TimerEvent: {}
[0.000231] (base_msgs_per) JobQueued: {'identifier': 'base_msgs_per', 'dependencies': OrderedDict()}
[0.000263] (data_plot_per) JobQueued: {'identifier': 'data_plot_per', 'dependencies': OrderedDict()}
[0.000283] (perception) JobQueued: {'identifier': 'perception', 'dependencies': OrderedDict([('base_msgs_per', '/home/abc/perception_with_ros2/install/base_msgs_per')])}
[0.000498] (base_msgs_per) JobStarted: {'identifier': 'base_msgs_per'}
[0.005978] (data_plot_per) JobStarted: {'identifier': 'data_plot_per'}
[0.013198] (base_msgs_per) JobProgress: {'identifier': 'base_msgs_per', 'progress': 'cmake'}
[0.013820] (base_msgs_per) JobProgress: {'identifier': 'base_msgs_per', 'progress': 'build'}
[0.014726] (base_msgs_per) Command: {'cmd': ['/usr/local/bin/cmake', '--build', '/home/abc/perception_with_ros2/build/base_msgs_per', '--', '-j12', '-l12'], 'cwd': '/home/abc/perception_with_ros2/build/base_msgs_per', 'env': OrderedDict([('GJS_DEBUG_TOPICS', 'JS ERROR;JS LOG'), ('PYTHON_BASIC_REPL', '1'), ('LESSOPEN', '| /usr/bin/lesspipe %s'), ('LANGUAGE', 'en_US:en'), ('USER', 'abc'), ('LC_TIME', 'zh_CN.UTF-8'), ('XDG_SESSION_TYPE', 'x11'), ('GIT_ASKPASS', '/usr/share/code/resources/app/extensions/git/dist/askpass.sh'), ('SHLVL', '1'), ('LD_LIBRARY_PATH', '/home/abc/perception_with_ros2/install/perception/lib:/home/abc/perception_with_ros2/install/perception/lib:/home/abc/perception_with_ros2/install/perception/lib:/home/abc/perception_with_ros2/install/base_msgs_per/lib:/home/abc/planning_with_ros2/install/planning/lib:/home/abc/planning_with_ros2/install/base_msgs/lib:/usr/lib/x86_64-linux-gnu/gazebo-11/plugins:/opt/ros/humble/opt/rviz_ogre_vendor/lib:/opt/ros/humble/lib/x86_64-linux-gnu:/opt/ros/humble/lib'), ('HOME', '/home/abc'), ('CHROME_DESKTOP', 'code.desktop'), ('TERM_PROGRAM_VERSION', '1.108.0'), ('DESKTOP_SESSION', 'ubuntu'), ('GIO_LAUNCHED_DESKTOP_FILE', '/usr/share/applications/code.desktop'), ('ROS_PYTHON_VERSION', '3'), ('GNOME_SHELL_SESSION_MODE', 'ubuntu'), ('GTK_MODULES', 'gail:atk-bridge'), ('VSCODE_GIT_ASKPASS_MAIN', '/usr/share/code/resources/app/extensions/git/dist/askpass-main.js'), ('LC_MONETARY', 'zh_CN.UTF-8'), ('VSCODE_GIT_ASKPASS_NODE', '/usr/share/code/code'), ('MANAGERPID', '1149'), ('PYDEVD_DISABLE_FILE_VALIDATION', '1'), ('SYSTEMD_EXEC_PID', '1608'), ('BUNDLED_DEBUGPY_PATH', '/home/abc/.vscode/extensions/ms-python.debugpy-2025.18.0-linux-x64/bundled/libs/debugpy'), ('VSCODE_PYTHON_AUTOACTIVATE_GUARD', '1'), ('DBUS_SESSION_BUS_ADDRESS', 'unix:path=/run/user/1000/bus'), ('COLORTERM', 'truecolor'), ('GIO_LAUNCHED_DESKTOP_FILE_PID', '584985'), ('COLCON_PREFIX_PATH', '/home/abc/perception_with_ros2/install:/home/abc/planning_with_ros2/install'), ('ROS_DISTRO', 'humble'), ('GTK_IM_MODULE', 'ibus'), ('LOGNAME', 'abc'), ('JOURNAL_STREAM', '8:909'), ('_', '/usr/bin/colcon'), ('ROS_VERSION', '2'), ('XDG_SESSION_CLASS', 'user'), ('USERNAME', 'abc'), ('TERM', 'xterm-256color'), ('GNOME_DESKTOP_SESSION_ID', 'this-is-deprecated'), ('FC_FONTATIONS', '1'), ('ROS_LOCALHOST_ONLY', '0'), ('WINDOWPATH', '2'), ('PATH', '/home/abc/.config/Code/User/globalStorage/github.copilot-chat/debugCommand:/home/abc/.config/Code/User/globalStorage/github.copilot-chat/copilotCli:/opt/ros/humble/bin:/usr/local/sbin:/usr/local/bin:/usr/sbin:/usr/bin:/sbin:/bin:/usr/games:/usr/local/games:/snap/bin:/snap/bin:/home/abc/.vscode/extensions/ms-python.debugpy-2025.18.0-linux-x64/bundled/scripts/noConfigScripts'), ('SESSION_MANAGER', 'local/abc-G3-3500:@/tmp/.ICE-unix/1581,unix/abc-G3-3500:/tmp/.ICE-unix/1581'), ('INVOCATION_ID', 'c5577e6a91294bed97fcbd6a37e1442b'), ('PAPERSIZE', 'a4'), ('XDG_MENU_PREFIX', 'gnome-'), ('LC_ADDRESS', 'zh_CN.UTF-8'), ('XDG_RUNTIME_DIR', '/run/user/1000'), ('GDK_BACKEND', 'x11'), ('DISPLAY', ':0'), ('VSCODE_DEBUGPY_ADAPTER_ENDPOINTS', '/home/abc/.vscode/extensions/ms-python.debugpy-2025.18.0-linux-x64/.noConfigDebugAdapterEndpoints/endpoint-0370d1c5f2548263.txt'), ('LANG', 'en_US.UTF-8'), ('XDG_CURRENT_DESKTOP', 'ubuntu:GNOME'), ('PYTHONSTARTUP', '/home/abc/.config/Code/User/workspaceStorage/28936fba8b94055b776ffa577577e387/ms-python.python/pythonrc.py'), ('LC_TELEPHONE', 'zh_CN.UTF-8'), ('XMODIFIERS', '@im=ibus'), ('XDG_SESSION_DESKTOP', 'ubuntu'), ('XAUTHORITY', '/run/user/1000/gdm/Xauthority'), ('LS_COLORS', 'rs=0:di=01;34:ln=01;36:mh=00:pi=40;33:so=01;35:do=01;35:bd=40;33;01:cd=40;33;01:or=40;31;01:mi=00:su=37;41:sg=30;43:ca=30;41:tw=30;42:ow=34;42:st=37;44:ex=01;32:*.tar=01;31:*.tgz=01;31:*.arc=01;31:*.arj=01;31:*.taz=01;31:*.lha=01;31:*.lz4=01;31:*.lzh=01;31:*.lzma=01;31:*.tlz=01;31:*.txz=01;31:*.tzo=01;31:*.t7z=01;31:*.zip=01;31:*.z=01;31:*.dz=01;31:*.gz=01;31:*.lrz=01;31:*.lz=01;31:*.lzo=01;31:*.xz=01;31:*.zst=01;31:*.tzst=01;31:*.bz2=01;31:*.bz=01;31:*.tbz=01;31:*.tbz2=01;31:*.tz=01;31:*.deb=01;31:*.rpm=01;31:*.jar=01;31:*.war=01;31:*.ear=01;31:*.sar=01;31:*.rar=01;31:*.alz=01;31:*.ace=01;31:*.zoo=01;31:*.cpio=01;31:*.7z=01;31:*.rz=01;31:*.cab=01;31:*.wim=01;31:*.swm=01;31:*.dwm=01;31:*.esd=01;31:*.jpg=01;35:*.jpeg=01;35:*.mjpg=01;35:*.mjpeg=01;35:*.gif=01;35:*.bmp=01;35:*.pbm=01;35:*.pgm=01;35:*.ppm=01;35:*.tga=01;35:*.xbm=01;35:*.xpm=01;35:*.tif=01;35:*.tiff=01;35:*.png=01;35:*.svg=01;35:*.svgz=01;35:*.mng=01;35:*.pcx=01;35:*.mov=01;35:*.mpg=01;35:*.mpeg=01;35:*.m2v=01;35:*.mkv=01;35:*.webm=01;35:*.webp=01;35:*.ogm=01;35:*.mp4=01;35:*.m4v=01;35:*.mp4v=01;35:*.vob=01;35:*.qt=01;35:*.nuv=01;35:*.wmv=01;35:*.asf=01;35:*.rm=01;35:*.rmvb=01;35:*.flc=01;35:*.avi=01;35:*.fli=01;35:*.flv=01;35:*.gl=01;35:*.dl=01;35:*.xcf=01;35:*.xwd=01;35:*.yuv=01;35:*.cgm=01;35:*.emf=01;35:*.ogv=01;35:*.ogx=01;35:*.aac=00;36:*.au=00;36:*.flac=00;36:*.m4a=00;36:*.mid=00;36:*.midi=00;36:*.mka=00;36:*.mp3=00;36:*.mpc=00;36:*.ogg=00;36:*.ra=00;36:*.wav=00;36:*.oga=00;36:*.opus=00;36:*.spx=00;36:*.xspf=00;36:'), ('ROS2_PERCEPTION_COURSE_INSTALL', '/home/abc/perception_with_ros2/install'), ('VSCODE_GIT_IPC_HANDLE', '/run/user/1000/vscode-git-5e4b9a72ca.sock'), ('TERM_PROGRAM', 'vscode'), ('SSH_AGENT_LAUNCHER', 'gnome-keyring'), ('SSH_AUTH_SOCK', '/run/user/1000/keyring/ssh'), ('ROS_DOMAIN_ID', '2'), ('AMENT_PREFIX_PATH', '/home/abc/perception_with_ros2/install/perception:/home/abc/perception_with_ros2/install/data_plot_per:/home/abc/perception_with_ros2/install/base_msgs_per:/home/abc/planning_with_ros2/install/planning:/home/abc/planning_with_ros2/install/data_plot:/home/abc/planning_with_ros2/install/base_msgs:/opt/ros/humble'), ('SHELL', '/bin/bash'), ('LC_NAME', 'zh_CN.UTF-8'), ('QT_ACCESSIBILITY', '1'), ('GDMSESSION', 'ubuntu'), ('LESSCLOSE', '/usr/bin/lesspipe %s %s'), ('LC_MEASUREMENT', 'zh_CN.UTF-8'), ('GPG_AGENT_INFO', '/run/user/1000/gnupg/S.gpg-agent:0:1'), ('GJS_DEBUG_OUTPUT', 'stderr'), ('LC_IDENTIFICATION', 'zh_CN.UTF-8'), ('VSCODE_GIT_ASKPASS_EXTRA_ARGS', ''), ('QT_IM_MODULE', 'ibus'), ('PWD', '/home/abc/perception_with_ros2/build/base_msgs_per'), ('LC_ALL', 'en_US.UTF-8'), ('XDG_CONFIG_DIRS', '/etc/xdg/xdg-ubuntu:/etc/xdg'), ('XDG_DATA_DIRS', '/usr/share/ubuntu:/usr/share/gnome:/usr/local/share/:/usr/share/:/var/lib/snapd/desktop'), ('PYTHONPATH', '/home/abc/perception_with_ros2/install/data_plot_per/lib/python3.10/site-packages:/home/abc/perception_with_ros2/install/base_msgs_per/local/lib/python3.10/dist-packages:/home/abc/planning_with_ros2/install/data_plot/lib/python3.10/site-packages:/home/abc/planning_with_ros2/install/base_msgs/local/lib/python3.10/dist-packages:/opt/ros/humble/lib/python3.10/site-packages:/opt/ros/humble/local/lib/python3.10/dist-packages'), ('LC_NUMERIC', 'zh_CN.UTF-8'), ('LC_PAPER', 'zh_CN.UTF-8'), ('COLCON', '1'), ('CMAKE_PREFIX_PATH', '/home/abc/perception_with_ros2/install/perception:/home/abc/perception_with_ros2/install/base_msgs_per:/home/abc/planning_with_ros2/install/planning:/home/abc/planning_with_ros2/install/base_msgs:/home/abc/perception_with_ros2/install/data_plot_per:/home/abc/planning_with_ros2/install/data_plot:/opt/ros/humble')]), 'shell': False}
[0.041929] (base_msgs_per) StdoutLine: {'line': b'[  0%] Built target base_msgs_per__cpp\n'}
[0.045351] (base_msgs_per) StdoutLine: {'line': b'[  0%] Built target ament_cmake_python_copy_base_msgs_per\n'}
[0.045675] (base_msgs_per) StdoutLine: {'line': b'[ 12%] Built target base_msgs_per__rosidl_generator_c\n'}
[0.056913] (base_msgs_per) StdoutLine: {'line': b'[ 24%] Built target base_msgs_per__rosidl_typesupport_fastrtps_cpp\n'}
[0.057828] (base_msgs_per) StdoutLine: {'line': b'[ 36%] Built target base_msgs_per__rosidl_typesupport_c\n'}
[0.058433] (base_msgs_per) StdoutLine: {'line': b'[ 60%] Built target base_msgs_per__rosidl_typesupport_cpp\n'}
[0.058587] (base_msgs_per) StdoutLine: {'line': b'[ 60%] Built target base_msgs_per__rosidl_typesupport_introspection_cpp\n'}
[0.061113] (base_msgs_per) StdoutLine: {'line': b'[ 72%] Built target base_msgs_per__rosidl_typesupport_introspection_c\n'}
[0.063966] (base_msgs_per) StdoutLine: {'line': b'[ 84%] Built target base_msgs_per__rosidl_typesupport_fastrtps_c\n'}
[0.070952] (base_msgs_per) StdoutLine: {'line': b'[ 84%] Built target base_msgs_per\n'}
[0.078683] (base_msgs_per) StdoutLine: {'line': b'[ 85%] Built target base_msgs_per__py\n'}
[0.091261] (base_msgs_per) StdoutLine: {'line': b'[ 96%] Built target base_msgs_per__rosidl_generator_py\n'}
[0.099788] (base_msgs_per) StdoutLine: {'line': b'[ 98%] Built target base_msgs_per__rosidl_typesupport_fastrtps_c__pyext\n'}
[0.100013] (-) TimerEvent: {}
[0.100136] (base_msgs_per) StdoutLine: {'line': b'[100%] Built target base_msgs_per__rosidl_typesupport_introspection_c__pyext\n'}
[0.100251] (base_msgs_per) StdoutLine: {'line': b'[100%] Built target base_msgs_per__rosidl_typesupport_c__pyext\n'}
[0.200135] (-) TimerEvent: {}
[0.288406] (base_msgs_per) StdoutLine: {'line': b'running egg_info\n'}
[0.289281] (base_msgs_per) StdoutLine: {'line': b'writing base_msgs_per.egg-info/PKG-INFO\n'}
[0.289516] (base_msgs_per) StdoutLine: {'line': b'writing dependency_links to base_msgs_per.egg-info/dependency_links.txt\n'}
[0.289726] (base_msgs_per) StdoutLine: {'line': b'writing top-level names to base_msgs_per.egg-info/top_level.txt\n'}
[0.292605] (base_msgs_per) StdoutLine: {'line': b"reading manifest file 'base_msgs_per.egg-info/SOURCES.txt'\n"}
[0.293480] (base_msgs_per) StdoutLine: {'line': b"writing manifest file 'base_msgs_per.egg-info/SOURCES.txt'\n"}
[0.300239] (-) TimerEvent: {}
[0.329928] (base_msgs_per) StdoutLine: {'line': b'[100%] Built target ament_cmake_python_build_base_msgs_per_egg\n'}
[0.335694] (base_msgs_per) CommandEnded: {'returncode': 0}
[0.337160] (base_msgs_per) JobProgress: {'identifier': 'base_msgs_per', 'progress': 'install'}
[0.340068] (base_msgs_per) Command: {'cmd': ['/usr/local/bin/cmake', '--install', '/home/abc/perception_with_ros2/build/base_msgs_per'], 'cwd': '/home/abc/perception_with_ros2/build/base_msgs_per', 'env': OrderedDict([('GJS_DEBUG_TOPICS', 'JS ERROR;JS LOG'), ('PYTHON_BASIC_REPL', '1'), ('LESSOPEN', '| /usr/bin/lesspipe %s'), ('LANGUAGE', 'en_US:en'), ('USER', 'abc'), ('LC_TIME', 'zh_CN.UTF-8'), ('XDG_SESSION_TYPE', 'x11'), ('GIT_ASKPASS', '/usr/share/code/resources/app/extensions/git/dist/askpass.sh'), ('SHLVL', '1'), ('LD_LIBRARY_PATH', '/home/abc/perception_with_ros2/install/perception/lib:/home/abc/perception_with_ros2/install/perception/lib:/home/abc/perception_with_ros2/install/perception/lib:/home/abc/perception_with_ros2/install/base_msgs_per/lib:/home/abc/planning_with_ros2/install/planning/lib:/home/abc/planning_with_ros2/install/base_msgs/lib:/usr/lib/x86_64-linux-gnu/gazebo-11/plugins:/opt/ros/humble/opt/rviz_ogre_vendor/lib:/opt/ros/humble/lib/x86_64-linux-gnu:/opt/ros/humble/lib'), ('HOME', '/home/abc'), ('CHROME_DESKTOP', 'code.desktop'), ('TERM_PROGRAM_VERSION', '1.108.0'), ('DESKTOP_SESSION', 'ubuntu'), ('GIO_LAUNCHED_DESKTOP_FILE', '/usr/share/applications/code.desktop'), ('ROS_PYTHON_VERSION', '3'), ('GNOME_SHELL_SESSION_MODE', 'ubuntu'), ('GTK_MODULES', 'gail:atk-bridge'), ('VSCODE_GIT_ASKPASS_MAIN', '/usr/share/code/resources/app/extensions/git/dist/askpass-main.js'), ('LC_MONETARY', 'zh_CN.UTF-8'), ('VSCODE_GIT_ASKPASS_NODE', '/usr/share/code/code'), ('MANAGERPID', '1149'), ('PYDEVD_DISABLE_FILE_VALIDATION', '1'), ('SYSTEMD_EXEC_PID', '1608'), ('BUNDLED_DEBUGPY_PATH', '/home/abc/.vscode/extensions/ms-python.debugpy-2025.18.0-linux-x64/bundled/libs/debugpy'), ('VSCODE_PYTHON_AUTOACTIVATE_GUARD', '1'), ('DBUS_SESSION_BUS_ADDRESS', 'unix:path=/run/user/1000/bus'), ('COLORTERM', 'truecolor'), ('GIO_LAUNCHED_DESKTOP_FILE_PID', '584985'), ('COLCON_PREFIX_PATH', '/home/abc/perception_with_ros2/install:/home/abc/planning_with_ros2/install'), ('ROS_DISTRO', 'humble'), ('GTK_IM_MODULE', 'ibus'), ('LOGNAME', 'abc'), ('JOURNAL_STREAM', '8:909'), ('_', '/usr/bin/colcon'), ('ROS_VERSION', '2'), ('XDG_SESSION_CLASS', 'user'), ('USERNAME', 'abc'), ('TERM', 'xterm-256color'), ('GNOME_DESKTOP_SESSION_ID', 'this-is-deprecated'), ('FC_FONTATIONS', '1'), ('ROS_LOCALHOST_ONLY', '0'), ('WINDOWPATH', '2'), ('PATH', '/home/abc/.config/Code/User/globalStorage/github.copilot-chat/debugCommand:/home/abc/.config/Code/User/globalStorage/github.copilot-chat/copilotCli:/opt/ros/humble/bin:/usr/local/sbin:/usr/local/bin:/usr/sbin:/usr/bin:/sbin:/bin:/usr/games:/usr/local/games:/snap/bin:/snap/bin:/home/abc/.vscode/extensions/ms-python.debugpy-2025.18.0-linux-x64/bundled/scripts/noConfigScripts'), ('SESSION_MANAGER', 'local/abc-G3-3500:@/tmp/.ICE-unix/1581,unix/abc-G3-3500:/tmp/.ICE-unix/1581'), ('INVOCATION_ID', 'c5577e6a91294bed97fcbd6a37e1442b'), ('PAPERSIZE', 'a4'), ('XDG_MENU_PREFIX', 'gnome-'), ('LC_ADDRESS', 'zh_CN.UTF-8'), ('XDG_RUNTIME_DIR', '/run/user/1000'), ('GDK_BACKEND', 'x11'), ('DISPLAY', ':0'), ('VSCODE_DEBUGPY_ADAPTER_ENDPOINTS', '/home/abc/.vscode/extensions/ms-python.debugpy-2025.18.0-linux-x64/.noConfigDebugAdapterEndpoints/endpoint-0370d1c5f2548263.txt'), ('LANG', 'en_US.UTF-8'), ('XDG_CURRENT_DESKTOP', 'ubuntu:GNOME'), ('PYTHONSTARTUP', '/home/abc/.config/Code/User/workspaceStorage/28936fba8b94055b776ffa577577e387/ms-python.python/pythonrc.py'), ('LC_TELEPHONE', 'zh_CN.UTF-8'), ('XMODIFIERS', '@im=ibus'), ('XDG_SESSION_DESKTOP', 'ubuntu'), ('XAUTHORITY', '/run/user/1000/gdm/Xauthority'), ('LS_COLORS', 'rs=0:di=01;34:ln=01;36:mh=00:pi=40;33:so=01;35:do=01;35:bd=40;33;01:cd=40;33;01:or=40;31;01:mi=00:su=37;41:sg=30;43:ca=30;41:tw=30;42:ow=34;42:st=37;44:ex=01;32:*.tar=01;31:*.tgz=01;31:*.arc=01;31:*.arj=01;31:*.taz=01;31:*.lha=01;31:*.lz4=01;31:*.lzh=01;31:*.lzma=01;31:*.tlz=01;31:*.txz=01;31:*.tzo=01;31:*.t7z=01;31:*.zip=01;31:*.z=01;31:*.dz=01;31:*.gz=01;31:*.lrz=01;31:*.lz=01;31:*.lzo=01;31:*.xz=01;31:*.zst=01;31:*.tzst=01;31:*.bz2=01;31:*.bz=01;31:*.tbz=01;31:*.tbz2=01;31:*.tz=01;31:*.deb=01;31:*.rpm=01;31:*.jar=01;31:*.war=01;31:*.ear=01;31:*.sar=01;31:*.rar=01;31:*.alz=01;31:*.ace=01;31:*.zoo=01;31:*.cpio=01;31:*.7z=01;31:*.rz=01;31:*.cab=01;31:*.wim=01;31:*.swm=01;31:*.dwm=01;31:*.esd=01;31:*.jpg=01;35:*.jpeg=01;35:*.mjpg=01;35:*.mjpeg=01;35:*.gif=01;35:*.bmp=01;35:*.pbm=01;35:*.pgm=01;35:*.ppm=01;35:*.tga=01;35:*.xbm=01;35:*.xpm=01;35:*.tif=01;35:*.tiff=01;35:*.png=01;35:*.svg=01;35:*.svgz=01;35:*.mng=01;35:*.pcx=01;35:*.mov=01;35:*.mpg=01;35:*.mpeg=01;35:*.m2v=01;35:*.mkv=01;35:*.webm=01;35:*.webp=01;35:*.ogm=01;35:*.mp4=01;35:*.m4v=01;35:*.mp4v=01;35:*.vob=01;35:*.qt=01;35:*.nuv=01;35:*.wmv=01;35:*.asf=01;35:*.rm=01;35:*.rmvb=01;35:*.flc=01;35:*.avi=01;35:*.fli=01;35:*.flv=01;35:*.gl=01;35:*.dl=01;35:*.xcf=01;35:*.xwd=01;35:*.yuv=01;35:*.cgm=01;35:*.emf=01;35:*.ogv=01;35:*.ogx=01;35:*.aac=00;36:*.au=00;36:*.flac=00;36:*.m4a=00;36:*.mid=00;36:*.midi=00;36:*.mka=00;36:*.mp3=00;36:*.mpc=00;36:*.ogg=00;36:*.ra=00;36:*.wav=00;36:*.oga=00;36:*.opus=00;36:*.spx=00;36:*.xspf=00;36:'), ('ROS2_PERCEPTION_COURSE_INSTALL', '/home/abc/perception_with_ros2/install'), ('VSCODE_GIT_IPC_HANDLE', '/run/user/1000/vscode-git-5e4b9a72ca.sock'), ('TERM_PROGRAM', 'vscode'), ('SSH_AGENT_LAUNCHER', 'gnome-keyring'), ('SSH_AUTH_SOCK', '/run/user/1000/keyring/ssh'), ('ROS_DOMAIN_ID', '2'), ('AMENT_PREFIX_PATH', '/home/abc/perception_with_ros2/install/perception:/home/abc/perception_with_ros2/install/data_plot_per:/home/abc/perception_with_ros2/install/base_msgs_per:/home/abc/planning_with_ros2/install/planning:/home/abc/planning_with_ros2/install/data_plot:/home/abc/planning_with_ros2/install/base_msgs:/opt/ros/humble'), ('SHELL', '/bin/bash'), ('LC_NAME', 'zh_CN.UTF-8'), ('QT_ACCESSIBILITY', '1'), ('GDMSESSION', 'ubuntu'), ('LESSCLOSE', '/usr/bin/lesspipe %s %s'), ('LC_MEASUREMENT', 'zh_CN.UTF-8'), ('GPG_AGENT_INFO', '/run/user/1000/gnupg/S.gpg-agent:0:1'), ('GJS_DEBUG_OUTPUT', 'stderr'), ('LC_IDENTIFICATION', 'zh_CN.UTF-8'), ('VSCODE_GIT_ASKPASS_EXTRA_ARGS', ''), ('QT_IM_MODULE', 'ibus'), ('PWD', '/home/abc/perception_with_ros2/build/base_msgs_per'), ('LC_ALL', 'en_US.UTF-8'), ('XDG_CONFIG_DIRS', '/etc/xdg/xdg-ubuntu:/etc/xdg'), ('XDG_DATA_DIRS', '/usr/share/ubuntu:/usr/share/gnome:/usr/local/share/:/usr/share/:/var/lib/snapd/desktop'), ('PYTHONPATH', '/home/abc/perception_with_ros2/install/data_plot_per/lib/python3.10/site-packages:/home/abc/perception_with_ros2/install/base_msgs_per/local/lib/python3.10/dist-packages:/home/abc/planning_with_ros2/install/data_plot/lib/python3.10/site-packages:/home/abc/planning_with_ros2/install/base_msgs/local/lib/python3.10/dist-packages:/opt/ros/humble/lib/python3.10/site-packages:/opt/ros/humble/local/lib/python3.10/dist-packages'), ('LC_NUMERIC', 'zh_CN.UTF-8'), ('LC_PAPER', 'zh_CN.UTF-8'), ('COLCON', '1'), ('CMAKE_PREFIX_PATH', '/home/abc/perception_with_ros2/install/perception:/home/abc/perception_with_ros2/install/base_msgs_per:/home/abc/planning_with_ros2/install/planning:/home/abc/planning_with_ros2/install/base_msgs:/home/abc/perception_with_ros2/install/data_plot_per:/home/abc/planning_with_ros2/install/data_plot:/opt/ros/humble')]), 'shell': False}
[0.343621] (base_msgs_per) StdoutLine: {'line': b'-- Install configuration: ""\n'}
[0.343855] (base_msgs_per) StdoutLine: {'line': b'-- Up-to-date: /home/abc/perception_with_ros2/install/base_msgs_per/share/ament_index/resource_index/rosidl_interfaces/base_msgs_per\n'}
[0.343977] (base_msgs_per) StdoutLine: {'line': b'-- Up-to-date: /home/abc/perception_with_ros2/install/base_msgs_per/include/base_msgs_per/base_msgs_per\n'}
[0.344125] (base_msgs_per) StdoutLine: {'line': b'-- Up-to-date: /home/abc/perception_with_ros2/install/base_msgs_per/include/base_msgs_per/base_msgs_per/msg\n'}
[0.344315] (base_msgs_per) StdoutLine: {'line': b'-- Up-to-date: /home/abc/perception_with_ros2/install/base_msgs_per/include/base_msgs_per/base_msgs_per/msg/pnc_map.h\n'}
[0.344542] (base_msgs_per) StdoutLine: {'line': b'-- Up-to-date: /home/abc/perception_with_ros2/install/base_msgs_per/include/base_msgs_per/base_msgs_per/msg/local_trajectory_point.h\n'}
[0.344706] (base_msgs_per) StdoutLine: {'line': b'-- Up-to-date: /home/abc/perception_with_ros2/install/base_msgs_per/include/base_msgs_per/base_msgs_per/msg/plot_info.h\n'}
[0.344816] (base_msgs_per) StdoutLine: {'line': b'-- Up-to-date: /home/abc/perception_with_ros2/install/base_msgs_per/include/base_msgs_per/base_msgs_per/msg/rosidl_generator_c__visibility_control.h\n'}
[0.344925] (base_msgs_per) StdoutLine: {'line': b'-- Up-to-date: /home/abc/perception_with_ros2/install/base_msgs_per/include/base_msgs_per/base_msgs_per/msg/local_path.h\n'}
[0.345034] (base_msgs_per) StdoutLine: {'line': b'-- Up-to-date: /home/abc/perception_with_ros2/install/base_msgs_per/include/base_msgs_per/base_msgs_per/msg/detail\n'}
[0.345141] (base_msgs_per) StdoutLine: {'line': b'-- Up-to-date: /home/abc/perception_with_ros2/install/base_msgs_per/include/base_msgs_per/base_msgs_per/msg/detail/obs_info__type_support.h\n'}
[0.345249] (base_msgs_per) StdoutLine: {'line': b'-- Up-to-date: /home/abc/perception_with_ros2/install/base_msgs_per/include/base_msgs_per/base_msgs_per/msg/detail/local_speeds__functions.c\n'}
[0.345356] (base_msgs_per) StdoutLine: {'line': b'-- Up-to-date: /home/abc/perception_with_ros2/install/base_msgs_per/include/base_msgs_per/base_msgs_per/msg/detail/local_speeds_point__struct.h\n'}
[0.345727] (base_msgs_per) StdoutLine: {'line': b'-- Up-to-date: /home/abc/perception_with_ros2/install/base_msgs_per/include/base_msgs_per/base_msgs_per/msg/detail/referline_point__type_support.h\n'}
[0.345843] (base_msgs_per) StdoutLine: {'line': b'-- Up-to-date: /home/abc/perception_with_ros2/install/base_msgs_per/include/base_msgs_per/base_msgs_per/msg/detail/obs_info__struct.h\n'}
[0.345979] (base_msgs_per) StdoutLine: {'line': b'-- Up-to-date: /home/abc/perception_with_ros2/install/base_msgs_per/include/base_msgs_per/base_msgs_per/msg/detail/referline__struct.h\n'}
[0.346086] (base_msgs_per) StdoutLine: {'line': b'-- Up-to-date: /home/abc/perception_with_ros2/install/base_msgs_per/include/base_msgs_per/base_msgs_per/msg/detail/local_speeds__functions.h\n'}
[0.346195] (base_msgs_per) StdoutLine: {'line': b'-- Up-to-date: /home/abc/perception_with_ros2/install/base_msgs_per/include/base_msgs_per/base_msgs_per/msg/detail/local_path_point__functions.h\n'}
[0.346303] (base_msgs_per) StdoutLine: {'line': b'-- Up-to-date: /home/abc/perception_with_ros2/install/base_msgs_per/include/base_msgs_per/base_msgs_per/msg/detail/pnc_map__struct.h\n'}
[0.346417] (base_msgs_per) StdoutLine: {'line': b'-- Up-to-date: /home/abc/perception_with_ros2/install/base_msgs_per/include/base_msgs_per/base_msgs_per/msg/detail/plot_info__struct.h\n'}
[0.346675] (base_msgs_per) StdoutLine: {'line': b'-- Up-to-date: /home/abc/perception_with_ros2/install/base_msgs_per/include/base_msgs_per/base_msgs_per/msg/detail/local_path_point__struct.h\n'}
[0.346785] (base_msgs_per) StdoutLine: {'line': b'-- Up-to-date: /home/abc/perception_with_ros2/install/base_msgs_per/include/base_msgs_per/base_msgs_per/msg/detail/local_path__struct.h\n'}
[0.346894] (base_msgs_per) StdoutLine: {'line': b'-- Up-to-date: /home/abc/perception_with_ros2/install/base_msgs_per/include/base_msgs_per/base_msgs_per/msg/detail/obs_info__functions.h\n'}
[0.347058] (base_msgs_per) StdoutLine: {'line': b'-- Up-to-date: /home/abc/perception_with_ros2/install/base_msgs_per/include/base_msgs_per/base_msgs_per/msg/detail/obs_info__functions.c\n'}
[0.347167] (base_msgs_per) StdoutLine: {'line': b'-- Up-to-date: /home/abc/perception_with_ros2/install/base_msgs_per/include/base_msgs_per/base_msgs_per/msg/detail/local_speeds__struct.h\n'}
[0.347275] (base_msgs_per) StdoutLine: {'line': b'-- Up-to-date: /home/abc/perception_with_ros2/install/base_msgs_per/include/base_msgs_per/base_msgs_per/msg/detail/referline__functions.h\n'}
[0.347385] (base_msgs_per) StdoutLine: {'line': b'-- Up-to-date: /home/abc/perception_with_ros2/install/base_msgs_per/include/base_msgs_per/base_msgs_per/msg/detail/local_trajectory__type_support.h\n'}
[0.347715] (base_msgs_per) StdoutLine: {'line': b'-- Up-to-date: /home/abc/perception_with_ros2/install/base_msgs_per/include/base_msgs_per/base_msgs_per/msg/detail/local_trajectory__functions.h\n'}
[0.347847] (base_msgs_per) StdoutLine: {'line': b'-- Up-to-date: /home/abc/perception_with_ros2/install/base_msgs_per/include/base_msgs_per/base_msgs_per/msg/detail/local_path_point__type_support.h\n'}
[0.347965] (base_msgs_per) StdoutLine: {'line': b'-- Up-to-date: /home/abc/perception_with_ros2/install/base_msgs_per/include/base_msgs_per/base_msgs_per/msg/detail/local_path_point__functions.c\n'}
[0.348086] (base_msgs_per) StdoutLine: {'line': b'-- Up-to-date: /home/abc/perception_with_ros2/install/base_msgs_per/include/base_msgs_per/base_msgs_per/msg/detail/referline__type_support.h\n'}
[0.348197] (base_msgs_per) StdoutLine: {'line': b'-- Up-to-date: /home/abc/perception_with_ros2/install/base_msgs_per/include/base_msgs_per/base_msgs_per/msg/detail/local_trajectory_point__functions.c\n'}
[0.348327] (base_msgs_per) StdoutLine: {'line': b'-- Up-to-date: /home/abc/perception_with_ros2/install/base_msgs_per/include/base_msgs_per/base_msgs_per/msg/detail/local_trajectory_point__functions.h\n'}
[0.348476] (base_msgs_per) StdoutLine: {'line': b'-- Up-to-date: /home/abc/perception_with_ros2/install/base_msgs_per/include/base_msgs_per/base_msgs_per/msg/detail/local_path__functions.h\n'}
[0.348585] (base_msgs_per) StdoutLine: {'line': b'-- Up-to-date: /home/abc/perception_with_ros2/install/base_msgs_per/include/base_msgs_per/base_msgs_per/msg/detail/pnc_map__functions.c\n'}
[0.348690] (base_msgs_per) StdoutLine: {'line': b'-- Up-to-date: /home/abc/perception_with_ros2/install/base_msgs_per/include/base_msgs_per/base_msgs_per/msg/detail/referline__functions.c\n'}
[0.348806] (base_msgs_per) StdoutLine: {'line': b'-- Up-to-date: /home/abc/perception_with_ros2/install/base_msgs_per/include/base_msgs_per/base_msgs_per/msg/detail/referline_point__struct.h\n'}
[0.348909] (base_msgs_per) StdoutLine: {'line': b'-- Up-to-date: /home/abc/perception_with_ros2/install/base_msgs_per/include/base_msgs_per/base_msgs_per/msg/detail/local_trajectory__struct.h\n'}
[0.349012] (base_msgs_per) StdoutLine: {'line': b'-- Up-to-date: /home/abc/perception_with_ros2/install/base_msgs_per/include/base_msgs_per/base_msgs_per/msg/detail/local_speeds_point__type_support.h\n'}
[0.349113] (base_msgs_per) StdoutLine: {'line': b'-- Up-to-date: /home/abc/perception_with_ros2/install/base_msgs_per/include/base_msgs_per/base_msgs_per/msg/detail/local_speeds_point__functions.h\n'}
[0.349216] (base_msgs_per) StdoutLine: {'line': b'-- Up-to-date: /home/abc/perception_with_ros2/install/base_msgs_per/include/base_msgs_per/base_msgs_per/msg/detail/local_trajectory_point__struct.h\n'}
[0.349328] (base_msgs_per) StdoutLine: {'line': b'-- Up-to-date: /home/abc/perception_with_ros2/install/base_msgs_per/include/base_msgs_per/base_msgs_per/msg/detail/local_path__functions.c\n'}
[0.349448] (base_msgs_per) StdoutLine: {'line': b'-- Up-to-date: /home/abc/perception_with_ros2/install/base_msgs_per/include/base_msgs_per/base_msgs_per/msg/detail/plot_info__functions.c\n'}
[0.349558] (base_msgs_per) StdoutLine: {'line': b'-- Up-to-date: /home/abc/perception_with_ros2/install/base_msgs_per/include/base_msgs_per/base_msgs_per/msg/detail/local_trajectory__functions.c\n'}
[0.349660] (base_msgs_per) StdoutLine: {'line': b'-- Up-to-date: /home/abc/perception_with_ros2/install/base_msgs_per/include/base_msgs_per/base_msgs_per/msg/detail/local_speeds__type_support.h\n'}
[0.349761] (base_msgs_per) StdoutLine: {'line': b'-- Up-to-date: /home/abc/perception_with_ros2/install/base_msgs_per/include/base_msgs_per/base_msgs_per/msg/detail/plot_info__type_support.h\n'}
[0.349862] (base_msgs_per) StdoutLine: {'line': b'-- Up-to-date: /home/abc/perception_with_ros2/install/base_msgs_per/include/base_msgs_per/base_msgs_per/msg/detail/referline_point__functions.c\n'}
[0.349975] (base_msgs_per) StdoutLine: {'line': b'-- Up-to-date: /home/abc/perception_with_ros2/install/base_msgs_per/include/base_msgs_per/base_msgs_per/msg/detail/local_path__type_support.h\n'}
[0.350083] (base_msgs_per) StdoutLine: {'line': b'-- Up-to-date: /home/abc/perception_with_ros2/install/base_msgs_per/include/base_msgs_per/base_msgs_per/msg/detail/plot_info__functions.h\n'}
[0.350192] (base_msgs_per) StdoutLine: {'line': b'-- Up-to-date: /home/abc/perception_with_ros2/install/base_msgs_per/include/base_msgs_per/base_msgs_per/msg/detail/pnc_map__type_support.h\n'}
[0.350294] (base_msgs_per) StdoutLine: {'line': b'-- Up-to-date: /home/abc/perception_with_ros2/install/base_msgs_per/include/base_msgs_per/base_msgs_per/msg/detail/pnc_map__functions.h\n'}
[0.350402] (base_msgs_per) StdoutLine: {'line': b'-- Up-to-date: /home/abc/perception_with_ros2/install/base_msgs_per/include/base_msgs_per/base_msgs_per/msg/detail/local_trajectory_point__type_support.h\n'}
[0.350527] (base_msgs_per) StdoutLine: {'line': b'-- Up-to-date: /home/abc/perception_with_ros2/install/base_msgs_per/include/base_msgs_per/base_msgs_per/msg/detail/local_speeds_point__functions.c\n'}
[0.350631] (base_msgs_per) StdoutLine: {'line': b'-- Up-to-date: /home/abc/perception_with_ros2/install/base_msgs_per/include/base_msgs_per/base_msgs_per/msg/detail/referline_point__functions.h\n'}
[0.350732] (base_msgs_per) StdoutLine: {'line': b'-- Up-to-date: /home/abc/perception_with_ros2/install/base_msgs_per/include/base_msgs_per/base_msgs_per/msg/referline_point.h\n'}
[0.350835] (base_msgs_per) StdoutLine: {'line': b'-- Up-to-date: /home/abc/perception_with_ros2/install/base_msgs_per/include/base_msgs_per/base_msgs_per/msg/obs_info.h\n'}
[0.350937] (base_msgs_per) StdoutLine: {'line': b'-- Up-to-date: /home/abc/perception_with_ros2/install/base_msgs_per/include/base_msgs_per/base_msgs_per/msg/referline.h\n'}
[0.351062] (base_msgs_per) StdoutLine: {'line': b'-- Up-to-date: /home/abc/perception_with_ros2/install/base_msgs_per/include/base_msgs_per/base_msgs_per/msg/local_speeds_point.h\n'}
[0.351173] (base_msgs_per) StdoutLine: {'line': b'-- Up-to-date: /home/abc/perception_with_ros2/install/base_msgs_per/include/base_msgs_per/base_msgs_per/msg/local_speeds.h\n'}
[0.351298] (base_msgs_per) StdoutLine: {'line': b'-- Up-to-date: /home/abc/perception_with_ros2/install/base_msgs_per/include/base_msgs_per/base_msgs_per/msg/local_trajectory.h\n'}
[0.351426] (base_msgs_per) StdoutLine: {'line': b'-- Up-to-date: /home/abc/perception_with_ros2/install/base_msgs_per/include/base_msgs_per/base_msgs_per/msg/local_path_point.h\n'}
[0.352137] (base_msgs_per) StdoutLine: {'line': b'-- Up-to-date: /home/abc/perception_with_ros2/install/base_msgs_per/include/base_msgs_per/base_msgs_per/srv\n'}
[0.352272] (base_msgs_per) StdoutLine: {'line': b'-- Up-to-date: /home/abc/perception_with_ros2/install/base_msgs_per/include/base_msgs_per/base_msgs_per/srv/detail\n'}
[0.352422] (base_msgs_per) StdoutLine: {'line': b'-- Up-to-date: /home/abc/perception_with_ros2/install/base_msgs_per/include/base_msgs_per/base_msgs_per/srv/detail/global_path_service__functions.h\n'}
[0.352551] (base_msgs_per) StdoutLine: {'line': b'-- Up-to-date: /home/abc/perception_with_ros2/install/base_msgs_per/include/base_msgs_per/base_msgs_per/srv/detail/pnc_map_service__struct.h\n'}
[0.352667] (base_msgs_per) StdoutLine: {'line': b'-- Up-to-date: /home/abc/perception_with_ros2/install/base_msgs_per/include/base_msgs_per/base_msgs_per/srv/detail/pnc_map_service__functions.c\n'}
[0.352771] (base_msgs_per) StdoutLine: {'line': b'-- Up-to-date: /home/abc/perception_with_ros2/install/base_msgs_per/include/base_msgs_per/base_msgs_per/srv/detail/global_path_service__type_support.h\n'}
[0.352873] (base_msgs_per) StdoutLine: {'line': b'-- Up-to-date: /home/abc/perception_with_ros2/install/base_msgs_per/include/base_msgs_per/base_msgs_per/srv/detail/global_path_service__struct.h\n'}
[0.352976] (base_msgs_per) StdoutLine: {'line': b'-- Up-to-date: /home/abc/perception_with_ros2/install/base_msgs_per/include/base_msgs_per/base_msgs_per/srv/detail/pnc_map_service__type_support.h\n'}
[0.353088] (base_msgs_per) StdoutLine: {'line': b'-- Up-to-date: /home/abc/perception_with_ros2/install/base_msgs_per/include/base_msgs_per/base_msgs_per/srv/detail/global_path_service__functions.c\n'}
[0.353192] (base_msgs_per) StdoutLine: {'line': b'-- Up-to-date: /home/abc/perception_with_ros2/install/base_msgs_per/include/base_msgs_per/base_msgs_per/srv/detail/pnc_map_service__functions.h\n'}
[0.353292] (base_msgs_per) StdoutLine: {'line': b'-- Up-to-date: /home/abc/perception_with_ros2/install/base_msgs_per/include/base_msgs_per/base_msgs_per/srv/pnc_map_service.h\n'}
[0.353400] (base_msgs_per) StdoutLine: {'line': b'-- Up-to-date: /home/abc/perception_with_ros2/install/base_msgs_per/include/base_msgs_per/base_msgs_per/srv/global_path_service.h\n'}
[0.353516] (base_msgs_per) StdoutLine: {'line': b'-- Up-to-date: /home/abc/perception_with_ros2/install/base_msgs_per/share/base_msgs_per/environment/library_path.sh\n'}
[0.353621] (base_msgs_per) StdoutLine: {'line': b'-- Up-to-date: /home/abc/perception_with_ros2/install/base_msgs_per/share/base_msgs_per/environment/library_path.dsv\n'}
[0.353722] (base_msgs_per) StdoutLine: {'line': b'-- Up-to-date: /home/abc/perception_with_ros2/install/base_msgs_per/lib/libbase_msgs_per__rosidl_generator_c.so\n'}
[0.353829] (base_msgs_per) StdoutLine: {'line': b'-- Up-to-date: /home/abc/perception_with_ros2/install/base_msgs_per/include/base_msgs_per/base_msgs_per\n'}
[0.353940] (base_msgs_per) StdoutLine: {'line': b'-- Up-to-date: /home/abc/perception_with_ros2/install/base_msgs_per/include/base_msgs_per/base_msgs_per/msg\n'}
[0.354048] (base_msgs_per) StdoutLine: {'line': b'-- Up-to-date: /home/abc/perception_with_ros2/install/base_msgs_per/include/base_msgs_per/base_msgs_per/msg/rosidl_typesupport_fastrtps_c__visibility_control.h\n'}
[0.354159] (base_msgs_per) StdoutLine: {'line': b'-- Up-to-date: /home/abc/perception_with_ros2/install/base_msgs_per/include/base_msgs_per/base_msgs_per/msg/detail\n'}
[0.354330] (base_msgs_per) StdoutLine: {'line': b'-- Up-to-date: /home/abc/perception_with_ros2/install/base_msgs_per/include/base_msgs_per/base_msgs_per/msg/detail/obs_info__rosidl_typesupport_fastrtps_c.h\n'}
[0.354544] (base_msgs_per) StdoutLine: {'line': b'-- Up-to-date: /home/abc/perception_with_ros2/install/base_msgs_per/include/base_msgs_per/base_msgs_per/msg/detail/local_trajectory_point__rosidl_typesupport_fastrtps_c.h\n'}
[0.354716] (base_msgs_per) StdoutLine: {'line': b'-- Up-to-date: /home/abc/perception_with_ros2/install/base_msgs_per/include/base_msgs_per/base_msgs_per/msg/detail/local_speeds__rosidl_typesupport_fastrtps_c.h\n'}
[0.354821] (base_msgs_per) StdoutLine: {'line': b'-- Up-to-date: /home/abc/perception_with_ros2/install/base_msgs_per/include/base_msgs_per/base_msgs_per/msg/detail/local_speeds_point__rosidl_typesupport_fastrtps_c.h\n'}
[0.354924] (base_msgs_per) StdoutLine: {'line': b'-- Up-to-date: /home/abc/perception_with_ros2/install/base_msgs_per/include/base_msgs_per/base_msgs_per/msg/detail/plot_info__rosidl_typesupport_fastrtps_c.h\n'}
[0.355028] (base_msgs_per) StdoutLine: {'line': b'-- Up-to-date: /home/abc/perception_with_ros2/install/base_msgs_per/include/base_msgs_per/base_msgs_per/msg/detail/local_trajectory__rosidl_typesupport_fastrtps_c.h\n'}
[0.355131] (base_msgs_per) StdoutLine: {'line': b'-- Up-to-date: /home/abc/perception_with_ros2/install/base_msgs_per/include/base_msgs_per/base_msgs_per/msg/detail/local_path_point__rosidl_typesupport_fastrtps_c.h\n'}
[0.355232] (base_msgs_per) StdoutLine: {'line': b'-- Up-to-date: /home/abc/perception_with_ros2/install/base_msgs_per/include/base_msgs_per/base_msgs_per/msg/detail/referline_point__rosidl_typesupport_fastrtps_c.h\n'}
[0.355335] (base_msgs_per) StdoutLine: {'line': b'-- Up-to-date: /home/abc/perception_with_ros2/install/base_msgs_per/include/base_msgs_per/base_msgs_per/msg/detail/pnc_map__rosidl_typesupport_fastrtps_c.h\n'}
[0.355848] (base_msgs_per) StdoutLine: {'line': b'-- Up-to-date: /home/abc/perception_with_ros2/install/base_msgs_per/include/base_msgs_per/base_msgs_per/msg/detail/referline__rosidl_typesupport_fastrtps_c.h\n'}
[0.356727] (base_msgs_per) StdoutLine: {'line': b'-- Up-to-date: /home/abc/perception_with_ros2/install/base_msgs_per/include/base_msgs_per/base_msgs_per/msg/detail/local_path__rosidl_typesupport_fastrtps_c.h\n'}
[0.356992] (base_msgs_per) StdoutLine: {'line': b'-- Up-to-date: /home/abc/perception_with_ros2/install/base_msgs_per/include/base_msgs_per/base_msgs_per/srv\n'}
[0.357106] (base_msgs_per) StdoutLine: {'line': b'-- Up-to-date: /home/abc/perception_with_ros2/install/base_msgs_per/include/base_msgs_per/base_msgs_per/srv/detail\n'}
[0.357213] (base_msgs_per) StdoutLine: {'line': b'-- Up-to-date: /home/abc/perception_with_ros2/install/base_msgs_per/include/base_msgs_per/base_msgs_per/srv/detail/pnc_map_service__rosidl_typesupport_fastrtps_c.h\n'}
[0.357316] (base_msgs_per) StdoutLine: {'line': b'-- Up-to-date: /home/abc/perception_with_ros2/install/base_msgs_per/include/base_msgs_per/base_msgs_per/srv/detail/global_path_service__rosidl_typesupport_fastrtps_c.h\n'}
[0.357432] (base_msgs_per) StdoutLine: {'line': b'-- Up-to-date: /home/abc/perception_with_ros2/install/base_msgs_per/lib/libbase_msgs_per__rosidl_typesupport_fastrtps_c.so\n'}
[0.357559] (base_msgs_per) StdoutLine: {'line': b'-- Up-to-date: /home/abc/perception_with_ros2/install/base_msgs_per/include/base_msgs_per/base_msgs_per\n'}
[0.357667] (base_msgs_per) StdoutLine: {'line': b'-- Up-to-date: /home/abc/perception_with_ros2/install/base_msgs_per/include/base_msgs_per/base_msgs_per/msg\n'}
[0.357772] (base_msgs_per) StdoutLine: {'line': b'-- Up-to-date: /home/abc/perception_with_ros2/install/base_msgs_per/include/base_msgs_per/base_msgs_per/msg/rosidl_typesupport_introspection_c__visibility_control.h\n'}
[0.357877] (base_msgs_per) StdoutLine: {'line': b'-- Up-to-date: /home/abc/perception_with_ros2/install/base_msgs_per/include/base_msgs_per/base_msgs_per/msg/detail\n'}
[0.357988] (base_msgs_per) StdoutLine: {'line': b'-- Up-to-date: /home/abc/perception_with_ros2/install/base_msgs_per/include/base_msgs_per/base_msgs_per/msg/detail/local_trajectory__type_support.c\n'}
[0.358095] (base_msgs_per) StdoutLine: {'line': b'-- Up-to-date: /home/abc/perception_with_ros2/install/base_msgs_per/include/base_msgs_per/base_msgs_per/msg/detail/local_path_point__rosidl_typesupport_introspection_c.h\n'}
[0.358198] (base_msgs_per) StdoutLine: {'line': b'-- Up-to-date: /home/abc/perception_with_ros2/install/base_msgs_per/include/base_msgs_per/base_msgs_per/msg/detail/local_speeds_point__type_support.c\n'}
[0.358304] (base_msgs_per) StdoutLine: {'line': b'-- Up-to-date: /home/abc/perception_with_ros2/install/base_msgs_per/include/base_msgs_per/base_msgs_per/msg/detail/referline__type_support.c\n'}
[0.358411] (base_msgs_per) StdoutLine: {'line': b'-- Up-to-date: /home/abc/perception_with_ros2/install/base_msgs_per/include/base_msgs_per/base_msgs_per/msg/detail/pnc_map__rosidl_typesupport_introspection_c.h\n'}
[0.358525] (base_msgs_per) StdoutLine: {'line': b'-- Up-to-date: /home/abc/perception_with_ros2/install/base_msgs_per/include/base_msgs_per/base_msgs_per/msg/detail/local_speeds_point__rosidl_typesupport_introspection_c.h\n'}
[0.358630] (base_msgs_per) StdoutLine: {'line': b'-- Up-to-date: /home/abc/perception_with_ros2/install/base_msgs_per/include/base_msgs_per/base_msgs_per/msg/detail/local_trajectory__rosidl_typesupport_introspection_c.h\n'}
[0.358732] (base_msgs_per) StdoutLine: {'line': b'-- Up-to-date: /home/abc/perception_with_ros2/install/base_msgs_per/include/base_msgs_per/base_msgs_per/msg/detail/local_speeds__type_support.c\n'}
[0.358834] (base_msgs_per) StdoutLine: {'line': b'-- Up-to-date: /home/abc/perception_with_ros2/install/base_msgs_per/include/base_msgs_per/base_msgs_per/msg/detail/referline_point__type_support.c\n'}
[0.358935] (base_msgs_per) StdoutLine: {'line': b'-- Up-to-date: /home/abc/perception_with_ros2/install/base_msgs_per/include/base_msgs_per/base_msgs_per/msg/detail/referline_point__rosidl_typesupport_introspection_c.h\n'}
[0.359047] (base_msgs_per) StdoutLine: {'line': b'-- Up-to-date: /home/abc/perception_with_ros2/install/base_msgs_per/include/base_msgs_per/base_msgs_per/msg/detail/pnc_map__type_support.c\n'}
[0.359150] (base_msgs_per) StdoutLine: {'line': b'-- Up-to-date: /home/abc/perception_with_ros2/install/base_msgs_per/include/base_msgs_per/base_msgs_per/msg/detail/referline__rosidl_typesupport_introspection_c.h\n'}
[0.359249] (base_msgs_per) StdoutLine: {'line': b'-- Up-to-date: /home/abc/perception_with_ros2/install/base_msgs_per/include/base_msgs_per/base_msgs_per/msg/detail/local_trajectory_point__rosidl_typesupport_introspection_c.h\n'}
[0.359350] (base_msgs_per) StdoutLine: {'line': b'-- Up-to-date: /home/abc/perception_with_ros2/install/base_msgs_per/include/base_msgs_per/base_msgs_per/msg/detail/obs_info__rosidl_typesupport_introspection_c.h\n'}
[0.359465] (base_msgs_per) StdoutLine: {'line': b'-- Up-to-date: /home/abc/perception_with_ros2/install/base_msgs_per/include/base_msgs_per/base_msgs_per/msg/detail/obs_info__type_support.c\n'}
[0.359569] (base_msgs_per) StdoutLine: {'line': b'-- Up-to-date: /home/abc/perception_with_ros2/install/base_msgs_per/include/base_msgs_per/base_msgs_per/msg/detail/local_path__type_support.c\n'}
[0.359672] (base_msgs_per) StdoutLine: {'line': b'-- Up-to-date: /home/abc/perception_with_ros2/install/base_msgs_per/include/base_msgs_per/base_msgs_per/msg/detail/local_path_point__type_support.c\n'}
[0.359777] (base_msgs_per) StdoutLine: {'line': b'-- Up-to-date: /home/abc/perception_with_ros2/install/base_msgs_per/include/base_msgs_per/base_msgs_per/msg/detail/local_trajectory_point__type_support.c\n'}
[0.359878] (base_msgs_per) StdoutLine: {'line': b'-- Up-to-date: /home/abc/perception_with_ros2/install/base_msgs_per/include/base_msgs_per/base_msgs_per/msg/detail/plot_info__type_support.c\n'}
[0.359981] (base_msgs_per) StdoutLine: {'line': b'-- Up-to-date: /home/abc/perception_with_ros2/install/base_msgs_per/include/base_msgs_per/base_msgs_per/msg/detail/local_speeds__rosidl_typesupport_introspection_c.h\n'}
[0.360093] (base_msgs_per) StdoutLine: {'line': b'-- Up-to-date: /home/abc/perception_with_ros2/install/base_msgs_per/include/base_msgs_per/base_msgs_per/msg/detail/local_path__rosidl_typesupport_introspection_c.h\n'}
[0.360195] (base_msgs_per) StdoutLine: {'line': b'-- Up-to-date: /home/abc/perception_with_ros2/install/base_msgs_per/include/base_msgs_per/base_msgs_per/msg/detail/plot_info__rosidl_typesupport_introspection_c.h\n'}
[0.360303] (base_msgs_per) StdoutLine: {'line': b'-- Up-to-date: /home/abc/perception_with_ros2/install/base_msgs_per/include/base_msgs_per/base_msgs_per/srv\n'}
[0.360413] (base_msgs_per) StdoutLine: {'line': b'-- Up-to-date: /home/abc/perception_with_ros2/install/base_msgs_per/include/base_msgs_per/base_msgs_per/srv/detail\n'}
[0.360526] (base_msgs_per) StdoutLine: {'line': b'-- Up-to-date: /home/abc/perception_with_ros2/install/base_msgs_per/include/base_msgs_per/base_msgs_per/srv/detail/global_path_service__type_support.c\n'}
[0.360630] (base_msgs_per) StdoutLine: {'line': b'-- Up-to-date: /home/abc/perception_with_ros2/install/base_msgs_per/include/base_msgs_per/base_msgs_per/srv/detail/global_path_service__rosidl_typesupport_introspection_c.h\n'}
[0.360731] (base_msgs_per) StdoutLine: {'line': b'-- Up-to-date: /home/abc/perception_with_ros2/install/base_msgs_per/include/base_msgs_per/base_msgs_per/srv/detail/pnc_map_service__rosidl_typesupport_introspection_c.h\n'}
[0.360833] (base_msgs_per) StdoutLine: {'line': b'-- Up-to-date: /home/abc/perception_with_ros2/install/base_msgs_per/include/base_msgs_per/base_msgs_per/srv/detail/pnc_map_service__type_support.c\n'}
[0.360934] (base_msgs_per) StdoutLine: {'line': b'-- Up-to-date: /home/abc/perception_with_ros2/install/base_msgs_per/lib/libbase_msgs_per__rosidl_typesupport_introspection_c.so\n'}
[0.361036] (base_msgs_per) StdoutLine: {'line': b'-- Up-to-date: /home/abc/perception_with_ros2/install/base_msgs_per/lib/libbase_msgs_per__rosidl_typesupport_c.so\n'}
[0.361138] (base_msgs_per) StdoutLine: {'line': b'-- Up-to-date: /home/abc/perception_with_ros2/install/base_msgs_per/include/base_msgs_per/base_msgs_per\n'}
[0.361239] (base_msgs_per) StdoutLine: {'line': b'-- Up-to-date: /home/abc/perception_with_ros2/install/base_msgs_per/include/base_msgs_per/base_msgs_per/msg\n'}
[0.361339] (base_msgs_per) StdoutLine: {'line': b'-- Up-to-date: /home/abc/perception_with_ros2/install/base_msgs_per/include/base_msgs_per/base_msgs_per/msg/local_speeds.hpp\n'}
[0.361452] (base_msgs_per) StdoutLine: {'line': b'-- Up-to-date: /home/abc/perception_with_ros2/install/base_msgs_per/include/base_msgs_per/base_msgs_per/msg/local_path_point.hpp\n'}
[0.361557] (base_msgs_per) StdoutLine: {'line': b'-- Up-to-date: /home/abc/perception_with_ros2/install/base_msgs_per/include/base_msgs_per/base_msgs_per/msg/detail\n'}
[0.361658] (base_msgs_per) StdoutLine: {'line': b'-- Up-to-date: /home/abc/perception_with_ros2/install/base_msgs_per/include/base_msgs_per/base_msgs_per/msg/detail/pnc_map__traits.hpp\n'}
[0.361760] (base_msgs_per) StdoutLine: {'line': b'-- Up-to-date: /home/abc/perception_with_ros2/install/base_msgs_per/include/base_msgs_per/base_msgs_per/msg/detail/local_trajectory_point__type_support.hpp\n'}
[0.361861] (base_msgs_per) StdoutLine: {'line': b'-- Up-to-date: /home/abc/perception_with_ros2/install/base_msgs_per/include/base_msgs_per/base_msgs_per/msg/detail/obs_info__builder.hpp\n'}
[0.361964] (base_msgs_per) StdoutLine: {'line': b'-- Up-to-date: /home/abc/perception_with_ros2/install/base_msgs_per/include/base_msgs_per/base_msgs_per/msg/detail/referline_point__type_support.hpp\n'}
[0.362097] (base_msgs_per) StdoutLine: {'line': b'-- Up-to-date: /home/abc/perception_with_ros2/install/base_msgs_per/include/base_msgs_per/base_msgs_per/msg/detail/local_path__struct.hpp\n'}
[0.362200] (base_msgs_per) StdoutLine: {'line': b'-- Up-to-date: /home/abc/perception_with_ros2/install/base_msgs_per/include/base_msgs_per/base_msgs_per/msg/detail/plot_info__struct.hpp\n'}
[0.362305] (base_msgs_per) StdoutLine: {'line': b'-- Up-to-date: /home/abc/perception_with_ros2/install/base_msgs_per/include/base_msgs_per/base_msgs_per/msg/detail/pnc_map__builder.hpp\n'}
[0.362414] (base_msgs_per) StdoutLine: {'line': b'-- Up-to-date: /home/abc/perception_with_ros2/install/base_msgs_per/include/base_msgs_per/base_msgs_per/msg/detail/plot_info__builder.hpp\n'}
[0.362527] (base_msgs_per) StdoutLine: {'line': b'-- Up-to-date: /home/abc/perception_with_ros2/install/base_msgs_per/include/base_msgs_per/base_msgs_per/msg/detail/referline__traits.hpp\n'}
[0.362628] (base_msgs_per) StdoutLine: {'line': b'-- Up-to-date: /home/abc/perception_with_ros2/install/base_msgs_per/include/base_msgs_per/base_msgs_per/msg/detail/local_speeds_point__struct.hpp\n'}
[0.362730] (base_msgs_per) StdoutLine: {'line': b'-- Up-to-date: /home/abc/perception_with_ros2/install/base_msgs_per/include/base_msgs_per/base_msgs_per/msg/detail/local_trajectory__type_support.hpp\n'}
[0.362832] (base_msgs_per) StdoutLine: {'line': b'-- Up-to-date: /home/abc/perception_with_ros2/install/base_msgs_per/include/base_msgs_per/base_msgs_per/msg/detail/local_path_point__struct.hpp\n'}
[0.362934] (base_msgs_per) StdoutLine: {'line': b'-- Up-to-date: /home/abc/perception_with_ros2/install/base_msgs_per/include/base_msgs_per/base_msgs_per/msg/detail/local_speeds__builder.hpp\n'}
[0.363035] (base_msgs_per) StdoutLine: {'line': b'-- Up-to-date: /home/abc/perception_with_ros2/install/base_msgs_per/include/base_msgs_per/base_msgs_per/msg/detail/local_path__traits.hpp\n'}
[0.363136] (base_msgs_per) StdoutLine: {'line': b'-- Up-to-date: /home/abc/perception_with_ros2/install/base_msgs_per/include/base_msgs_per/base_msgs_per/msg/detail/local_trajectory__struct.hpp\n'}
[0.363242] (base_msgs_per) StdoutLine: {'line': b'-- Up-to-date: /home/abc/perception_with_ros2/install/base_msgs_per/include/base_msgs_per/base_msgs_per/msg/detail/local_speeds_point__traits.hpp\n'}
[0.363344] (base_msgs_per) StdoutLine: {'line': b'-- Up-to-date: /home/abc/perception_with_ros2/install/base_msgs_per/include/base_msgs_per/base_msgs_per/msg/detail/local_speeds_point__type_support.hpp\n'}
[0.363458] (base_msgs_per) StdoutLine: {'line': b'-- Up-to-date: /home/abc/perception_with_ros2/install/base_msgs_per/include/base_msgs_per/base_msgs_per/msg/detail/local_path__builder.hpp\n'}
[0.363563] (base_msgs_per) StdoutLine: {'line': b'-- Up-to-date: /home/abc/perception_with_ros2/install/base_msgs_per/include/base_msgs_per/base_msgs_per/msg/detail/plot_info__type_support.hpp\n'}
[0.363666] (base_msgs_per) StdoutLine: {'line': b'-- Up-to-date: /home/abc/perception_with_ros2/install/base_msgs_per/include/base_msgs_per/base_msgs_per/msg/detail/referline_point__builder.hpp\n'}
[0.363768] (base_msgs_per) StdoutLine: {'line': b'-- Up-to-date: /home/abc/perception_with_ros2/install/base_msgs_per/include/base_msgs_per/base_msgs_per/msg/detail/obs_info__type_support.hpp\n'}
[0.363869] (base_msgs_per) StdoutLine: {'line': b'-- Up-to-date: /home/abc/perception_with_ros2/install/base_msgs_per/include/base_msgs_per/base_msgs_per/msg/detail/referline__builder.hpp\n'}
[0.363970] (base_msgs_per) StdoutLine: {'line': b'-- Up-to-date: /home/abc/perception_with_ros2/install/base_msgs_per/include/base_msgs_per/base_msgs_per/msg/detail/pnc_map__struct.hpp\n'}
[0.364072] (base_msgs_per) StdoutLine: {'line': b'-- Up-to-date: /home/abc/perception_with_ros2/install/base_msgs_per/include/base_msgs_per/base_msgs_per/msg/detail/local_path_point__traits.hpp\n'}
[0.364172] (base_msgs_per) StdoutLine: {'line': b'-- Up-to-date: /home/abc/perception_with_ros2/install/base_msgs_per/include/base_msgs_per/base_msgs_per/msg/detail/local_speeds__type_support.hpp\n'}
[0.364272] (base_msgs_per) StdoutLine: {'line': b'-- Up-to-date: /home/abc/perception_with_ros2/install/base_msgs_per/include/base_msgs_per/base_msgs_per/msg/detail/obs_info__traits.hpp\n'}
[0.364374] (base_msgs_per) StdoutLine: {'line': b'-- Up-to-date: /home/abc/perception_with_ros2/install/base_msgs_per/include/base_msgs_per/base_msgs_per/msg/detail/local_trajectory__builder.hpp\n'}
[0.364492] (base_msgs_per) StdoutLine: {'line': b'-- Up-to-date: /home/abc/perception_with_ros2/install/base_msgs_per/include/base_msgs_per/base_msgs_per/msg/detail/local_trajectory__traits.hpp\n'}
[0.364598] (base_msgs_per) StdoutLine: {'line': b'-- Up-to-date: /home/abc/perception_with_ros2/install/base_msgs_per/include/base_msgs_per/base_msgs_per/msg/detail/referline__struct.hpp\n'}
[0.364699] (base_msgs_per) StdoutLine: {'line': b'-- Up-to-date: /home/abc/perception_with_ros2/install/base_msgs_per/include/base_msgs_per/base_msgs_per/msg/detail/referline__type_support.hpp\n'}
[0.364801] (base_msgs_per) StdoutLine: {'line': b'-- Up-to-date: /home/abc/perception_with_ros2/install/base_msgs_per/include/base_msgs_per/base_msgs_per/msg/detail/referline_point__struct.hpp\n'}
[0.364902] (base_msgs_per) StdoutLine: {'line': b'-- Up-to-date: /home/abc/perception_with_ros2/install/base_msgs_per/include/base_msgs_per/base_msgs_per/msg/detail/plot_info__traits.hpp\n'}
[0.365012] (base_msgs_per) StdoutLine: {'line': b'-- Up-to-date: /home/abc/perception_with_ros2/install/base_msgs_per/include/base_msgs_per/base_msgs_per/msg/detail/local_trajectory_point__builder.hpp\n'}
[0.365112] (base_msgs_per) StdoutLine: {'line': b'-- Up-to-date: /home/abc/perception_with_ros2/install/base_msgs_per/include/base_msgs_per/base_msgs_per/msg/detail/local_speeds__traits.hpp\n'}
[0.365213] (base_msgs_per) StdoutLine: {'line': b'-- Up-to-date: /home/abc/perception_with_ros2/install/base_msgs_per/include/base_msgs_per/base_msgs_per/msg/detail/local_trajectory_point__traits.hpp\n'}
[0.365315] (base_msgs_per) StdoutLine: {'line': b'-- Up-to-date: /home/abc/perception_with_ros2/install/base_msgs_per/include/base_msgs_per/base_msgs_per/msg/detail/local_path__type_support.hpp\n'}
[0.365420] (base_msgs_per) StdoutLine: {'line': b'-- Up-to-date: /home/abc/perception_with_ros2/install/base_msgs_per/include/base_msgs_per/base_msgs_per/msg/detail/local_path_point__type_support.hpp\n'}
[0.365532] (base_msgs_per) StdoutLine: {'line': b'-- Up-to-date: /home/abc/perception_with_ros2/install/base_msgs_per/include/base_msgs_per/base_msgs_per/msg/detail/local_trajectory_point__struct.hpp\n'}
[0.365635] (base_msgs_per) StdoutLine: {'line': b'-- Up-to-date: /home/abc/perception_with_ros2/install/base_msgs_per/include/base_msgs_per/base_msgs_per/msg/detail/obs_info__struct.hpp\n'}
[0.365735] (base_msgs_per) StdoutLine: {'line': b'-- Up-to-date: /home/abc/perception_with_ros2/install/base_msgs_per/include/base_msgs_per/base_msgs_per/msg/detail/referline_point__traits.hpp\n'}
[0.365837] (base_msgs_per) StdoutLine: {'line': b'-- Up-to-date: /home/abc/perception_with_ros2/install/base_msgs_per/include/base_msgs_per/base_msgs_per/msg/detail/local_speeds_point__builder.hpp\n'}
[0.365936] (base_msgs_per) StdoutLine: {'line': b'-- Up-to-date: /home/abc/perception_with_ros2/install/base_msgs_per/include/base_msgs_per/base_msgs_per/msg/detail/pnc_map__type_support.hpp\n'}
[0.366044] (base_msgs_per) StdoutLine: {'line': b'-- Up-to-date: /home/abc/perception_with_ros2/install/base_msgs_per/include/base_msgs_per/base_msgs_per/msg/detail/local_speeds__struct.hpp\n'}
[0.366145] (base_msgs_per) StdoutLine: {'line': b'-- Up-to-date: /home/abc/perception_with_ros2/install/base_msgs_per/include/base_msgs_per/base_msgs_per/msg/detail/local_path_point__builder.hpp\n'}
[0.366245] (base_msgs_per) StdoutLine: {'line': b'-- Up-to-date: /home/abc/perception_with_ros2/install/base_msgs_per/include/base_msgs_per/base_msgs_per/msg/local_path.hpp\n'}
[0.366346] (base_msgs_per) StdoutLine: {'line': b'-- Up-to-date: /home/abc/perception_with_ros2/install/base_msgs_per/include/base_msgs_per/base_msgs_per/msg/rosidl_generator_cpp__visibility_control.hpp\n'}
[0.366463] (base_msgs_per) StdoutLine: {'line': b'-- Up-to-date: /home/abc/perception_with_ros2/install/base_msgs_per/include/base_msgs_per/base_msgs_per/msg/referline.hpp\n'}
[0.366569] (base_msgs_per) StdoutLine: {'line': b'-- Up-to-date: /home/abc/perception_with_ros2/install/base_msgs_per/include/base_msgs_per/base_msgs_per/msg/local_trajectory_point.hpp\n'}
[0.366676] (base_msgs_per) StdoutLine: {'line': b'-- Up-to-date: /home/abc/perception_with_ros2/install/base_msgs_per/include/base_msgs_per/base_msgs_per/msg/obs_info.hpp\n'}
[0.366778] (base_msgs_per) StdoutLine: {'line': b'-- Up-to-date: /home/abc/perception_with_ros2/install/base_msgs_per/include/base_msgs_per/base_msgs_per/msg/plot_info.hpp\n'}
[0.366878] (base_msgs_per) StdoutLine: {'line': b'-- Up-to-date: /home/abc/perception_with_ros2/install/base_msgs_per/include/base_msgs_per/base_msgs_per/msg/local_trajectory.hpp\n'}
[0.366978] (base_msgs_per) StdoutLine: {'line': b'-- Up-to-date: /home/abc/perception_with_ros2/install/base_msgs_per/include/base_msgs_per/base_msgs_per/msg/local_speeds_point.hpp\n'}
[0.367079] (base_msgs_per) StdoutLine: {'line': b'-- Up-to-date: /home/abc/perception_with_ros2/install/base_msgs_per/include/base_msgs_per/base_msgs_per/msg/pnc_map.hpp\n'}
[0.367180] (base_msgs_per) StdoutLine: {'line': b'-- Up-to-date: /home/abc/perception_with_ros2/install/base_msgs_per/include/base_msgs_per/base_msgs_per/msg/referline_point.hpp\n'}
[0.367283] (base_msgs_per) StdoutLine: {'line': b'-- Up-to-date: /home/abc/perception_with_ros2/install/base_msgs_per/include/base_msgs_per/base_msgs_per/srv\n'}
[0.367384] (base_msgs_per) StdoutLine: {'line': b'-- Up-to-date: /home/abc/perception_with_ros2/install/base_msgs_per/include/base_msgs_per/base_msgs_per/srv/pnc_map_service.hpp\n'}
[0.367498] (base_msgs_per) StdoutLine: {'line': b'-- Up-to-date: /home/abc/perception_with_ros2/install/base_msgs_per/include/base_msgs_per/base_msgs_per/srv/detail\n'}
[0.367602] (base_msgs_per) StdoutLine: {'line': b'-- Up-to-date: /home/abc/perception_with_ros2/install/base_msgs_per/include/base_msgs_per/base_msgs_per/srv/detail/global_path_service__builder.hpp\n'}
[0.367704] (base_msgs_per) StdoutLine: {'line': b'-- Up-to-date: /home/abc/perception_with_ros2/install/base_msgs_per/include/base_msgs_per/base_msgs_per/srv/detail/pnc_map_service__traits.hpp\n'}
[0.367806] (base_msgs_per) StdoutLine: {'line': b'-- Up-to-date: /home/abc/perception_with_ros2/install/base_msgs_per/include/base_msgs_per/base_msgs_per/srv/detail/pnc_map_service__type_support.hpp\n'}
[0.367908] (base_msgs_per) StdoutLine: {'line': b'-- Up-to-date: /home/abc/perception_with_ros2/install/base_msgs_per/include/base_msgs_per/base_msgs_per/srv/detail/global_path_service__struct.hpp\n'}
[0.368009] (base_msgs_per) StdoutLine: {'line': b'-- Up-to-date: /home/abc/perception_with_ros2/install/base_msgs_per/include/base_msgs_per/base_msgs_per/srv/detail/pnc_map_service__builder.hpp\n'}
[0.368120] (base_msgs_per) StdoutLine: {'line': b'-- Up-to-date: /home/abc/perception_with_ros2/install/base_msgs_per/include/base_msgs_per/base_msgs_per/srv/detail/global_path_service__type_support.hpp\n'}
[0.368223] (base_msgs_per) StdoutLine: {'line': b'-- Up-to-date: /home/abc/perception_with_ros2/install/base_msgs_per/include/base_msgs_per/base_msgs_per/srv/detail/global_path_service__traits.hpp\n'}
[0.368325] (base_msgs_per) StdoutLine: {'line': b'-- Up-to-date: /home/abc/perception_with_ros2/install/base_msgs_per/include/base_msgs_per/base_msgs_per/srv/detail/pnc_map_service__struct.hpp\n'}
[0.368436] (base_msgs_per) StdoutLine: {'line': b'-- Up-to-date: /home/abc/perception_with_ros2/install/base_msgs_per/include/base_msgs_per/base_msgs_per/srv/global_path_service.hpp\n'}
[0.368545] (base_msgs_per) StdoutLine: {'line': b'-- Up-to-date: /home/abc/perception_with_ros2/install/base_msgs_per/include/base_msgs_per/base_msgs_per\n'}
[0.368647] (base_msgs_per) StdoutLine: {'line': b'-- Up-to-date: /home/abc/perception_with_ros2/install/base_msgs_per/include/base_msgs_per/base_msgs_per/msg\n'}
[0.368748] (base_msgs_per) StdoutLine: {'line': b'-- Up-to-date: /home/abc/perception_with_ros2/install/base_msgs_per/include/base_msgs_per/base_msgs_per/msg/detail\n'}
[0.368850] (base_msgs_per) StdoutLine: {'line': b'-- Up-to-date: /home/abc/perception_with_ros2/install/base_msgs_per/include/base_msgs_per/base_msgs_per/msg/detail/local_path__rosidl_typesupport_fastrtps_cpp.hpp\n'}
[0.368963] (base_msgs_per) StdoutLine: {'line': b'-- Up-to-date: /home/abc/perception_with_ros2/install/base_msgs_per/include/base_msgs_per/base_msgs_per/msg/detail/referline__rosidl_typesupport_fastrtps_cpp.hpp\n'}
[0.369064] (base_msgs_per) StdoutLine: {'line': b'-- Up-to-date: /home/abc/perception_with_ros2/install/base_msgs_per/include/base_msgs_per/base_msgs_per/msg/detail/local_trajectory__rosidl_typesupport_fastrtps_cpp.hpp\n'}
[0.369167] (base_msgs_per) StdoutLine: {'line': b'-- Up-to-date: /home/abc/perception_with_ros2/install/base_msgs_per/include/base_msgs_per/base_msgs_per/msg/detail/local_trajectory_point__rosidl_typesupport_fastrtps_cpp.hpp\n'}
[0.369270] (base_msgs_per) StdoutLine: {'line': b'-- Up-to-date: /home/abc/perception_with_ros2/install/base_msgs_per/include/base_msgs_per/base_msgs_per/msg/detail/obs_info__rosidl_typesupport_fastrtps_cpp.hpp\n'}
[0.369370] (base_msgs_per) StdoutLine: {'line': b'-- Up-to-date: /home/abc/perception_with_ros2/install/base_msgs_per/include/base_msgs_per/base_msgs_per/msg/detail/local_path_point__rosidl_typesupport_fastrtps_cpp.hpp\n'}
[0.369500] (base_msgs_per) StdoutLine: {'line': b'-- Up-to-date: /home/abc/perception_with_ros2/install/base_msgs_per/include/base_msgs_per/base_msgs_per/msg/detail/referline_point__rosidl_typesupport_fastrtps_cpp.hpp\n'}
[0.369602] (base_msgs_per) StdoutLine: {'line': b'-- Up-to-date: /home/abc/perception_with_ros2/install/base_msgs_per/include/base_msgs_per/base_msgs_per/msg/detail/pnc_map__rosidl_typesupport_fastrtps_cpp.hpp\n'}
[0.369701] (base_msgs_per) StdoutLine: {'line': b'-- Up-to-date: /home/abc/perception_with_ros2/install/base_msgs_per/include/base_msgs_per/base_msgs_per/msg/detail/local_speeds__rosidl_typesupport_fastrtps_cpp.hpp\n'}
[0.369797] (base_msgs_per) StdoutLine: {'line': b'-- Up-to-date: /home/abc/perception_with_ros2/install/base_msgs_per/include/base_msgs_per/base_msgs_per/msg/detail/dds_fastrtps\n'}
[0.369894] (base_msgs_per) StdoutLine: {'line': b'-- Up-to-date: /home/abc/perception_with_ros2/install/base_msgs_per/include/base_msgs_per/base_msgs_per/msg/detail/local_speeds_point__rosidl_typesupport_fastrtps_cpp.hpp\n'}
[0.369992] (base_msgs_per) StdoutLine: {'line': b'-- Up-to-date: /home/abc/perception_with_ros2/install/base_msgs_per/include/base_msgs_per/base_msgs_per/msg/detail/plot_info__rosidl_typesupport_fastrtps_cpp.hpp\n'}
[0.370089] (base_msgs_per) StdoutLine: {'line': b'-- Up-to-date: /home/abc/perception_with_ros2/install/base_msgs_per/include/base_msgs_per/base_msgs_per/msg/rosidl_typesupport_fastrtps_cpp__visibility_control.h\n'}
[0.370188] (base_msgs_per) StdoutLine: {'line': b'-- Up-to-date: /home/abc/perception_with_ros2/install/base_msgs_per/include/base_msgs_per/base_msgs_per/srv\n'}
[0.370286] (base_msgs_per) StdoutLine: {'line': b'-- Up-to-date: /home/abc/perception_with_ros2/install/base_msgs_per/include/base_msgs_per/base_msgs_per/srv/detail\n'}
[0.370384] (base_msgs_per) StdoutLine: {'line': b'-- Up-to-date: /home/abc/perception_with_ros2/install/base_msgs_per/include/base_msgs_per/base_msgs_per/srv/detail/global_path_service__rosidl_typesupport_fastrtps_cpp.hpp\n'}
[0.370496] (base_msgs_per) StdoutLine: {'line': b'-- Up-to-date: /home/abc/perception_with_ros2/install/base_msgs_per/include/base_msgs_per/base_msgs_per/srv/detail/pnc_map_service__rosidl_typesupport_fastrtps_cpp.hpp\n'}
[0.370596] (base_msgs_per) StdoutLine: {'line': b'-- Up-to-date: /home/abc/perception_with_ros2/install/base_msgs_per/include/base_msgs_per/base_msgs_per/srv/detail/dds_fastrtps\n'}
[0.370700] (base_msgs_per) StdoutLine: {'line': b'-- Up-to-date: /home/abc/perception_with_ros2/install/base_msgs_per/lib/libbase_msgs_per__rosidl_typesupport_fastrtps_cpp.so\n'}
[0.370797] (base_msgs_per) StdoutLine: {'line': b'-- Up-to-date: /home/abc/perception_with_ros2/install/base_msgs_per/include/base_msgs_per/base_msgs_per\n'}
[0.370895] (base_msgs_per) StdoutLine: {'line': b'-- Up-to-date: /home/abc/perception_with_ros2/install/base_msgs_per/include/base_msgs_per/base_msgs_per/msg\n'}
[0.371000] (base_msgs_per) StdoutLine: {'line': b'-- Up-to-date: /home/abc/perception_with_ros2/install/base_msgs_per/include/base_msgs_per/base_msgs_per/msg/detail\n'}
[0.371106] (base_msgs_per) StdoutLine: {'line': b'-- Up-to-date: /home/abc/perception_with_ros2/install/base_msgs_per/include/base_msgs_per/base_msgs_per/msg/detail/local_trajectory__type_support.cpp\n'}
[0.371206] (base_msgs_per) StdoutLine: {'line': b'-- Up-to-date: /home/abc/perception_with_ros2/install/base_msgs_per/include/base_msgs_per/base_msgs_per/msg/detail/local_speeds_point__type_support.cpp\n'}
[0.371306] (base_msgs_per) StdoutLine: {'line': b'-- Up-to-date: /home/abc/perception_with_ros2/install/base_msgs_per/include/base_msgs_per/base_msgs_per/msg/detail/local_speeds_point__rosidl_typesupport_introspection_cpp.hpp\n'}
[0.371407] (base_msgs_per) StdoutLine: {'line': b'-- Up-to-date: /home/abc/perception_with_ros2/install/base_msgs_per/include/base_msgs_per/base_msgs_per/msg/detail/pnc_map__type_support.cpp\n'}
[0.371516] (base_msgs_per) StdoutLine: {'line': b'-- Up-to-date: /home/abc/perception_with_ros2/install/base_msgs_per/include/base_msgs_per/base_msgs_per/msg/detail/referline__type_support.cpp\n'}
[0.371620] (base_msgs_per) StdoutLine: {'line': b'-- Up-to-date: /home/abc/perception_with_ros2/install/base_msgs_per/include/base_msgs_per/base_msgs_per/msg/detail/obs_info__rosidl_typesupport_introspection_cpp.hpp\n'}
[0.371717] (base_msgs_per) StdoutLine: {'line': b'-- Up-to-date: /home/abc/perception_with_ros2/install/base_msgs_per/include/base_msgs_per/base_msgs_per/msg/detail/referline__rosidl_typesupport_introspection_cpp.hpp\n'}
[0.371815] (base_msgs_per) StdoutLine: {'line': b'-- Up-to-date: /home/abc/perception_with_ros2/install/base_msgs_per/include/base_msgs_per/base_msgs_per/msg/detail/local_speeds__type_support.cpp\n'}
[0.371914] (base_msgs_per) StdoutLine: {'line': b'-- Up-to-date: /home/abc/perception_with_ros2/install/base_msgs_per/include/base_msgs_per/base_msgs_per/msg/detail/local_trajectory_point__rosidl_typesupport_introspection_cpp.hpp\n'}
[0.372011] (base_msgs_per) StdoutLine: {'line': b'-- Up-to-date: /home/abc/perception_with_ros2/install/base_msgs_per/include/base_msgs_per/base_msgs_per/msg/detail/plot_info__type_support.cpp\n'}
[0.372109] (base_msgs_per) StdoutLine: {'line': b'-- Up-to-date: /home/abc/perception_with_ros2/install/base_msgs_per/include/base_msgs_per/base_msgs_per/msg/detail/local_path__rosidl_typesupport_introspection_cpp.hpp\n'}
[0.372206] (base_msgs_per) StdoutLine: {'line': b'-- Up-to-date: /home/abc/perception_with_ros2/install/base_msgs_per/include/base_msgs_per/base_msgs_per/msg/detail/local_path_point__type_support.cpp\n'}
[0.372308] (base_msgs_per) StdoutLine: {'line': b'-- Up-to-date: /home/abc/perception_with_ros2/install/base_msgs_per/include/base_msgs_per/base_msgs_per/msg/detail/pnc_map__rosidl_typesupport_introspection_cpp.hpp\n'}
[0.372411] (base_msgs_per) StdoutLine: {'line': b'-- Up-to-date: /home/abc/perception_with_ros2/install/base_msgs_per/include/base_msgs_per/base_msgs_per/msg/detail/plot_info__rosidl_typesupport_introspection_cpp.hpp\n'}
[0.372519] (base_msgs_per) StdoutLine: {'line': b'-- Up-to-date: /home/abc/perception_with_ros2/install/base_msgs_per/include/base_msgs_per/base_msgs_per/msg/detail/local_trajectory__rosidl_typesupport_introspection_cpp.hpp\n'}
[0.372618] (base_msgs_per) StdoutLine: {'line': b'-- Up-to-date: /home/abc/perception_with_ros2/install/base_msgs_per/include/base_msgs_per/base_msgs_per/msg/detail/referline_point__type_support.cpp\n'}
[0.372716] (base_msgs_per) StdoutLine: {'line': b'-- Up-to-date: /home/abc/perception_with_ros2/install/base_msgs_per/include/base_msgs_per/base_msgs_per/msg/detail/obs_info__type_support.cpp\n'}
[0.372814] (base_msgs_per) StdoutLine: {'line': b'-- Up-to-date: /home/abc/perception_with_ros2/install/base_msgs_per/include/base_msgs_per/base_msgs_per/msg/detail/referline_point__rosidl_typesupport_introspection_cpp.hpp\n'}
[0.372911] (base_msgs_per) StdoutLine: {'line': b'-- Up-to-date: /home/abc/perception_with_ros2/install/base_msgs_per/include/base_msgs_per/base_msgs_per/msg/detail/local_speeds__rosidl_typesupport_introspection_cpp.hpp\n'}
[0.373014] (base_msgs_per) StdoutLine: {'line': b'-- Up-to-date: /home/abc/perception_with_ros2/install/base_msgs_per/include/base_msgs_per/base_msgs_per/msg/detail/local_path__type_support.cpp\n'}
[0.373113] (base_msgs_per) StdoutLine: {'line': b'-- Up-to-date: /home/abc/perception_with_ros2/install/base_msgs_per/include/base_msgs_per/base_msgs_per/msg/detail/local_trajectory_point__type_support.cpp\n'}
[0.373209] (base_msgs_per) StdoutLine: {'line': b'-- Up-to-date: /home/abc/perception_with_ros2/install/base_msgs_per/include/base_msgs_per/base_msgs_per/msg/detail/local_path_point__rosidl_typesupport_introspection_cpp.hpp\n'}
[0.373306] (base_msgs_per) StdoutLine: {'line': b'-- Up-to-date: /home/abc/perception_with_ros2/install/base_msgs_per/include/base_msgs_per/base_msgs_per/srv\n'}
[0.373408] (base_msgs_per) StdoutLine: {'line': b'-- Up-to-date: /home/abc/perception_with_ros2/install/base_msgs_per/include/base_msgs_per/base_msgs_per/srv/detail\n'}
[0.373514] (base_msgs_per) StdoutLine: {'line': b'-- Up-to-date: /home/abc/perception_with_ros2/install/base_msgs_per/include/base_msgs_per/base_msgs_per/srv/detail/pnc_map_service__rosidl_typesupport_introspection_cpp.hpp\n'}
[0.373614] (base_msgs_per) StdoutLine: {'line': b'-- Up-to-date: /home/abc/perception_with_ros2/install/base_msgs_per/include/base_msgs_per/base_msgs_per/srv/detail/pnc_map_service__type_support.cpp\n'}
[0.373720] (base_msgs_per) StdoutLine: {'line': b'-- Up-to-date: /home/abc/perception_with_ros2/install/base_msgs_per/include/base_msgs_per/base_msgs_per/srv/detail/global_path_service__type_support.cpp\n'}
[0.373818] (base_msgs_per) StdoutLine: {'line': b'-- Up-to-date: /home/abc/perception_with_ros2/install/base_msgs_per/include/base_msgs_per/base_msgs_per/srv/detail/global_path_service__rosidl_typesupport_introspection_cpp.hpp\n'}
[0.373919] (base_msgs_per) StdoutLine: {'line': b'-- Up-to-date: /home/abc/perception_with_ros2/install/base_msgs_per/lib/libbase_msgs_per__rosidl_typesupport_introspection_cpp.so\n'}
[0.374016] (base_msgs_per) StdoutLine: {'line': b'-- Up-to-date: /home/abc/perception_with_ros2/install/base_msgs_per/lib/libbase_msgs_per__rosidl_typesupport_cpp.so\n'}
[0.374115] (base_msgs_per) StdoutLine: {'line': b'-- Up-to-date: /home/abc/perception_with_ros2/install/base_msgs_per/share/base_msgs_per/environment/pythonpath.sh\n'}
[0.374217] (base_msgs_per) StdoutLine: {'line': b'-- Up-to-date: /home/abc/perception_with_ros2/install/base_msgs_per/share/base_msgs_per/environment/pythonpath.dsv\n'}
[0.374317] (base_msgs_per) StdoutLine: {'line': b'-- Up-to-date: /home/abc/perception_with_ros2/install/base_msgs_per/local/lib/python3.10/dist-packages/base_msgs_per-0.0.0-py3.10.egg-info\n'}
[0.374423] (base_msgs_per) StdoutLine: {'line': b'-- Installing: /home/abc/perception_with_ros2/install/base_msgs_per/local/lib/python3.10/dist-packages/base_msgs_per-0.0.0-py3.10.egg-info/dependency_links.txt\n'}
[0.374532] (base_msgs_per) StdoutLine: {'line': b'-- Installing: /home/abc/perception_with_ros2/install/base_msgs_per/local/lib/python3.10/dist-packages/base_msgs_per-0.0.0-py3.10.egg-info/SOURCES.txt\n'}
[0.374632] (base_msgs_per) StdoutLine: {'line': b'-- Installing: /home/abc/perception_with_ros2/install/base_msgs_per/local/lib/python3.10/dist-packages/base_msgs_per-0.0.0-py3.10.egg-info/top_level.txt\n'}
[0.374730] (base_msgs_per) StdoutLine: {'line': b'-- Installing: /home/abc/perception_with_ros2/install/base_msgs_per/local/lib/python3.10/dist-packages/base_msgs_per-0.0.0-py3.10.egg-info/PKG-INFO\n'}
[0.374828] (base_msgs_per) StdoutLine: {'line': b'-- Up-to-date: /home/abc/perception_with_ros2/install/base_msgs_per/local/lib/python3.10/dist-packages/base_msgs_per\n'}
[0.374926] (base_msgs_per) StdoutLine: {'line': b'-- Up-to-date: /home/abc/perception_with_ros2/install/base_msgs_per/local/lib/python3.10/dist-packages/base_msgs_per/_base_msgs_per_s.ep.rosidl_typesupport_fastrtps_c.c\n'}
[0.375030] (base_msgs_per) StdoutLine: {'line': b'-- Up-to-date: /home/abc/perception_with_ros2/install/base_msgs_per/local/lib/python3.10/dist-packages/base_msgs_per/msg\n'}
[0.375128] (base_msgs_per) StdoutLine: {'line': b'-- Up-to-date: /home/abc/perception_with_ros2/install/base_msgs_per/local/lib/python3.10/dist-packages/base_msgs_per/msg/_obs_info.py\n'}
[0.375224] (base_msgs_per) StdoutLine: {'line': b'-- Up-to-date: /home/abc/perception_with_ros2/install/base_msgs_per/local/lib/python3.10/dist-packages/base_msgs_per/msg/_referline_s.c\n'}
[0.375320] (base_msgs_per) StdoutLine: {'line': b'-- Up-to-date: /home/abc/perception_with_ros2/install/base_msgs_per/local/lib/python3.10/dist-packages/base_msgs_per/msg/_local_path_s.c\n'}
[0.375427] (base_msgs_per) StdoutLine: {'line': b'-- Up-to-date: /home/abc/perception_with_ros2/install/base_msgs_per/local/lib/python3.10/dist-packages/base_msgs_per/msg/_local_speeds.py\n'}
[0.375536] (base_msgs_per) StdoutLine: {'line': b'-- Up-to-date: /home/abc/perception_with_ros2/install/base_msgs_per/local/lib/python3.10/dist-packages/base_msgs_per/msg/_local_path_point_s.c\n'}
[0.375635] (base_msgs_per) StdoutLine: {'line': b'-- Up-to-date: /home/abc/perception_with_ros2/install/base_msgs_per/local/lib/python3.10/dist-packages/base_msgs_per/msg/_referline_point_s.c\n'}
[0.375735] (base_msgs_per) StdoutLine: {'line': b'-- Up-to-date: /home/abc/perception_with_ros2/install/base_msgs_per/local/lib/python3.10/dist-packages/base_msgs_per/msg/_local_path.py\n'}
[0.375834] (base_msgs_per) StdoutLine: {'line': b'-- Up-to-date: /home/abc/perception_with_ros2/install/base_msgs_per/local/lib/python3.10/dist-packages/base_msgs_per/msg/_local_trajectory_point.py\n'}
[0.375932] (base_msgs_per) StdoutLine: {'line': b'-- Up-to-date: /home/abc/perception_with_ros2/install/base_msgs_per/local/lib/python3.10/dist-packages/base_msgs_per/msg/_local_speeds_s.c\n'}
[0.376031] (base_msgs_per) StdoutLine: {'line': b'-- Up-to-date: /home/abc/perception_with_ros2/install/base_msgs_per/local/lib/python3.10/dist-packages/base_msgs_per/msg/_referline.py\n'}
[0.376130] (base_msgs_per) StdoutLine: {'line': b'-- Up-to-date: /home/abc/perception_with_ros2/install/base_msgs_per/local/lib/python3.10/dist-packages/base_msgs_per/msg/_local_speeds_point.py\n'}
[0.376229] (base_msgs_per) StdoutLine: {'line': b'-- Up-to-date: /home/abc/perception_with_ros2/install/base_msgs_per/local/lib/python3.10/dist-packages/base_msgs_per/msg/_pnc_map.py\n'}
[0.376327] (base_msgs_per) StdoutLine: {'line': b'-- Up-to-date: /home/abc/perception_with_ros2/install/base_msgs_per/local/lib/python3.10/dist-packages/base_msgs_per/msg/__init__.py\n'}
[0.376434] (base_msgs_per) StdoutLine: {'line': b'-- Up-to-date: /home/abc/perception_with_ros2/install/base_msgs_per/local/lib/python3.10/dist-packages/base_msgs_per/msg/_plot_info_s.c\n'}
[0.376542] (base_msgs_per) StdoutLine: {'line': b'-- Up-to-date: /home/abc/perception_with_ros2/install/base_msgs_per/local/lib/python3.10/dist-packages/base_msgs_per/msg/_local_trajectory_s.c\n'}
[0.376641] (base_msgs_per) StdoutLine: {'line': b'-- Up-to-date: /home/abc/perception_with_ros2/install/base_msgs_per/local/lib/python3.10/dist-packages/base_msgs_per/msg/_referline_point.py\n'}
[0.376750] (base_msgs_per) StdoutLine: {'line': b'-- Up-to-date: /home/abc/perception_with_ros2/install/base_msgs_per/local/lib/python3.10/dist-packages/base_msgs_per/msg/_local_speeds_point_s.c\n'}
[0.376851] (base_msgs_per) StdoutLine: {'line': b'-- Up-to-date: /home/abc/perception_with_ros2/install/base_msgs_per/local/lib/python3.10/dist-packages/base_msgs_per/msg/_local_path_point.py\n'}
[0.376955] (base_msgs_per) StdoutLine: {'line': b'-- Up-to-date: /home/abc/perception_with_ros2/install/base_msgs_per/local/lib/python3.10/dist-packages/base_msgs_per/msg/_pnc_map_s.c\n'}
[0.377055] (base_msgs_per) StdoutLine: {'line': b'-- Up-to-date: /home/abc/perception_with_ros2/install/base_msgs_per/local/lib/python3.10/dist-packages/base_msgs_per/msg/_local_trajectory.py\n'}
[0.377159] (base_msgs_per) StdoutLine: {'line': b'-- Up-to-date: /home/abc/perception_with_ros2/install/base_msgs_per/local/lib/python3.10/dist-packages/base_msgs_per/msg/_local_trajectory_point_s.c\n'}
[0.377264] (base_msgs_per) StdoutLine: {'line': b'-- Up-to-date: /home/abc/perception_with_ros2/install/base_msgs_per/local/lib/python3.10/dist-packages/base_msgs_per/msg/_plot_info.py\n'}
[0.377364] (base_msgs_per) StdoutLine: {'line': b'-- Up-to-date: /home/abc/perception_with_ros2/install/base_msgs_per/local/lib/python3.10/dist-packages/base_msgs_per/msg/_obs_info_s.c\n'}
[0.377477] (base_msgs_per) StdoutLine: {'line': b'-- Up-to-date: /home/abc/perception_with_ros2/install/base_msgs_per/local/lib/python3.10/dist-packages/base_msgs_per/_base_msgs_per_s.ep.rosidl_typesupport_introspection_c.c\n'}
[0.377580] (base_msgs_per) StdoutLine: {'line': b'-- Up-to-date: /home/abc/perception_with_ros2/install/base_msgs_per/local/lib/python3.10/dist-packages/base_msgs_per/_base_msgs_per_s.ep.rosidl_typesupport_c.c\n'}
[0.377679] (base_msgs_per) StdoutLine: {'line': b'-- Up-to-date: /home/abc/perception_with_ros2/install/base_msgs_per/local/lib/python3.10/dist-packages/base_msgs_per/__init__.py\n'}
[0.377777] (base_msgs_per) StdoutLine: {'line': b'-- Up-to-date: /home/abc/perception_with_ros2/install/base_msgs_per/local/lib/python3.10/dist-packages/base_msgs_per/base_msgs_per_s__rosidl_typesupport_c.cpython-310-x86_64-linux-gnu.so\n'}
[0.377878] (base_msgs_per) StdoutLine: {'line': b'-- Up-to-date: /home/abc/perception_with_ros2/install/base_msgs_per/local/lib/python3.10/dist-packages/base_msgs_per/base_msgs_per_s__rosidl_typesupport_introspection_c.cpython-310-x86_64-linux-gnu.so\n'}
[0.377978] (base_msgs_per) StdoutLine: {'line': b'-- Up-to-date: /home/abc/perception_with_ros2/install/base_msgs_per/local/lib/python3.10/dist-packages/base_msgs_per/base_msgs_per_s__rosidl_typesupport_fastrtps_c.cpython-310-x86_64-linux-gnu.so\n'}
[0.378078] (base_msgs_per) StdoutLine: {'line': b'-- Up-to-date: /home/abc/perception_with_ros2/install/base_msgs_per/local/lib/python3.10/dist-packages/base_msgs_per/libbase_msgs_per__rosidl_generator_py.so\n'}
[0.378176] (base_msgs_per) StdoutLine: {'line': b'-- Up-to-date: /home/abc/perception_with_ros2/install/base_msgs_per/local/lib/python3.10/dist-packages/base_msgs_per/srv\n'}
[0.378275] (base_msgs_per) StdoutLine: {'line': b'-- Up-to-date: /home/abc/perception_with_ros2/install/base_msgs_per/local/lib/python3.10/dist-packages/base_msgs_per/srv/_pnc_map_service.py\n'}
[0.378375] (base_msgs_per) StdoutLine: {'line': b'-- Up-to-date: /home/abc/perception_with_ros2/install/base_msgs_per/local/lib/python3.10/dist-packages/base_msgs_per/srv/_global_path_service_s.c\n'}
[0.378503] (base_msgs_per) StdoutLine: {'line': b'-- Up-to-date: /home/abc/perception_with_ros2/install/base_msgs_per/local/lib/python3.10/dist-packages/base_msgs_per/srv/__init__.py\n'}
[0.378605] (base_msgs_per) StdoutLine: {'line': b'-- Up-to-date: /home/abc/perception_with_ros2/install/base_msgs_per/local/lib/python3.10/dist-packages/base_msgs_per/srv/_global_path_service.py\n'}
[0.378701] (base_msgs_per) StdoutLine: {'line': b'-- Up-to-date: /home/abc/perception_with_ros2/install/base_msgs_per/local/lib/python3.10/dist-packages/base_msgs_per/srv/_pnc_map_service_s.c\n'}
[0.400331] (-) TimerEvent: {}
[0.403882] (base_msgs_per) StdoutLine: {'line': b"Listing '/home/abc/perception_with_ros2/install/base_msgs_per/local/lib/python3.10/dist-packages/base_msgs_per'...\n"}
[0.404098] (base_msgs_per) StdoutLine: {'line': b"Listing '/home/abc/perception_with_ros2/install/base_msgs_per/local/lib/python3.10/dist-packages/base_msgs_per/msg'...\n"}
[0.404217] (base_msgs_per) StdoutLine: {'line': b"Listing '/home/abc/perception_with_ros2/install/base_msgs_per/local/lib/python3.10/dist-packages/base_msgs_per/srv'...\n"}
[0.409979] (base_msgs_per) StdoutLine: {'line': b'-- Up-to-date: /home/abc/perception_with_ros2/install/base_msgs_per/local/lib/python3.10/dist-packages/base_msgs_per/base_msgs_per_s__rosidl_typesupport_fastrtps_c.cpython-310-x86_64-linux-gnu.so\n'}
[0.410722] (base_msgs_per) StdoutLine: {'line': b'-- Up-to-date: /home/abc/perception_with_ros2/install/base_msgs_per/local/lib/python3.10/dist-packages/base_msgs_per/base_msgs_per_s__rosidl_typesupport_introspection_c.cpython-310-x86_64-linux-gnu.so\n'}
[0.411016] (base_msgs_per) StdoutLine: {'line': b'-- Up-to-date: /home/abc/perception_with_ros2/install/base_msgs_per/local/lib/python3.10/dist-packages/base_msgs_per/base_msgs_per_s__rosidl_typesupport_c.cpython-310-x86_64-linux-gnu.so\n'}
[0.411411] (base_msgs_per) StdoutLine: {'line': b'-- Up-to-date: /home/abc/perception_with_ros2/install/base_msgs_per/lib/libbase_msgs_per__rosidl_generator_py.so\n'}
[0.411969] (base_msgs_per) StdoutLine: {'line': b'-- Up-to-date: /home/abc/perception_with_ros2/install/base_msgs_per/share/base_msgs_per/srv/GlobalPathService.idl\n'}
[0.412093] (base_msgs_per) StdoutLine: {'line': b'-- Up-to-date: /home/abc/perception_with_ros2/install/base_msgs_per/share/base_msgs_per/srv/PNCMapService.idl\n'}
[0.412198] (base_msgs_per) StdoutLine: {'line': b'-- Up-to-date: /home/abc/perception_with_ros2/install/base_msgs_per/share/base_msgs_per/msg/PNCMap.idl\n'}
[0.412297] (base_msgs_per) StdoutLine: {'line': b'-- Up-to-date: /home/abc/perception_with_ros2/install/base_msgs_per/share/base_msgs_per/msg/ReferlinePoint.idl\n'}
[0.412400] (base_msgs_per) StdoutLine: {'line': b'-- Up-to-date: /home/abc/perception_with_ros2/install/base_msgs_per/share/base_msgs_per/msg/Referline.idl\n'}
[0.412510] (base_msgs_per) StdoutLine: {'line': b'-- Up-to-date: /home/abc/perception_with_ros2/install/base_msgs_per/share/base_msgs_per/msg/LocalPathPoint.idl\n'}
[0.412609] (base_msgs_per) StdoutLine: {'line': b'-- Up-to-date: /home/abc/perception_with_ros2/install/base_msgs_per/share/base_msgs_per/msg/LocalPath.idl\n'}
[0.412702] (base_msgs_per) StdoutLine: {'line': b'-- Up-to-date: /home/abc/perception_with_ros2/install/base_msgs_per/share/base_msgs_per/msg/LocalSpeedsPoint.idl\n'}
[0.412927] (base_msgs_per) StdoutLine: {'line': b'-- Up-to-date: /home/abc/perception_with_ros2/install/base_msgs_per/share/base_msgs_per/msg/LocalSpeeds.idl\n'}
[0.413073] (base_msgs_per) StdoutLine: {'line': b'-- Up-to-date: /home/abc/perception_with_ros2/install/base_msgs_per/share/base_msgs_per/msg/LocalTrajectoryPoint.idl\n'}
[0.413184] (base_msgs_per) StdoutLine: {'line': b'-- Up-to-date: /home/abc/perception_with_ros2/install/base_msgs_per/share/base_msgs_per/msg/LocalTrajectory.idl\n'}
[0.413288] (base_msgs_per) StdoutLine: {'line': b'-- Up-to-date: /home/abc/perception_with_ros2/install/base_msgs_per/share/base_msgs_per/msg/ObsInfo.idl\n'}
[0.413388] (base_msgs_per) StdoutLine: {'line': b'-- Up-to-date: /home/abc/perception_with_ros2/install/base_msgs_per/share/base_msgs_per/msg/PlotInfo.idl\n'}
[0.413625] (base_msgs_per) StdoutLine: {'line': b'-- Up-to-date: /home/abc/perception_with_ros2/install/base_msgs_per/share/base_msgs_per/srv/GlobalPathService.srv\n'}
[0.413747] (base_msgs_per) StdoutLine: {'line': b'-- Up-to-date: /home/abc/perception_with_ros2/install/base_msgs_per/share/base_msgs_per/srv/GlobalPathService_Request.msg\n'}
[0.413851] (base_msgs_per) StdoutLine: {'line': b'-- Up-to-date: /home/abc/perception_with_ros2/install/base_msgs_per/share/base_msgs_per/srv/GlobalPathService_Response.msg\n'}
[0.413954] (base_msgs_per) StdoutLine: {'line': b'-- Up-to-date: /home/abc/perception_with_ros2/install/base_msgs_per/share/base_msgs_per/srv/PNCMapService.srv\n'}
[0.414054] (base_msgs_per) StdoutLine: {'line': b'-- Up-to-date: /home/abc/perception_with_ros2/install/base_msgs_per/share/base_msgs_per/srv/PNCMapService_Request.msg\n'}
[0.414158] (base_msgs_per) StdoutLine: {'line': b'-- Up-to-date: /home/abc/perception_with_ros2/install/base_msgs_per/share/base_msgs_per/srv/PNCMapService_Response.msg\n'}
[0.414257] (base_msgs_per) StdoutLine: {'line': b'-- Up-to-date: /home/abc/perception_with_ros2/install/base_msgs_per/share/base_msgs_per/msg/PNCMap.msg\n'}
[0.414358] (base_msgs_per) StdoutLine: {'line': b'-- Up-to-date: /home/abc/perception_with_ros2/install/base_msgs_per/share/base_msgs_per/msg/ReferlinePoint.msg\n'}
[0.414542] (base_msgs_per) StdoutLine: {'line': b'-- Up-to-date: /home/abc/perception_with_ros2/install/base_msgs_per/share/base_msgs_per/msg/Referline.msg\n'}
[0.414671] (base_msgs_per) StdoutLine: {'line': b'-- Up-to-date: /home/abc/perception_with_ros2/install/base_msgs_per/share/base_msgs_per/msg/LocalPathPoint.msg\n'}
[0.414771] (base_msgs_per) StdoutLine: {'line': b'-- Up-to-date: /home/abc/perception_with_ros2/install/base_msgs_per/share/base_msgs_per/msg/LocalPath.msg\n'}
[0.414871] (base_msgs_per) StdoutLine: {'line': b'-- Up-to-date: /home/abc/perception_with_ros2/install/base_msgs_per/share/base_msgs_per/msg/LocalSpeedsPoint.msg\n'}
[0.414972] (base_msgs_per) StdoutLine: {'line': b'-- Up-to-date: /home/abc/perception_with_ros2/install/base_msgs_per/share/base_msgs_per/msg/LocalSpeeds.msg\n'}
[0.415073] (base_msgs_per) StdoutLine: {'line': b'-- Up-to-date: /home/abc/perception_with_ros2/install/base_msgs_per/share/base_msgs_per/msg/LocalTrajectoryPoint.msg\n'}
[0.415172] (base_msgs_per) StdoutLine: {'line': b'-- Up-to-date: /home/abc/perception_with_ros2/install/base_msgs_per/share/base_msgs_per/msg/LocalTrajectory.msg\n'}
[0.415272] (base_msgs_per) StdoutLine: {'line': b'-- Up-to-date: /home/abc/perception_with_ros2/install/base_msgs_per/share/base_msgs_per/msg/ObsInfo.msg\n'}
[0.415371] (base_msgs_per) StdoutLine: {'line': b'-- Up-to-date: /home/abc/perception_with_ros2/install/base_msgs_per/share/base_msgs_per/msg/PlotInfo.msg\n'}
[0.415557] (base_msgs_per) StdoutLine: {'line': b'-- Up-to-date: /home/abc/perception_with_ros2/install/base_msgs_per/share/ament_index/resource_index/package_run_dependencies/base_msgs_per\n'}
[0.415658] (base_msgs_per) StdoutLine: {'line': b'-- Up-to-date: /home/abc/perception_with_ros2/install/base_msgs_per/share/ament_index/resource_index/parent_prefix_path/base_msgs_per\n'}
[0.415759] (base_msgs_per) StdoutLine: {'line': b'-- Up-to-date: /home/abc/perception_with_ros2/install/base_msgs_per/share/base_msgs_per/environment/ament_prefix_path.sh\n'}
[0.415853] (base_msgs_per) StdoutLine: {'line': b'-- Up-to-date: /home/abc/perception_with_ros2/install/base_msgs_per/share/base_msgs_per/environment/ament_prefix_path.dsv\n'}
[0.415999] (base_msgs_per) StdoutLine: {'line': b'-- Up-to-date: /home/abc/perception_with_ros2/install/base_msgs_per/share/base_msgs_per/environment/path.sh\n'}
[0.416097] (base_msgs_per) StdoutLine: {'line': b'-- Up-to-date: /home/abc/perception_with_ros2/install/base_msgs_per/share/base_msgs_per/environment/path.dsv\n'}
[0.416202] (base_msgs_per) StdoutLine: {'line': b'-- Up-to-date: /home/abc/perception_with_ros2/install/base_msgs_per/share/base_msgs_per/local_setup.bash\n'}
[0.416298] (base_msgs_per) StdoutLine: {'line': b'-- Up-to-date: /home/abc/perception_with_ros2/install/base_msgs_per/share/base_msgs_per/local_setup.sh\n'}
[0.416402] (base_msgs_per) StdoutLine: {'line': b'-- Up-to-date: /home/abc/perception_with_ros2/install/base_msgs_per/share/base_msgs_per/local_setup.zsh\n'}
[0.416560] (base_msgs_per) StdoutLine: {'line': b'-- Up-to-date: /home/abc/perception_with_ros2/install/base_msgs_per/share/base_msgs_per/local_setup.dsv\n'}
[0.416643] (base_msgs_per) StdoutLine: {'line': b'-- Installing: /home/abc/perception_with_ros2/install/base_msgs_per/share/base_msgs_per/package.dsv\n'}
[0.416710] (base_msgs_per) StdoutLine: {'line': b'-- Up-to-date: /home/abc/perception_with_ros2/install/base_msgs_per/share/ament_index/resource_index/packages/base_msgs_per\n'}
[0.416778] (base_msgs_per) StdoutLine: {'line': b'-- Up-to-date: /home/abc/perception_with_ros2/install/base_msgs_per/share/base_msgs_per/cmake/export_base_msgs_per__rosidl_generator_cExport.cmake\n'}
[0.416871] (base_msgs_per) StdoutLine: {'line': b'-- Up-to-date: /home/abc/perception_with_ros2/install/base_msgs_per/share/base_msgs_per/cmake/export_base_msgs_per__rosidl_generator_cExport-noconfig.cmake\n'}
[0.416981] (base_msgs_per) StdoutLine: {'line': b'-- Up-to-date: /home/abc/perception_with_ros2/install/base_msgs_per/share/base_msgs_per/cmake/export_base_msgs_per__rosidl_typesupport_fastrtps_cExport.cmake\n'}
[0.417051] (base_msgs_per) StdoutLine: {'line': b'-- Up-to-date: /home/abc/perception_with_ros2/install/base_msgs_per/share/base_msgs_per/cmake/export_base_msgs_per__rosidl_typesupport_fastrtps_cExport-noconfig.cmake\n'}
[0.417113] (base_msgs_per) StdoutLine: {'line': b'-- Up-to-date: /home/abc/perception_with_ros2/install/base_msgs_per/share/base_msgs_per/cmake/base_msgs_per__rosidl_typesupport_introspection_cExport.cmake\n'}
[0.417174] (base_msgs_per) StdoutLine: {'line': b'-- Up-to-date: /home/abc/perception_with_ros2/install/base_msgs_per/share/base_msgs_per/cmake/base_msgs_per__rosidl_typesupport_introspection_cExport-noconfig.cmake\n'}
[0.417237] (base_msgs_per) StdoutLine: {'line': b'-- Up-to-date: /home/abc/perception_with_ros2/install/base_msgs_per/share/base_msgs_per/cmake/base_msgs_per__rosidl_typesupport_cExport.cmake\n'}
[0.417297] (base_msgs_per) StdoutLine: {'line': b'-- Up-to-date: /home/abc/perception_with_ros2/install/base_msgs_per/share/base_msgs_per/cmake/base_msgs_per__rosidl_typesupport_cExport-noconfig.cmake\n'}
[0.417358] (base_msgs_per) StdoutLine: {'line': b'-- Up-to-date: /home/abc/perception_with_ros2/install/base_msgs_per/share/base_msgs_per/cmake/export_base_msgs_per__rosidl_generator_cppExport.cmake\n'}
[0.417440] (base_msgs_per) StdoutLine: {'line': b'-- Up-to-date: /home/abc/perception_with_ros2/install/base_msgs_per/share/base_msgs_per/cmake/export_base_msgs_per__rosidl_typesupport_fastrtps_cppExport.cmake\n'}
[0.417509] (base_msgs_per) StdoutLine: {'line': b'-- Up-to-date: /home/abc/perception_with_ros2/install/base_msgs_per/share/base_msgs_per/cmake/export_base_msgs_per__rosidl_typesupport_fastrtps_cppExport-noconfig.cmake\n'}
[0.417572] (base_msgs_per) StdoutLine: {'line': b'-- Up-to-date: /home/abc/perception_with_ros2/install/base_msgs_per/share/base_msgs_per/cmake/base_msgs_per__rosidl_typesupport_introspection_cppExport.cmake\n'}
[0.417632] (base_msgs_per) StdoutLine: {'line': b'-- Up-to-date: /home/abc/perception_with_ros2/install/base_msgs_per/share/base_msgs_per/cmake/base_msgs_per__rosidl_typesupport_introspection_cppExport-noconfig.cmake\n'}
[0.417693] (base_msgs_per) StdoutLine: {'line': b'-- Up-to-date: /home/abc/perception_with_ros2/install/base_msgs_per/share/base_msgs_per/cmake/base_msgs_per__rosidl_typesupport_cppExport.cmake\n'}
[0.417753] (base_msgs_per) StdoutLine: {'line': b'-- Up-to-date: /home/abc/perception_with_ros2/install/base_msgs_per/share/base_msgs_per/cmake/base_msgs_per__rosidl_typesupport_cppExport-noconfig.cmake\n'}
[0.417814] (base_msgs_per) StdoutLine: {'line': b'-- Up-to-date: /home/abc/perception_with_ros2/install/base_msgs_per/share/base_msgs_per/cmake/export_base_msgs_per__rosidl_generator_pyExport.cmake\n'}
[0.417876] (base_msgs_per) StdoutLine: {'line': b'-- Up-to-date: /home/abc/perception_with_ros2/install/base_msgs_per/share/base_msgs_per/cmake/export_base_msgs_per__rosidl_generator_pyExport-noconfig.cmake\n'}
[0.417938] (base_msgs_per) StdoutLine: {'line': b'-- Up-to-date: /home/abc/perception_with_ros2/install/base_msgs_per/share/base_msgs_per/cmake/rosidl_cmake-extras.cmake\n'}
[0.417999] (base_msgs_per) StdoutLine: {'line': b'-- Up-to-date: /home/abc/perception_with_ros2/install/base_msgs_per/share/base_msgs_per/cmake/ament_cmake_export_dependencies-extras.cmake\n'}
[0.418060] (base_msgs_per) StdoutLine: {'line': b'-- Up-to-date: /home/abc/perception_with_ros2/install/base_msgs_per/share/base_msgs_per/cmake/ament_cmake_export_include_directories-extras.cmake\n'}
[0.418160] (base_msgs_per) StdoutLine: {'line': b'-- Up-to-date: /home/abc/perception_with_ros2/install/base_msgs_per/share/base_msgs_per/cmake/ament_cmake_export_libraries-extras.cmake\n'}
[0.418229] (base_msgs_per) StdoutLine: {'line': b'-- Up-to-date: /home/abc/perception_with_ros2/install/base_msgs_per/share/base_msgs_per/cmake/ament_cmake_export_targets-extras.cmake\n'}
[0.418296] (base_msgs_per) StdoutLine: {'line': b'-- Up-to-date: /home/abc/perception_with_ros2/install/base_msgs_per/share/base_msgs_per/cmake/rosidl_cmake_export_typesupport_targets-extras.cmake\n'}
[0.418651] (base_msgs_per) StdoutLine: {'line': b'-- Up-to-date: /home/abc/perception_with_ros2/install/base_msgs_per/share/base_msgs_per/cmake/rosidl_cmake_export_typesupport_libraries-extras.cmake\n'}
[0.418785] (base_msgs_per) StdoutLine: {'line': b'-- Up-to-date: /home/abc/perception_with_ros2/install/base_msgs_per/share/base_msgs_per/cmake/base_msgs_perConfig.cmake\n'}
[0.418852] (base_msgs_per) StdoutLine: {'line': b'-- Up-to-date: /home/abc/perception_with_ros2/install/base_msgs_per/share/base_msgs_per/cmake/base_msgs_perConfig-version.cmake\n'}
[0.418919] (base_msgs_per) StdoutLine: {'line': b'-- Up-to-date: /home/abc/perception_with_ros2/install/base_msgs_per/share/base_msgs_per/package.xml\n'}
[0.419295] (base_msgs_per) CommandEnded: {'returncode': 0}
[0.438223] (base_msgs_per) JobEnded: {'identifier': 'base_msgs_per', 'rc': 0}
[0.439106] (perception) JobStarted: {'identifier': 'perception'}
[0.445360] (perception) JobProgress: {'identifier': 'perception', 'progress': 'cmake'}
[0.445899] (perception) JobProgress: {'identifier': 'perception', 'progress': 'build'}
[0.446435] (perception) Command: {'cmd': ['/usr/local/bin/cmake', '--build', '/home/abc/perception_with_ros2/build/perception', '--', '-j12', '-l12'], 'cwd': '/home/abc/perception_with_ros2/build/perception', 'env': OrderedDict([('GJS_DEBUG_TOPICS', 'JS ERROR;JS LOG'), ('PYTHON_BASIC_REPL', '1'), ('LESSOPEN', '| /usr/bin/lesspipe %s'), ('LANGUAGE', 'en_US:en'), ('USER', 'abc'), ('LC_TIME', 'zh_CN.UTF-8'), ('XDG_SESSION_TYPE', 'x11'), ('GIT_ASKPASS', '/usr/share/code/resources/app/extensions/git/dist/askpass.sh'), ('SHLVL', '1'), ('LD_LIBRARY_PATH', '/home/abc/perception_with_ros2/install/base_msgs_per/lib:/home/abc/perception_with_ros2/install/perception/lib:/home/abc/perception_with_ros2/install/perception/lib:/home/abc/perception_with_ros2/install/perception/lib:/home/abc/planning_with_ros2/install/planning/lib:/home/abc/planning_with_ros2/install/base_msgs/lib:/usr/lib/x86_64-linux-gnu/gazebo-11/plugins:/opt/ros/humble/opt/rviz_ogre_vendor/lib:/opt/ros/humble/lib/x86_64-linux-gnu:/opt/ros/humble/lib'), ('HOME', '/home/abc'), ('CHROME_DESKTOP', 'code.desktop'), ('TERM_PROGRAM_VERSION', '1.108.0'), ('DESKTOP_SESSION', 'ubuntu'), ('GIO_LAUNCHED_DESKTOP_FILE', '/usr/share/applications/code.desktop'), ('ROS_PYTHON_VERSION', '3'), ('GNOME_SHELL_SESSION_MODE', 'ubuntu'), ('GTK_MODULES', 'gail:atk-bridge'), ('VSCODE_GIT_ASKPASS_MAIN', '/usr/share/code/resources/app/extensions/git/dist/askpass-main.js'), ('LC_MONETARY', 'zh_CN.UTF-8'), ('VSCODE_GIT_ASKPASS_NODE', '/usr/share/code/code'), ('MANAGERPID', '1149'), ('PYDEVD_DISABLE_FILE_VALIDATION', '1'), ('SYSTEMD_EXEC_PID', '1608'), ('BUNDLED_DEBUGPY_PATH', '/home/abc/.vscode/extensions/ms-python.debugpy-2025.18.0-linux-x64/bundled/libs/debugpy'), ('VSCODE_PYTHON_AUTOACTIVATE_GUARD', '1'), ('DBUS_SESSION_BUS_ADDRESS', 'unix:path=/run/user/1000/bus'), ('COLORTERM', 'truecolor'), ('GIO_LAUNCHED_DESKTOP_FILE_PID', '584985'), ('COLCON_PREFIX_PATH', '/home/abc/perception_with_ros2/install:/home/abc/planning_with_ros2/install'), ('ROS_DISTRO', 'humble'), ('GTK_IM_MODULE', 'ibus'), ('LOGNAME', 'abc'), ('JOURNAL_STREAM', '8:909'), ('_', '/usr/bin/colcon'), ('ROS_VERSION', '2'), ('XDG_SESSION_CLASS', 'user'), ('USERNAME', 'abc'), ('TERM', 'xterm-256color'), ('GNOME_DESKTOP_SESSION_ID', 'this-is-deprecated'), ('FC_FONTATIONS', '1'), ('ROS_LOCALHOST_ONLY', '0'), ('WINDOWPATH', '2'), ('PATH', '/home/abc/.config/Code/User/globalStorage/github.copilot-chat/debugCommand:/home/abc/.config/Code/User/globalStorage/github.copilot-chat/copilotCli:/opt/ros/humble/bin:/usr/local/sbin:/usr/local/bin:/usr/sbin:/usr/bin:/sbin:/bin:/usr/games:/usr/local/games:/snap/bin:/snap/bin:/home/abc/.vscode/extensions/ms-python.debugpy-2025.18.0-linux-x64/bundled/scripts/noConfigScripts'), ('SESSION_MANAGER', 'local/abc-G3-3500:@/tmp/.ICE-unix/1581,unix/abc-G3-3500:/tmp/.ICE-unix/1581'), ('INVOCATION_ID', 'c5577e6a91294bed97fcbd6a37e1442b'), ('PAPERSIZE', 'a4'), ('XDG_MENU_PREFIX', 'gnome-'), ('LC_ADDRESS', 'zh_CN.UTF-8'), ('XDG_RUNTIME_DIR', '/run/user/1000'), ('GDK_BACKEND', 'x11'), ('DISPLAY', ':0'), ('VSCODE_DEBUGPY_ADAPTER_ENDPOINTS', '/home/abc/.vscode/extensions/ms-python.debugpy-2025.18.0-linux-x64/.noConfigDebugAdapterEndpoints/endpoint-0370d1c5f2548263.txt'), ('LANG', 'en_US.UTF-8'), ('XDG_CURRENT_DESKTOP', 'ubuntu:GNOME'), ('PYTHONSTARTUP', '/home/abc/.config/Code/User/workspaceStorage/28936fba8b94055b776ffa577577e387/ms-python.python/pythonrc.py'), ('LC_TELEPHONE', 'zh_CN.UTF-8'), ('XMODIFIERS', '@im=ibus'), ('XDG_SESSION_DESKTOP', 'ubuntu'), ('XAUTHORITY', '/run/user/1000/gdm/Xauthority'), ('LS_COLORS', 'rs=0:di=01;34:ln=01;36:mh=00:pi=40;33:so=01;35:do=01;35:bd=40;33;01:cd=40;33;01:or=40;31;01:mi=00:su=37;41:sg=30;43:ca=30;41:tw=30;42:ow=34;42:st=37;44:ex=01;32:*.tar=01;31:*.tgz=01;31:*.arc=01;31:*.arj=01;31:*.taz=01;31:*.lha=01;31:*.lz4=01;31:*.lzh=01;31:*.lzma=01;31:*.tlz=01;31:*.txz=01;31:*.tzo=01;31:*.t7z=01;31:*.zip=01;31:*.z=01;31:*.dz=01;31:*.gz=01;31:*.lrz=01;31:*.lz=01;31:*.lzo=01;31:*.xz=01;31:*.zst=01;31:*.tzst=01;31:*.bz2=01;31:*.bz=01;31:*.tbz=01;31:*.tbz2=01;31:*.tz=01;31:*.deb=01;31:*.rpm=01;31:*.jar=01;31:*.war=01;31:*.ear=01;31:*.sar=01;31:*.rar=01;31:*.alz=01;31:*.ace=01;31:*.zoo=01;31:*.cpio=01;31:*.7z=01;31:*.rz=01;31:*.cab=01;31:*.wim=01;31:*.swm=01;31:*.dwm=01;31:*.esd=01;31:*.jpg=01;35:*.jpeg=01;35:*.mjpg=01;35:*.mjpeg=01;35:*.gif=01;35:*.bmp=01;35:*.pbm=01;35:*.pgm=01;35:*.ppm=01;35:*.tga=01;35:*.xbm=01;35:*.xpm=01;35:*.tif=01;35:*.tiff=01;35:*.png=01;35:*.svg=01;35:*.svgz=01;35:*.mng=01;35:*.pcx=01;35:*.mov=01;35:*.mpg=01;35:*.mpeg=01;35:*.m2v=01;35:*.mkv=01;35:*.webm=01;35:*.webp=01;35:*.ogm=01;35:*.mp4=01;35:*.m4v=01;35:*.mp4v=01;35:*.vob=01;35:*.qt=01;35:*.nuv=01;35:*.wmv=01;35:*.asf=01;35:*.rm=01;35:*.rmvb=01;35:*.flc=01;35:*.avi=01;35:*.fli=01;35:*.flv=01;35:*.gl=01;35:*.dl=01;35:*.xcf=01;35:*.xwd=01;35:*.yuv=01;35:*.cgm=01;35:*.emf=01;35:*.ogv=01;35:*.ogx=01;35:*.aac=00;36:*.au=00;36:*.flac=00;36:*.m4a=00;36:*.mid=00;36:*.midi=00;36:*.mka=00;36:*.mp3=00;36:*.mpc=00;36:*.ogg=00;36:*.ra=00;36:*.wav=00;36:*.oga=00;36:*.opus=00;36:*.spx=00;36:*.xspf=00;36:'), ('ROS2_PERCEPTION_COURSE_INSTALL', '/home/abc/perception_with_ros2/install'), ('VSCODE_GIT_IPC_HANDLE', '/run/user/1000/vscode-git-5e4b9a72ca.sock'), ('TERM_PROGRAM', 'vscode'), ('SSH_AGENT_LAUNCHER', 'gnome-keyring'), ('SSH_AUTH_SOCK', '/run/user/1000/keyring/ssh'), ('ROS_DOMAIN_ID', '2'), ('AMENT_PREFIX_PATH', '/home/abc/perception_with_ros2/install/perception:/home/abc/perception_with_ros2/install/data_plot_per:/home/abc/perception_with_ros2/install/base_msgs_per:/home/abc/planning_with_ros2/install/planning:/home/abc/planning_with_ros2/install/data_plot:/home/abc/planning_with_ros2/install/base_msgs:/opt/ros/humble'), ('SHELL', '/bin/bash'), ('LC_NAME', 'zh_CN.UTF-8'), ('QT_ACCESSIBILITY', '1'), ('GDMSESSION', 'ubuntu'), ('LESSCLOSE', '/usr/bin/lesspipe %s %s'), ('LC_MEASUREMENT', 'zh_CN.UTF-8'), ('GPG_AGENT_INFO', '/run/user/1000/gnupg/S.gpg-agent:0:1'), ('GJS_DEBUG_OUTPUT', 'stderr'), ('LC_IDENTIFICATION', 'zh_CN.UTF-8'), ('VSCODE_GIT_ASKPASS_EXTRA_ARGS', ''), ('QT_IM_MODULE', 'ibus'), ('PWD', '/home/abc/perception_with_ros2/build/perception'), ('LC_ALL', 'en_US.UTF-8'), ('XDG_CONFIG_DIRS', '/etc/xdg/xdg-ubuntu:/etc/xdg'), ('XDG_DATA_DIRS', '/usr/share/ubuntu:/usr/share/gnome:/usr/local/share/:/usr/share/:/var/lib/snapd/desktop'), ('PYTHONPATH', '/home/abc/perception_with_ros2/install/data_plot_per/lib/python3.10/site-packages:/home/abc/perception_with_ros2/install/base_msgs_per/local/lib/python3.10/dist-packages:/home/abc/planning_with_ros2/install/data_plot/lib/python3.10/site-packages:/home/abc/planning_with_ros2/install/base_msgs/local/lib/python3.10/dist-packages:/opt/ros/humble/lib/python3.10/site-packages:/opt/ros/humble/local/lib/python3.10/dist-packages'), ('LC_NUMERIC', 'zh_CN.UTF-8'), ('LC_PAPER', 'zh_CN.UTF-8'), ('COLCON', '1'), ('CMAKE_PREFIX_PATH', '/home/abc/perception_with_ros2/install/base_msgs_per:/home/abc/perception_with_ros2/install/perception:/home/abc/planning_with_ros2/install/planning:/home/abc/planning_with_ros2/install/base_msgs:/home/abc/perception_with_ros2/install/data_plot_per:/home/abc/planning_with_ros2/install/data_plot:/opt/ros/humble')]), 'shell': False}
[0.471787] (perception) StdoutLine: {'line': b'[  5%] Built target config_reader\n'}
[0.473255] (perception) StdoutLine: {'line': b'[ 10%] Built target newton_test\n'}
[0.473506] (perception) StdoutLine: {'line': b'[ 15%] Built target osqp_test\n'}
[0.474260] (perception) StdoutLine: {'line': b'[ 23%] Built target mathlibs\n'}
[0.487599] (perception) StdoutLine: {'line': b'[ 30%] Built target pnc_map_creator\n'}
[0.489045] (perception) StdoutLine: {'line': b'[ 35%] Built target global_planner\n'}
[0.489295] (perception) StdoutLine: {'line': b'[ 43%] Built target vehicle_info\n'}
[0.489683] (perception) StdoutLine: {'line': b'[ 51%] Built target reference_line\n'}
[0.500428] (-) TimerEvent: {}
[0.503168] (perception) StdoutLine: {'line': b'[ 56%] Built target pnc_map_server\n'}
[0.504126] (perception) StdoutLine: {'line': b'[ 61%] Built target decision_center\n'}
[0.504557] (perception) StdoutLine: {'line': b'[ 66%] Built target obs_move_cmd\n'}
[0.504903] (perception) StdoutLine: {'line': b'[ 71%] Built target car_move_cmd\n'}
[0.506731] (perception) StdoutLine: {'line': b'[ 76%] Built target global_path_server\n'}
[0.524329] (perception) StdoutLine: {'line': b'[ 92%] Built target local_planner\n'}
[0.541489] (perception) StdoutLine: {'line': b'[100%] Built target perception_process\n'}
[0.544728] (perception) CommandEnded: {'returncode': 0}
[0.545366] (perception) JobProgress: {'identifier': 'perception', 'progress': 'install'}
[0.545697] (perception) Command: {'cmd': ['/usr/local/bin/cmake', '--install', '/home/abc/perception_with_ros2/build/perception'], 'cwd': '/home/abc/perception_with_ros2/build/perception', 'env': OrderedDict([('GJS_DEBUG_TOPICS', 'JS ERROR;JS LOG'), ('PYTHON_BASIC_REPL', '1'), ('LESSOPEN', '| /usr/bin/lesspipe %s'), ('LANGUAGE', 'en_US:en'), ('USER', 'abc'), ('LC_TIME', 'zh_CN.UTF-8'), ('XDG_SESSION_TYPE', 'x11'), ('GIT_ASKPASS', '/usr/share/code/resources/app/extensions/git/dist/askpass.sh'), ('SHLVL', '1'), ('LD_LIBRARY_PATH', '/home/abc/perception_with_ros2/install/base_msgs_per/lib:/home/abc/perception_with_ros2/install/perception/lib:/home/abc/perception_with_ros2/install/perception/lib:/home/abc/perception_with_ros2/install/perception/lib:/home/abc/planning_with_ros2/install/planning/lib:/home/abc/planning_with_ros2/install/base_msgs/lib:/usr/lib/x86_64-linux-gnu/gazebo-11/plugins:/opt/ros/humble/opt/rviz_ogre_vendor/lib:/opt/ros/humble/lib/x86_64-linux-gnu:/opt/ros/humble/lib'), ('HOME', '/home/abc'), ('CHROME_DESKTOP', 'code.desktop'), ('TERM_PROGRAM_VERSION', '1.108.0'), ('DESKTOP_SESSION', 'ubuntu'), ('GIO_LAUNCHED_DESKTOP_FILE', '/usr/share/applications/code.desktop'), ('ROS_PYTHON_VERSION', '3'), ('GNOME_SHELL_SESSION_MODE', 'ubuntu'), ('GTK_MODULES', 'gail:atk-bridge'), ('VSCODE_GIT_ASKPASS_MAIN', '/usr/share/code/resources/app/extensions/git/dist/askpass-main.js'), ('LC_MONETARY', 'zh_CN.UTF-8'), ('VSCODE_GIT_ASKPASS_NODE', '/usr/share/code/code'), ('MANAGERPID', '1149'), ('PYDEVD_DISABLE_FILE_VALIDATION', '1'), ('SYSTEMD_EXEC_PID', '1608'), ('BUNDLED_DEBUGPY_PATH', '/home/abc/.vscode/extensions/ms-python.debugpy-2025.18.0-linux-x64/bundled/libs/debugpy'), ('VSCODE_PYTHON_AUTOACTIVATE_GUARD', '1'), ('DBUS_SESSION_BUS_ADDRESS', 'unix:path=/run/user/1000/bus'), ('COLORTERM', 'truecolor'), ('GIO_LAUNCHED_DESKTOP_FILE_PID', '584985'), ('COLCON_PREFIX_PATH', '/home/abc/perception_with_ros2/install:/home/abc/planning_with_ros2/install'), ('ROS_DISTRO', 'humble'), ('GTK_IM_MODULE', 'ibus'), ('LOGNAME', 'abc'), ('JOURNAL_STREAM', '8:909'), ('_', '/usr/bin/colcon'), ('ROS_VERSION', '2'), ('XDG_SESSION_CLASS', 'user'), ('USERNAME', 'abc'), ('TERM', 'xterm-256color'), ('GNOME_DESKTOP_SESSION_ID', 'this-is-deprecated'), ('FC_FONTATIONS', '1'), ('ROS_LOCALHOST_ONLY', '0'), ('WINDOWPATH', '2'), ('PATH', '/home/abc/.config/Code/User/globalStorage/github.copilot-chat/debugCommand:/home/abc/.config/Code/User/globalStorage/github.copilot-chat/copilotCli:/opt/ros/humble/bin:/usr/local/sbin:/usr/local/bin:/usr/sbin:/usr/bin:/sbin:/bin:/usr/games:/usr/local/games:/snap/bin:/snap/bin:/home/abc/.vscode/extensions/ms-python.debugpy-2025.18.0-linux-x64/bundled/scripts/noConfigScripts'), ('SESSION_MANAGER', 'local/abc-G3-3500:@/tmp/.ICE-unix/1581,unix/abc-G3-3500:/tmp/.ICE-unix/1581'), ('INVOCATION_ID', 'c5577e6a91294bed97fcbd6a37e1442b'), ('PAPERSIZE', 'a4'), ('XDG_MENU_PREFIX', 'gnome-'), ('LC_ADDRESS', 'zh_CN.UTF-8'), ('XDG_RUNTIME_DIR', '/run/user/1000'), ('GDK_BACKEND', 'x11'), ('DISPLAY', ':0'), ('VSCODE_DEBUGPY_ADAPTER_ENDPOINTS', '/home/abc/.vscode/extensions/ms-python.debugpy-2025.18.0-linux-x64/.noConfigDebugAdapterEndpoints/endpoint-0370d1c5f2548263.txt'), ('LANG', 'en_US.UTF-8'), ('XDG_CURRENT_DESKTOP', 'ubuntu:GNOME'), ('PYTHONSTARTUP', '/home/abc/.config/Code/User/workspaceStorage/28936fba8b94055b776ffa577577e387/ms-python.python/pythonrc.py'), ('LC_TELEPHONE', 'zh_CN.UTF-8'), ('XMODIFIERS', '@im=ibus'), ('XDG_SESSION_DESKTOP', 'ubuntu'), ('XAUTHORITY', '/run/user/1000/gdm/Xauthority'), ('LS_COLORS', 'rs=0:di=01;34:ln=01;36:mh=00:pi=40;33:so=01;35:do=01;35:bd=40;33;01:cd=40;33;01:or=40;31;01:mi=00:su=37;41:sg=30;43:ca=30;41:tw=30;42:ow=34;42:st=37;44:ex=01;32:*.tar=01;31:*.tgz=01;31:*.arc=01;31:*.arj=01;31:*.taz=01;31:*.lha=01;31:*.lz4=01;31:*.lzh=01;31:*.lzma=01;31:*.tlz=01;31:*.txz=01;31:*.tzo=01;31:*.t7z=01;31:*.zip=01;31:*.z=01;31:*.dz=01;31:*.gz=01;31:*.lrz=01;31:*.lz=01;31:*.lzo=01;31:*.xz=01;31:*.zst=01;31:*.tzst=01;31:*.bz2=01;31:*.bz=01;31:*.tbz=01;31:*.tbz2=01;31:*.tz=01;31:*.deb=01;31:*.rpm=01;31:*.jar=01;31:*.war=01;31:*.ear=01;31:*.sar=01;31:*.rar=01;31:*.alz=01;31:*.ace=01;31:*.zoo=01;31:*.cpio=01;31:*.7z=01;31:*.rz=01;31:*.cab=01;31:*.wim=01;31:*.swm=01;31:*.dwm=01;31:*.esd=01;31:*.jpg=01;35:*.jpeg=01;35:*.mjpg=01;35:*.mjpeg=01;35:*.gif=01;35:*.bmp=01;35:*.pbm=01;35:*.pgm=01;35:*.ppm=01;35:*.tga=01;35:*.xbm=01;35:*.xpm=01;35:*.tif=01;35:*.tiff=01;35:*.png=01;35:*.svg=01;35:*.svgz=01;35:*.mng=01;35:*.pcx=01;35:*.mov=01;35:*.mpg=01;35:*.mpeg=01;35:*.m2v=01;35:*.mkv=01;35:*.webm=01;35:*.webp=01;35:*.ogm=01;35:*.mp4=01;35:*.m4v=01;35:*.mp4v=01;35:*.vob=01;35:*.qt=01;35:*.nuv=01;35:*.wmv=01;35:*.asf=01;35:*.rm=01;35:*.rmvb=01;35:*.flc=01;35:*.avi=01;35:*.fli=01;35:*.flv=01;35:*.gl=01;35:*.dl=01;35:*.xcf=01;35:*.xwd=01;35:*.yuv=01;35:*.cgm=01;35:*.emf=01;35:*.ogv=01;35:*.ogx=01;35:*.aac=00;36:*.au=00;36:*.flac=00;36:*.m4a=00;36:*.mid=00;36:*.midi=00;36:*.mka=00;36:*.mp3=00;36:*.mpc=00;36:*.ogg=00;36:*.ra=00;36:*.wav=00;36:*.oga=00;36:*.opus=00;36:*.spx=00;36:*.xspf=00;36:'), ('ROS2_PERCEPTION_COURSE_INSTALL', '/home/abc/perception_with_ros2/install'), ('VSCODE_GIT_IPC_HANDLE', '/run/user/1000/vscode-git-5e4b9a72ca.sock'), ('TERM_PROGRAM', 'vscode'), ('SSH_AGENT_LAUNCHER', 'gnome-keyring'), ('SSH_AUTH_SOCK', '/run/user/1000/keyring/ssh'), ('ROS_DOMAIN_ID', '2'), ('AMENT_PREFIX_PATH', '/home/abc/perception_with_ros2/install/perception:/home/abc/perception_with_ros2/install/data_plot_per:/home/abc/perception_with_ros2/install/base_msgs_per:/home/abc/planning_with_ros2/install/planning:/home/abc/planning_with_ros2/install/data_plot:/home/abc/planning_with_ros2/install/base_msgs:/opt/ros/humble'), ('SHELL', '/bin/bash'), ('LC_NAME', 'zh_CN.UTF-8'), ('QT_ACCESSIBILITY', '1'), ('GDMSESSION', 'ubuntu'), ('LESSCLOSE', '/usr/bin/lesspipe %s %s'), ('LC_MEASUREMENT', 'zh_CN.UTF-8'), ('GPG_AGENT_INFO', '/run/user/1000/gnupg/S.gpg-agent:0:1'), ('GJS_DEBUG_OUTPUT', 'stderr'), ('LC_IDENTIFICATION', 'zh_CN.UTF-8'), ('VSCODE_GIT_ASKPASS_EXTRA_ARGS', ''), ('QT_IM_MODULE', 'ibus'), ('PWD', '/home/abc/perception_with_ros2/build/perception'), ('LC_ALL', 'en_US.UTF-8'), ('XDG_CONFIG_DIRS', '/etc/xdg/xdg-ubuntu:/etc/xdg'), ('XDG_DATA_DIRS', '/usr/share/ubuntu:/usr/share/gnome:/usr/local/share/:/usr/share/:/var/lib/snapd/desktop'), ('PYTHONPATH', '/home/abc/perception_with_ros2/install/data_plot_per/lib/python3.10/site-packages:/home/abc/perception_with_ros2/install/base_msgs_per/local/lib/python3.10/dist-packages:/home/abc/planning_with_ros2/install/data_plot/lib/python3.10/site-packages:/home/abc/planning_with_ros2/install/base_msgs/local/lib/python3.10/dist-packages:/opt/ros/humble/lib/python3.10/site-packages:/opt/ros/humble/local/lib/python3.10/dist-packages'), ('LC_NUMERIC', 'zh_CN.UTF-8'), ('LC_PAPER', 'zh_CN.UTF-8'), ('COLCON', '1'), ('CMAKE_PREFIX_PATH', '/home/abc/perception_with_ros2/install/base_msgs_per:/home/abc/perception_with_ros2/install/perception:/home/abc/planning_with_ros2/install/planning:/home/abc/planning_with_ros2/install/base_msgs:/home/abc/perception_with_ros2/install/data_plot_per:/home/abc/planning_with_ros2/install/data_plot:/opt/ros/humble')]), 'shell': False}
[0.547607] (perception) StdoutLine: {'line': b'-- Install configuration: ""\n'}
[0.547962] (perception) StdoutLine: {'line': b'-- Up-to-date: /home/abc/perception_with_ros2/install/perception/lib/libconfig_reader.so\n'}
[0.548206] (perception) StdoutLine: {'line': b'-- Up-to-date: /home/abc/perception_with_ros2/install/perception/lib/libmathlibs.so\n'}
[0.548597] (perception) StdoutLine: {'line': b'-- Up-to-date: /home/abc/perception_with_ros2/install/perception/lib/libdecision_center.so\n'}
[0.548995] (perception) StdoutLine: {'line': b'-- Up-to-date: /home/abc/perception_with_ros2/install/perception/lib/libpnc_map_creator.so\n'}
[0.549234] (perception) StdoutLine: {'line': b'-- Up-to-date: /home/abc/perception_with_ros2/install/perception/lib/perception/pnc_map_server\n'}
[0.549656] (perception) StdoutLine: {'line': b'-- Up-to-date: /home/abc/perception_with_ros2/install/perception/lib/libglobal_planner.so\n'}
[0.549896] (perception) StdoutLine: {'line': b'-- Up-to-date: /home/abc/perception_with_ros2/install/perception/lib/perception/global_path_server\n'}
[0.550302] (perception) StdoutLine: {'line': b'-- Up-to-date: /home/abc/perception_with_ros2/install/perception/lib/liblocal_planner.so\n'}
[0.550694] (perception) StdoutLine: {'line': b'-- Up-to-date: /home/abc/perception_with_ros2/install/perception/lib/libreference_line.so\n'}
[0.551089] (perception) StdoutLine: {'line': b'-- Up-to-date: /home/abc/perception_with_ros2/install/perception/lib/perception/osqp_test\n'}
[0.551334] (perception) StdoutLine: {'line': b'-- Up-to-date: /home/abc/perception_with_ros2/install/perception/lib/perception/newton_test\n'}
[0.551734] (perception) StdoutLine: {'line': b'-- Up-to-date: /home/abc/perception_with_ros2/install/perception/lib/libvehicle_info.so\n'}
[0.552126] (perception) StdoutLine: {'line': b'-- Up-to-date: /home/abc/perception_with_ros2/install/perception/lib/perception/perception_process\n'}
[0.552569] (perception) StdoutLine: {'line': b'-- Up-to-date: /home/abc/perception_with_ros2/install/perception/lib/perception/car_move_cmd\n'}
[0.552833] (perception) StdoutLine: {'line': b'-- Up-to-date: /home/abc/perception_with_ros2/install/perception/lib/perception/obs_move_cmd\n'}
[0.553017] (perception) StdoutLine: {'line': b'-- Up-to-date: /home/abc/perception_with_ros2/install/perception/share/perception/config\n'}
[0.553106] (perception) StdoutLine: {'line': b'-- Installing: /home/abc/perception_with_ros2/install/perception/share/perception/config/perception_static_obs_config.yaml\n'}
[0.553217] (perception) StdoutLine: {'line': b'-- Up-to-date: /home/abc/perception_with_ros2/install/perception/share/perception/config/perception_dynamic_obs_config.yaml\n'}
[0.553279] (perception) StdoutLine: {'line': b'-- Up-to-date: /home/abc/perception_with_ros2/install/perception/share/perception/launch\n'}
[0.553366] (perception) StdoutLine: {'line': b'-- Up-to-date: /home/abc/perception_with_ros2/install/perception/share/perception/launch/perception_launch.py\n'}
[0.553484] (perception) StdoutLine: {'line': b'-- Up-to-date: /home/abc/perception_with_ros2/install/perception/share/perception/launch/move_cmd_launch.py\n'}
[0.553549] (perception) StdoutLine: {'line': b'-- Up-to-date: /home/abc/perception_with_ros2/install/perception/share/perception/urdf\n'}
[0.553609] (perception) StdoutLine: {'line': b'-- Up-to-date: /home/abc/perception_with_ros2/install/perception/share/perception/urdf/main_car\n'}
[0.553723] (perception) StdoutLine: {'line': b'-- Up-to-date: /home/abc/perception_with_ros2/install/perception/share/perception/urdf/main_car/car_camera.xacro\n'}
[0.553783] (perception) StdoutLine: {'line': b'-- Up-to-date: /home/abc/perception_with_ros2/install/perception/share/perception/urdf/main_car/car_base.xacro\n'}
[0.553843] (perception) StdoutLine: {'line': b'-- Up-to-date: /home/abc/perception_with_ros2/install/perception/share/perception/urdf/main_car/car_radar.xacro\n'}
[0.553902] (perception) StdoutLine: {'line': b'-- Up-to-date: /home/abc/perception_with_ros2/install/perception/share/perception/urdf/main_car/car.xacro\n'}
[0.553960] (perception) StdoutLine: {'line': b'-- Up-to-date: /home/abc/perception_with_ros2/install/perception/share/perception/urdf/main_car/car_wheels.xacro\n'}
[0.554019] (perception) StdoutLine: {'line': b'-- Up-to-date: /home/abc/perception_with_ros2/install/perception/share/perception/urdf/obs_car\n'}
[0.554077] (perception) StdoutLine: {'line': b'-- Installing: /home/abc/perception_with_ros2/install/perception/share/perception/urdf/obs_car/obs_car.xacro\n'}
[0.554135] (perception) StdoutLine: {'line': b'-- Up-to-date: /home/abc/perception_with_ros2/install/perception/share/perception/rviz\n'}
[0.554194] (perception) StdoutLine: {'line': b'-- Up-to-date: /home/abc/perception_with_ros2/install/perception/share/perception/rviz/perception.rviz\n'}
[0.554286] (perception) StdoutLine: {'line': b'-- Up-to-date: /home/abc/perception_with_ros2/install/perception/share/ament_index/resource_index/package_run_dependencies/perception\n'}
[0.554415] (perception) StdoutLine: {'line': b'-- Up-to-date: /home/abc/perception_with_ros2/install/perception/share/ament_index/resource_index/parent_prefix_path/perception\n'}
[0.554484] (perception) StdoutLine: {'line': b'-- Up-to-date: /home/abc/perception_with_ros2/install/perception/share/perception/environment/ament_prefix_path.sh\n'}
[0.554544] (perception) StdoutLine: {'line': b'-- Up-to-date: /home/abc/perception_with_ros2/install/perception/share/perception/environment/ament_prefix_path.dsv\n'}
[0.554648] (perception) StdoutLine: {'line': b'-- Up-to-date: /home/abc/perception_with_ros2/install/perception/share/perception/environment/path.sh\n'}
[0.554704] (perception) StdoutLine: {'line': b'-- Up-to-date: /home/abc/perception_with_ros2/install/perception/share/perception/environment/path.dsv\n'}
[0.554759] (perception) StdoutLine: {'line': b'-- Up-to-date: /home/abc/perception_with_ros2/install/perception/share/perception/local_setup.bash\n'}
[0.554815] (perception) StdoutLine: {'line': b'-- Up-to-date: /home/abc/perception_with_ros2/install/perception/share/perception/local_setup.sh\n'}
[0.554869] (perception) StdoutLine: {'line': b'-- Up-to-date: /home/abc/perception_with_ros2/install/perception/share/perception/local_setup.zsh\n'}
[0.554924] (perception) StdoutLine: {'line': b'-- Up-to-date: /home/abc/perception_with_ros2/install/perception/share/perception/local_setup.dsv\n'}
[0.555003] (perception) StdoutLine: {'line': b'-- Installing: /home/abc/perception_with_ros2/install/perception/share/perception/package.dsv\n'}
[0.555065] (perception) StdoutLine: {'line': b'-- Up-to-date: /home/abc/perception_with_ros2/install/perception/share/ament_index/resource_index/packages/perception\n'}
[0.555123] (perception) StdoutLine: {'line': b'-- Up-to-date: /home/abc/perception_with_ros2/install/perception/share/perception/cmake/perceptionConfig.cmake\n'}
[0.555182] (perception) StdoutLine: {'line': b'-- Up-to-date: /home/abc/perception_with_ros2/install/perception/share/perception/cmake/perceptionConfig-version.cmake\n'}
[0.555239] (perception) StdoutLine: {'line': b'-- Up-to-date: /home/abc/perception_with_ros2/install/perception/share/perception/package.xml\n'}
[0.555712] (perception) CommandEnded: {'returncode': 0}
[0.569356] (perception) JobEnded: {'identifier': 'perception', 'rc': 0}
[0.600471] (-) TimerEvent: {}
[0.700731] (-) TimerEvent: {}
[0.704074] (data_plot_per) Command: {'cmd': ['/usr/bin/python3', '-W', 'ignore:setup.py install is deprecated', '-W', 'ignore:easy_install command is deprecated', 'setup.py', 'egg_info', '--egg-base', '../../build/data_plot_per', 'build', '--build-base', '/home/abc/perception_with_ros2/build/data_plot_per/build', 'install', '--record', '/home/abc/perception_with_ros2/build/data_plot_per/install.log', '--single-version-externally-managed', 'install_data'], 'cwd': '/home/abc/perception_with_ros2/src/data_plot_per', 'env': {'GJS_DEBUG_TOPICS': 'JS ERROR;JS LOG', 'PYTHON_BASIC_REPL': '1', 'LESSOPEN': '| /usr/bin/lesspipe %s', 'LANGUAGE': 'en_US:en', 'USER': 'abc', 'LC_TIME': 'zh_CN.UTF-8', 'XDG_SESSION_TYPE': 'x11', 'GIT_ASKPASS': '/usr/share/code/resources/app/extensions/git/dist/askpass.sh', 'SHLVL': '1', 'LD_LIBRARY_PATH': '/home/abc/perception_with_ros2/install/perception/lib:/home/abc/perception_with_ros2/install/perception/lib:/home/abc/perception_with_ros2/install/perception/lib:/home/abc/perception_with_ros2/install/base_msgs_per/lib:/home/abc/planning_with_ros2/install/planning/lib:/home/abc/planning_with_ros2/install/base_msgs/lib:/usr/lib/x86_64-linux-gnu/gazebo-11/plugins:/opt/ros/humble/opt/rviz_ogre_vendor/lib:/opt/ros/humble/lib/x86_64-linux-gnu:/opt/ros/humble/lib', 'HOME': '/home/abc', 'CHROME_DESKTOP': 'code.desktop', 'TERM_PROGRAM_VERSION': '1.108.0', 'DESKTOP_SESSION': 'ubuntu', 'GIO_LAUNCHED_DESKTOP_FILE': '/usr/share/applications/code.desktop', 'ROS_PYTHON_VERSION': '3', 'GNOME_SHELL_SESSION_MODE': 'ubuntu', 'GTK_MODULES': 'gail:atk-bridge', 'VSCODE_GIT_ASKPASS_MAIN': '/usr/share/code/resources/app/extensions/git/dist/askpass-main.js', 'LC_MONETARY': 'zh_CN.UTF-8', 'VSCODE_GIT_ASKPASS_NODE': '/usr/share/code/code', 'MANAGERPID': '1149', 'PYDEVD_DISABLE_FILE_VALIDATION': '1', 'SYSTEMD_EXEC_PID': '1608', 'BUNDLED_DEBUGPY_PATH': '/home/abc/.vscode/extensions/ms-python.debugpy-2025.18.0-linux-x64/bundled/libs/debugpy', 'VSCODE_PYTHON_AUTOACTIVATE_GUARD': '1', 'DBUS_SESSION_BUS_ADDRESS': 'unix:path=/run/user/1000/bus', 'COLORTERM': 'truecolor', 'GIO_LAUNCHED_DESKTOP_FILE_PID': '584985', 'COLCON_PREFIX_PATH': '/home/abc/perception_with_ros2/install:/home/abc/planning_with_ros2/install', 'ROS_DISTRO': 'humble', 'GTK_IM_MODULE': 'ibus', 'LOGNAME': 'abc', 'JOURNAL_STREAM': '8:909', '_': '/usr/bin/colcon', 'ROS_VERSION': '2', 'XDG_SESSION_CLASS': 'user', 'USERNAME': 'abc', 'TERM': 'xterm-256color', 'GNOME_DESKTOP_SESSION_ID': 'this-is-deprecated', 'FC_FONTATIONS': '1', 'ROS_LOCALHOST_ONLY': '0', 'WINDOWPATH': '2', 'PATH': '/home/abc/.config/Code/User/globalStorage/github.copilot-chat/debugCommand:/home/abc/.config/Code/User/globalStorage/github.copilot-chat/copilotCli:/opt/ros/humble/bin:/usr/local/sbin:/usr/local/bin:/usr/sbin:/usr/bin:/sbin:/bin:/usr/games:/usr/local/games:/snap/bin:/snap/bin:/home/abc/.vscode/extensions/ms-python.debugpy-2025.18.0-linux-x64/bundled/scripts/noConfigScripts', 'SESSION_MANAGER': 'local/abc-G3-3500:@/tmp/.ICE-unix/1581,unix/abc-G3-3500:/tmp/.ICE-unix/1581', 'INVOCATION_ID': 'c5577e6a91294bed97fcbd6a37e1442b', 'PAPERSIZE': 'a4', 'XDG_MENU_PREFIX': 'gnome-', 'LC_ADDRESS': 'zh_CN.UTF-8', 'XDG_RUNTIME_DIR': '/run/user/1000', 'GDK_BACKEND': 'x11', 'DISPLAY': ':0', 'VSCODE_DEBUGPY_ADAPTER_ENDPOINTS': '/home/abc/.vscode/extensions/ms-python.debugpy-2025.18.0-linux-x64/.noConfigDebugAdapterEndpoints/endpoint-0370d1c5f2548263.txt', 'LANG': 'en_US.UTF-8', 'XDG_CURRENT_DESKTOP': 'ubuntu:GNOME', 'PYTHONSTARTUP': '/home/abc/.config/Code/User/workspaceStorage/28936fba8b94055b776ffa577577e387/ms-python.python/pythonrc.py', 'LC_TELEPHONE': 'zh_CN.UTF-8', 'XMODIFIERS': '@im=ibus', 'XDG_SESSION_DESKTOP': 'ubuntu', 'XAUTHORITY': '/run/user/1000/gdm/Xauthority', 'LS_COLORS': 'rs=0:di=01;34:ln=01;36:mh=00:pi=40;33:so=01;35:do=01;35:bd=40;33;01:cd=40;33;01:or=40;31;01:mi=00:su=37;41:sg=30;43:ca=30;41:tw=30;42:ow=34;42:st=37;44:ex=01;32:*.tar=01;31:*.tgz=01;31:*.arc=01;31:*.arj=01;31:*.taz=01;31:*.lha=01;31:*.lz4=01;31:*.lzh=01;31:*.lzma=01;31:*.tlz=01;31:*.txz=01;31:*.tzo=01;31:*.t7z=01;31:*.zip=01;31:*.z=01;31:*.dz=01;31:*.gz=01;31:*.lrz=01;31:*.lz=01;31:*.lzo=01;31:*.xz=01;31:*.zst=01;31:*.tzst=01;31:*.bz2=01;31:*.bz=01;31:*.tbz=01;31:*.tbz2=01;31:*.tz=01;31:*.deb=01;31:*.rpm=01;31:*.jar=01;31:*.war=01;31:*.ear=01;31:*.sar=01;31:*.rar=01;31:*.alz=01;31:*.ace=01;31:*.zoo=01;31:*.cpio=01;31:*.7z=01;31:*.rz=01;31:*.cab=01;31:*.wim=01;31:*.swm=01;31:*.dwm=01;31:*.esd=01;31:*.jpg=01;35:*.jpeg=01;35:*.mjpg=01;35:*.mjpeg=01;35:*.gif=01;35:*.bmp=01;35:*.pbm=01;35:*.pgm=01;35:*.ppm=01;35:*.tga=01;35:*.xbm=01;35:*.xpm=01;35:*.tif=01;35:*.tiff=01;35:*.png=01;35:*.svg=01;35:*.svgz=01;35:*.mng=01;35:*.pcx=01;35:*.mov=01;35:*.mpg=01;35:*.mpeg=01;35:*.m2v=01;35:*.mkv=01;35:*.webm=01;35:*.webp=01;35:*.ogm=01;35:*.mp4=01;35:*.m4v=01;35:*.mp4v=01;35:*.vob=01;35:*.qt=01;35:*.nuv=01;35:*.wmv=01;35:*.asf=01;35:*.rm=01;35:*.rmvb=01;35:*.flc=01;35:*.avi=01;35:*.fli=01;35:*.flv=01;35:*.gl=01;35:*.dl=01;35:*.xcf=01;35:*.xwd=01;35:*.yuv=01;35:*.cgm=01;35:*.emf=01;35:*.ogv=01;35:*.ogx=01;35:*.aac=00;36:*.au=00;36:*.flac=00;36:*.m4a=00;36:*.mid=00;36:*.midi=00;36:*.mka=00;36:*.mp3=00;36:*.mpc=00;36:*.ogg=00;36:*.ra=00;36:*.wav=00;36:*.oga=00;36:*.opus=00;36:*.spx=00;36:*.xspf=00;36:', 'ROS2_PERCEPTION_COURSE_INSTALL': '/home/abc/perception_with_ros2/install', 'VSCODE_GIT_IPC_HANDLE': '/run/user/1000/vscode-git-5e4b9a72ca.sock', 'TERM_PROGRAM': 'vscode', 'SSH_AGENT_LAUNCHER': 'gnome-keyring', 'SSH_AUTH_SOCK': '/run/user/1000/keyring/ssh', 'ROS_DOMAIN_ID': '2', 'AMENT_PREFIX_PATH': '/home/abc/perception_with_ros2/install/perception:/home/abc/perception_with_ros2/install/data_plot_per:/home/abc/perception_with_ros2/install/base_msgs_per:/home/abc/planning_with_ros2/install/planning:/home/abc/planning_with_ros2/install/data_plot:/home/abc/planning_with_ros2/install/base_msgs:/opt/ros/humble', 'SHELL': '/bin/bash', 'LC_NAME': 'zh_CN.UTF-8', 'QT_ACCESSIBILITY': '1', 'GDMSESSION': 'ubuntu', 'LESSCLOSE': '/usr/bin/lesspipe %s %s', 'LC_MEASUREMENT': 'zh_CN.UTF-8', 'GPG_AGENT_INFO': '/run/user/1000/gnupg/S.gpg-agent:0:1', 'GJS_DEBUG_OUTPUT': 'stderr', 'LC_IDENTIFICATION': 'zh_CN.UTF-8', 'VSCODE_GIT_ASKPASS_EXTRA_ARGS': '', 'QT_IM_MODULE': 'ibus', 'PWD': '/home/abc/perception_with_ros2/build/data_plot_per', 'LC_ALL': 'en_US.UTF-8', 'XDG_CONFIG_DIRS': '/etc/xdg/xdg-ubuntu:/etc/xdg', 'XDG_DATA_DIRS': '/usr/share/ubuntu:/usr/share/gnome:/usr/local/share/:/usr/share/:/var/lib/snapd/desktop', 'PYTHONPATH': '/home/abc/perception_with_ros2/build/data_plot_per/prefix_override:/usr/lib/python3/dist-packages/colcon_core/task/python/colcon_distutils_commands:/home/abc/perception_with_ros2/install/data_plot_per/lib/python3.10/site-packages:/home/abc/perception_with_ros2/install/data_plot_per/lib/python3.10/site-packages:/home/abc/perception_with_ros2/install/base_msgs_per/local/lib/python3.10/dist-packages:/home/abc/planning_with_ros2/install/data_plot/lib/python3.10/site-packages:/home/abc/planning_with_ros2/install/base_msgs/local/lib/python3.10/dist-packages:/opt/ros/humble/lib/python3.10/site-packages:/opt/ros/humble/local/lib/python3.10/dist-packages', 'LC_NUMERIC': 'zh_CN.UTF-8', 'LC_PAPER': 'zh_CN.UTF-8', 'COLCON': '1', 'CMAKE_PREFIX_PATH': '/home/abc/perception_with_ros2/install/perception:/home/abc/perception_with_ros2/install/base_msgs_per:/home/abc/planning_with_ros2/install/planning:/home/abc/planning_with_ros2/install/base_msgs'}, 'shell': False}
[0.800811] (-) TimerEvent: {}
[0.901056] (-) TimerEvent: {}
[0.937851] (data_plot_per) StdoutLine: {'line': b'running egg_info\n'}
[0.939232] (data_plot_per) StdoutLine: {'line': b'writing ../../build/data_plot_per/data_plot_per.egg-info/PKG-INFO\n'}
[0.939436] (data_plot_per) StdoutLine: {'line': b'writing dependency_links to ../../build/data_plot_per/data_plot_per.egg-info/dependency_links.txt\n'}
[0.939575] (data_plot_per) StdoutLine: {'line': b'writing entry points to ../../build/data_plot_per/data_plot_per.egg-info/entry_points.txt\n'}
[0.939711] (data_plot_per) StdoutLine: {'line': b'writing requirements to ../../build/data_plot_per/data_plot_per.egg-info/requires.txt\n'}
[0.939783] (data_plot_per) StdoutLine: {'line': b'writing top-level names to ../../build/data_plot_per/data_plot_per.egg-info/top_level.txt\n'}
[0.941102] (data_plot_per) StdoutLine: {'line': b"reading manifest file '../../build/data_plot_per/data_plot_per.egg-info/SOURCES.txt'\n"}
[0.941886] (data_plot_per) StdoutLine: {'line': b"writing manifest file '../../build/data_plot_per/data_plot_per.egg-info/SOURCES.txt'\n"}
[0.942012] (data_plot_per) StdoutLine: {'line': b'running build\n'}
[0.942077] (data_plot_per) StdoutLine: {'line': b'running build_py\n'}
[0.942194] (data_plot_per) StdoutLine: {'line': b'running install\n'}
[0.942518] (data_plot_per) StdoutLine: {'line': b'running install_lib\n'}
[0.943471] (data_plot_per) StdoutLine: {'line': b'running install_data\n'}
[0.943599] (data_plot_per) StdoutLine: {'line': b'running install_egg_info\n'}
[0.945124] (data_plot_per) StdoutLine: {'line': b"removing '/home/abc/perception_with_ros2/install/data_plot_per/lib/python3.10/site-packages/data_plot_per-0.0.0-py3.10.egg-info' (and everything under it)\n"}
[0.945342] (data_plot_per) StdoutLine: {'line': b'Copying ../../build/data_plot_per/data_plot_per.egg-info to /home/abc/perception_with_ros2/install/data_plot_per/lib/python3.10/site-packages/data_plot_per-0.0.0-py3.10.egg-info\n'}
[0.946088] (data_plot_per) StdoutLine: {'line': b'running install_scripts\n'}
[0.964380] (data_plot_per) StdoutLine: {'line': b'Installing data_plot_per script to /home/abc/perception_with_ros2/install/data_plot_per/lib/data_plot_per\n'}
[0.964671] (data_plot_per) StdoutLine: {'line': b"writing list of installed files to '/home/abc/perception_with_ros2/build/data_plot_per/install.log'\n"}
[0.983073] (data_plot_per) CommandEnded: {'returncode': 0}
[0.988772] (data_plot_per) JobEnded: {'identifier': 'data_plot_per', 'rc': 0}
[0.989306] (-) EventReactorShutdown: {}
