[0.000000] (-) TimerEvent: {}
[0.000436] (base_msgs_per) JobQueued: {'identifier': 'base_msgs_per', 'dependencies': OrderedDict()}
[0.000558] (data_plot_per) JobQueued: {'identifier': 'data_plot_per', 'dependencies': OrderedDict()}
[0.000579] (perception) JobQueued: {'identifier': 'perception', 'dependencies': OrderedDict([('base_msgs_per', '/home/abc/perception_with_ros2/install/base_msgs_per')])}
[0.000677] (base_msgs_per) JobStarted: {'identifier': 'base_msgs_per'}
[0.010682] (data_plot_per) JobStarted: {'identifier': 'data_plot_per'}
[0.018701] (base_msgs_per) JobProgress: {'identifier': 'base_msgs_per', 'progress': 'cmake'}
[0.019272] (base_msgs_per) JobProgress: {'identifier': 'base_msgs_per', 'progress': 'build'}
[0.019862] (base_msgs_per) Command: {'cmd': ['/usr/local/bin/cmake', '--build', '/home/abc/perception_with_ros2/build/base_msgs_per', '--', '-j12', '-l12'], 'cwd': '/home/abc/perception_with_ros2/build/base_msgs_per', 'env': OrderedDict([('PYTHON_BASIC_REPL', '1'), ('LESSOPEN', '| /usr/bin/lesspipe %s'), ('LANGUAGE', 'en_US:en'), ('USER', 'abc'), ('LC_TIME', 'zh_CN.UTF-8'), ('XDG_SESSION_TYPE', 'x11'), ('GIT_ASKPASS', '/usr/share/code/resources/app/extensions/git/dist/askpass.sh'), ('SHLVL', '2'), ('LD_LIBRARY_PATH', '/home/abc/perception_with_ros2/install/perception/lib:/home/abc/planning_with_ros2/install/planning/lib:/home/abc/planning_with_ros2/install/planning/lib:/home/abc/planning_with_ros2/install/planning/lib:/home/abc/planning_with_ros2/install/planning/lib:/home/abc/planning_with_ros2/install/base_msgs/lib:/usr/lib/x86_64-linux-gnu/gazebo-11/plugins:/opt/ros/humble/opt/rviz_ogre_vendor/lib:/opt/ros/humble/lib/x86_64-linux-gnu:/opt/ros/humble/lib'), ('HOME', '/home/abc'), ('CHROME_DESKTOP', 'code.desktop'), ('OLDPWD', '/home/abc/perception_with_ros2/src'), ('TERM_PROGRAM_VERSION', '1.107.1'), ('DESKTOP_SESSION', 'ubuntu'), ('ROS_PYTHON_VERSION', '3'), ('GNOME_SHELL_SESSION_MODE', 'ubuntu'), ('GTK_MODULES', 'gail:atk-bridge'), ('VSCODE_GIT_ASKPASS_MAIN', '/usr/share/code/resources/app/extensions/git/dist/askpass-main.js'), ('LC_MONETARY', 'zh_CN.UTF-8'), ('VSCODE_GIT_ASKPASS_NODE', '/usr/share/code/code'), ('PYDEVD_DISABLE_FILE_VALIDATION', '1'), ('SYSTEMD_EXEC_PID', '1608'), ('BUNDLED_DEBUGPY_PATH', '/home/abc/.vscode/extensions/ms-python.debugpy-2025.18.0-linux-x64/bundled/libs/debugpy'), ('VSCODE_PYTHON_AUTOACTIVATE_GUARD', '1'), ('DBUS_SESSION_BUS_ADDRESS', 'unix:path=/run/user/1000/bus'), ('COLORTERM', 'truecolor'), ('COLCON_PREFIX_PATH', '/home/abc/perception_with_ros2/install:/home/abc/planning_with_ros2/install'), ('ROS_DISTRO', 'humble'), ('GTK_IM_MODULE', 'ibus'), ('LOGNAME', 'abc'), ('_', '/usr/bin/colcon'), ('ROS_VERSION', '2'), ('XDG_SESSION_CLASS', 'user'), ('USERNAME', 'abc'), ('TERM', 'xterm-256color'), ('GNOME_DESKTOP_SESSION_ID', 'this-is-deprecated'), ('ROS2_PLANNING_COURSE_INSTALL', '/home/abc/planning_with_ros2/install'), ('FC_FONTATIONS', '1'), ('ROS_LOCALHOST_ONLY', '0'), ('WINDOWPATH', '2'), ('PATH', '/home/abc/.config/Code/User/globalStorage/github.copilot-chat/debugCommand:/home/abc/.config/Code/User/globalStorage/github.copilot-chat/copilotCli:/opt/ros/humble/bin:/usr/local/sbin:/usr/local/bin:/usr/sbin:/usr/bin:/sbin:/bin:/usr/games:/usr/local/games:/snap/bin:/snap/bin:/home/abc/.vscode/extensions/ms-python.debugpy-2025.18.0-linux-x64/bundled/scripts/noConfigScripts'), ('SESSION_MANAGER', 'local/abc-G3-3500:@/tmp/.ICE-unix/1581,unix/abc-G3-3500:/tmp/.ICE-unix/1581'), ('PAPERSIZE', 'a4'), ('XDG_MENU_PREFIX', 'gnome-'), ('LC_ADDRESS', 'zh_CN.UTF-8'), ('GNOME_TERMINAL_SCREEN', '/org/gnome/Terminal/screen/de2f66bf_038d_4af9_a3ae_168c2f219a0f'), ('XDG_RUNTIME_DIR', '/run/user/1000'), ('GDK_BACKEND', 'x11'), ('DISPLAY', ':0'), ('VSCODE_DEBUGPY_ADAPTER_ENDPOINTS', '/home/abc/.vscode/extensions/ms-python.debugpy-2025.18.0-linux-x64/.noConfigDebugAdapterEndpoints/endpoint-0370d1c5f2548263.txt'), ('LANG', 'en_US.UTF-8'), ('XDG_CURRENT_DESKTOP', 'ubuntu:GNOME'), ('PYTHONSTARTUP', '/home/abc/.config/Code/User/workspaceStorage/28936fba8b94055b776ffa577577e387/ms-python.python/pythonrc.py'), ('LC_TELEPHONE', 'zh_CN.UTF-8'), ('XMODIFIERS', '@im=ibus'), ('XDG_SESSION_DESKTOP', 'ubuntu'), ('XAUTHORITY', '/run/user/1000/gdm/Xauthority'), ('LS_COLORS', 'rs=0:di=01;34:ln=01;36:mh=00:pi=40;33:so=01;35:do=01;35:bd=40;33;01:cd=40;33;01:or=40;31;01:mi=00:su=37;41:sg=30;43:ca=30;41:tw=30;42:ow=34;42:st=37;44:ex=01;32:*.tar=01;31:*.tgz=01;31:*.arc=01;31:*.arj=01;31:*.taz=01;31:*.lha=01;31:*.lz4=01;31:*.lzh=01;31:*.lzma=01;31:*.tlz=01;31:*.txz=01;31:*.tzo=01;31:*.t7z=01;31:*.zip=01;31:*.z=01;31:*.dz=01;31:*.gz=01;31:*.lrz=01;31:*.lz=01;31:*.lzo=01;31:*.xz=01;31:*.zst=01;31:*.tzst=01;31:*.bz2=01;31:*.bz=01;31:*.tbz=01;31:*.tbz2=01;31:*.tz=01;31:*.deb=01;31:*.rpm=01;31:*.jar=01;31:*.war=01;31:*.ear=01;31:*.sar=01;31:*.rar=01;31:*.alz=01;31:*.ace=01;31:*.zoo=01;31:*.cpio=01;31:*.7z=01;31:*.rz=01;31:*.cab=01;31:*.wim=01;31:*.swm=01;31:*.dwm=01;31:*.esd=01;31:*.jpg=01;35:*.jpeg=01;35:*.mjpg=01;35:*.mjpeg=01;35:*.gif=01;35:*.bmp=01;35:*.pbm=01;35:*.pgm=01;35:*.ppm=01;35:*.tga=01;35:*.xbm=01;35:*.xpm=01;35:*.tif=01;35:*.tiff=01;35:*.png=01;35:*.svg=01;35:*.svgz=01;35:*.mng=01;35:*.pcx=01;35:*.mov=01;35:*.mpg=01;35:*.mpeg=01;35:*.m2v=01;35:*.mkv=01;35:*.webm=01;35:*.webp=01;35:*.ogm=01;35:*.mp4=01;35:*.m4v=01;35:*.mp4v=01;35:*.vob=01;35:*.qt=01;35:*.nuv=01;35:*.wmv=01;35:*.asf=01;35:*.rm=01;35:*.rmvb=01;35:*.flc=01;35:*.avi=01;35:*.fli=01;35:*.flv=01;35:*.gl=01;35:*.dl=01;35:*.xcf=01;35:*.xwd=01;35:*.yuv=01;35:*.cgm=01;35:*.emf=01;35:*.ogv=01;35:*.ogx=01;35:*.aac=00;36:*.au=00;36:*.flac=00;36:*.m4a=00;36:*.mid=00;36:*.midi=00;36:*.mka=00;36:*.mp3=00;36:*.mpc=00;36:*.ogg=00;36:*.ra=00;36:*.wav=00;36:*.oga=00;36:*.opus=00;36:*.spx=00;36:*.xspf=00;36:'), ('ROS2_PERCEPTION_COURSE_INSTALL', '/home/abc/perception_with_ros2/install'), ('VSCODE_GIT_IPC_HANDLE', '/run/user/1000/vscode-git-5e4b9a72ca.sock'), ('GNOME_TERMINAL_SERVICE', ':1.525'), ('TERM_PROGRAM', 'vscode'), ('SSH_AGENT_LAUNCHER', 'gnome-keyring'), ('SSH_AUTH_SOCK', '/run/user/1000/keyring/ssh'), ('ROS_DOMAIN_ID', '2'), ('AMENT_PREFIX_PATH', '/home/abc/perception_with_ros2/install/perception:/home/abc/perception_with_ros2/install/data_plot_per:/home/abc/perception_with_ros2/install/base_msgs_per:/home/abc/planning_with_ros2/install/planning:/home/abc/planning_with_ros2/install/data_plot:/home/abc/planning_with_ros2/install/base_msgs:/opt/ros/humble'), ('SHELL', '/bin/bash'), ('LC_NAME', 'zh_CN.UTF-8'), ('QT_ACCESSIBILITY', '1'), ('GDMSESSION', 'ubuntu'), ('LESSCLOSE', '/usr/bin/lesspipe %s %s'), ('LC_MEASUREMENT', 'zh_CN.UTF-8'), ('GPG_AGENT_INFO', '/run/user/1000/gnupg/S.gpg-agent:0:1'), ('LC_IDENTIFICATION', 'zh_CN.UTF-8'), ('VSCODE_GIT_ASKPASS_EXTRA_ARGS', ''), ('QT_IM_MODULE', 'ibus'), ('PWD', '/home/abc/perception_with_ros2/build/base_msgs_per'), ('LC_ALL', 'en_US.UTF-8'), ('XDG_CONFIG_DIRS', '/etc/xdg/xdg-ubuntu:/etc/xdg'), ('XDG_DATA_DIRS', '/usr/share/ubuntu:/usr/share/gnome:/usr/local/share/:/usr/share/:/var/lib/snapd/desktop'), ('PYTHONPATH', '/home/abc/perception_with_ros2/install/data_plot_per/lib/python3.10/site-packages:/home/abc/planning_with_ros2/install/data_plot/lib/python3.10/site-packages:/home/abc/planning_with_ros2/install/base_msgs/local/lib/python3.10/dist-packages:/opt/ros/humble/lib/python3.10/site-packages:/opt/ros/humble/local/lib/python3.10/dist-packages'), ('LC_NUMERIC', 'zh_CN.UTF-8'), ('LC_PAPER', 'zh_CN.UTF-8'), ('COLCON', '1'), ('VTE_VERSION', '6800'), ('CMAKE_PREFIX_PATH', '/home/abc/perception_with_ros2/install/perception:/home/abc/perception_with_ros2/install/base_msgs_per:/home/abc/planning_with_ros2/install/planning:/home/abc/planning_with_ros2/install/base_msgs:/home/abc/perception_with_ros2/install/data_plot_per:/home/abc/planning_with_ros2/install/data_plot:/opt/ros/humble')]), 'shell': False}
[0.046358] (base_msgs_per) StdoutLine: {'line': b'[  0%] Built target base_msgs_per__cpp\n'}
[0.048989] (base_msgs_per) StdoutLine: {'line': b'[  0%] Built target ament_cmake_python_copy_base_msgs_per\n'}
[0.053204] (base_msgs_per) StdoutLine: {'line': b'[ 12%] Built target base_msgs_per__rosidl_generator_c\n'}
[0.070907] (base_msgs_per) StdoutLine: {'line': b'[ 29%] Built target base_msgs_per__rosidl_typesupport_c\n'}
[0.071162] (base_msgs_per) StdoutLine: {'line': b'[ 36%] Built target base_msgs_per__rosidl_typesupport_introspection_c\n'}
[0.072381] (base_msgs_per) StdoutLine: {'line': b'[ 48%] Built target base_msgs_per__rosidl_typesupport_fastrtps_cpp\n'}
[0.073943] (base_msgs_per) StdoutLine: {'line': b'[ 60%] Built target base_msgs_per__rosidl_typesupport_cpp\n'}
[0.075260] (base_msgs_per) StdoutLine: {'line': b'[ 72%] Built target base_msgs_per__rosidl_typesupport_introspection_cpp\n'}
[0.080799] (base_msgs_per) StdoutLine: {'line': b'[ 84%] Built target base_msgs_per__rosidl_typesupport_fastrtps_c\n'}
[0.087624] (base_msgs_per) StdoutLine: {'line': b'[ 84%] Built target base_msgs_per\n'}
[0.095496] (base_msgs_per) StdoutLine: {'line': b'[ 85%] Built target base_msgs_per__py\n'}
[0.099851] (-) TimerEvent: {}
[0.118636] (base_msgs_per) StdoutLine: {'line': b'[ 96%] Built target base_msgs_per__rosidl_generator_py\n'}
[0.128906] (base_msgs_per) StdoutLine: {'line': b'[ 97%] Built target base_msgs_per__rosidl_typesupport_fastrtps_c__pyext\n'}
[0.129152] (base_msgs_per) StdoutLine: {'line': b'[ 98%] Built target base_msgs_per__rosidl_typesupport_c__pyext\n'}
[0.130291] (base_msgs_per) StdoutLine: {'line': b'[100%] Built target base_msgs_per__rosidl_typesupport_introspection_c__pyext\n'}
[0.199948] (-) TimerEvent: {}
[0.293001] (base_msgs_per) StdoutLine: {'line': b'running egg_info\n'}
[0.294200] (base_msgs_per) StdoutLine: {'line': b'writing base_msgs_per.egg-info/PKG-INFO\n'}
[0.294411] (base_msgs_per) StdoutLine: {'line': b'writing dependency_links to base_msgs_per.egg-info/dependency_links.txt\n'}
[0.295681] (base_msgs_per) StdoutLine: {'line': b'writing top-level names to base_msgs_per.egg-info/top_level.txt\n'}
[0.297406] (base_msgs_per) StdoutLine: {'line': b"reading manifest file 'base_msgs_per.egg-info/SOURCES.txt'\n"}
[0.298183] (base_msgs_per) StdoutLine: {'line': b"writing manifest file 'base_msgs_per.egg-info/SOURCES.txt'\n"}
[0.300018] (-) TimerEvent: {}
[0.328327] (base_msgs_per) StdoutLine: {'line': b'[100%] Built target ament_cmake_python_build_base_msgs_per_egg\n'}
[0.334192] (base_msgs_per) CommandEnded: {'returncode': 0}
[0.334989] (base_msgs_per) JobProgress: {'identifier': 'base_msgs_per', 'progress': 'install'}
[0.338039] (base_msgs_per) Command: {'cmd': ['/usr/local/bin/cmake', '--install', '/home/abc/perception_with_ros2/build/base_msgs_per'], 'cwd': '/home/abc/perception_with_ros2/build/base_msgs_per', 'env': OrderedDict([('PYTHON_BASIC_REPL', '1'), ('LESSOPEN', '| /usr/bin/lesspipe %s'), ('LANGUAGE', 'en_US:en'), ('USER', 'abc'), ('LC_TIME', 'zh_CN.UTF-8'), ('XDG_SESSION_TYPE', 'x11'), ('GIT_ASKPASS', '/usr/share/code/resources/app/extensions/git/dist/askpass.sh'), ('SHLVL', '2'), ('LD_LIBRARY_PATH', '/home/abc/perception_with_ros2/install/perception/lib:/home/abc/planning_with_ros2/install/planning/lib:/home/abc/planning_with_ros2/install/planning/lib:/home/abc/planning_with_ros2/install/planning/lib:/home/abc/planning_with_ros2/install/planning/lib:/home/abc/planning_with_ros2/install/base_msgs/lib:/usr/lib/x86_64-linux-gnu/gazebo-11/plugins:/opt/ros/humble/opt/rviz_ogre_vendor/lib:/opt/ros/humble/lib/x86_64-linux-gnu:/opt/ros/humble/lib'), ('HOME', '/home/abc'), ('CHROME_DESKTOP', 'code.desktop'), ('OLDPWD', '/home/abc/perception_with_ros2/src'), ('TERM_PROGRAM_VERSION', '1.107.1'), ('DESKTOP_SESSION', 'ubuntu'), ('ROS_PYTHON_VERSION', '3'), ('GNOME_SHELL_SESSION_MODE', 'ubuntu'), ('GTK_MODULES', 'gail:atk-bridge'), ('VSCODE_GIT_ASKPASS_MAIN', '/usr/share/code/resources/app/extensions/git/dist/askpass-main.js'), ('LC_MONETARY', 'zh_CN.UTF-8'), ('VSCODE_GIT_ASKPASS_NODE', '/usr/share/code/code'), ('PYDEVD_DISABLE_FILE_VALIDATION', '1'), ('SYSTEMD_EXEC_PID', '1608'), ('BUNDLED_DEBUGPY_PATH', '/home/abc/.vscode/extensions/ms-python.debugpy-2025.18.0-linux-x64/bundled/libs/debugpy'), ('VSCODE_PYTHON_AUTOACTIVATE_GUARD', '1'), ('DBUS_SESSION_BUS_ADDRESS', 'unix:path=/run/user/1000/bus'), ('COLORTERM', 'truecolor'), ('COLCON_PREFIX_PATH', '/home/abc/perception_with_ros2/install:/home/abc/planning_with_ros2/install'), ('ROS_DISTRO', 'humble'), ('GTK_IM_MODULE', 'ibus'), ('LOGNAME', 'abc'), ('_', '/usr/bin/colcon'), ('ROS_VERSION', '2'), ('XDG_SESSION_CLASS', 'user'), ('USERNAME', 'abc'), ('TERM', 'xterm-256color'), ('GNOME_DESKTOP_SESSION_ID', 'this-is-deprecated'), ('ROS2_PLANNING_COURSE_INSTALL', '/home/abc/planning_with_ros2/install'), ('FC_FONTATIONS', '1'), ('ROS_LOCALHOST_ONLY', '0'), ('WINDOWPATH', '2'), ('PATH', '/home/abc/.config/Code/User/globalStorage/github.copilot-chat/debugCommand:/home/abc/.config/Code/User/globalStorage/github.copilot-chat/copilotCli:/opt/ros/humble/bin:/usr/local/sbin:/usr/local/bin:/usr/sbin:/usr/bin:/sbin:/bin:/usr/games:/usr/local/games:/snap/bin:/snap/bin:/home/abc/.vscode/extensions/ms-python.debugpy-2025.18.0-linux-x64/bundled/scripts/noConfigScripts'), ('SESSION_MANAGER', 'local/abc-G3-3500:@/tmp/.ICE-unix/1581,unix/abc-G3-3500:/tmp/.ICE-unix/1581'), ('PAPERSIZE', 'a4'), ('XDG_MENU_PREFIX', 'gnome-'), ('LC_ADDRESS', 'zh_CN.UTF-8'), ('GNOME_TERMINAL_SCREEN', '/org/gnome/Terminal/screen/de2f66bf_038d_4af9_a3ae_168c2f219a0f'), ('XDG_RUNTIME_DIR', '/run/user/1000'), ('GDK_BACKEND', 'x11'), ('DISPLAY', ':0'), ('VSCODE_DEBUGPY_ADAPTER_ENDPOINTS', '/home/abc/.vscode/extensions/ms-python.debugpy-2025.18.0-linux-x64/.noConfigDebugAdapterEndpoints/endpoint-0370d1c5f2548263.txt'), ('LANG', 'en_US.UTF-8'), ('XDG_CURRENT_DESKTOP', 'ubuntu:GNOME'), ('PYTHONSTARTUP', '/home/abc/.config/Code/User/workspaceStorage/28936fba8b94055b776ffa577577e387/ms-python.python/pythonrc.py'), ('LC_TELEPHONE', 'zh_CN.UTF-8'), ('XMODIFIERS', '@im=ibus'), ('XDG_SESSION_DESKTOP', 'ubuntu'), ('XAUTHORITY', '/run/user/1000/gdm/Xauthority'), ('LS_COLORS', 'rs=0:di=01;34:ln=01;36:mh=00:pi=40;33:so=01;35:do=01;35:bd=40;33;01:cd=40;33;01:or=40;31;01:mi=00:su=37;41:sg=30;43:ca=30;41:tw=30;42:ow=34;42:st=37;44:ex=01;32:*.tar=01;31:*.tgz=01;31:*.arc=01;31:*.arj=01;31:*.taz=01;31:*.lha=01;31:*.lz4=01;31:*.lzh=01;31:*.lzma=01;31:*.tlz=01;31:*.txz=01;31:*.tzo=01;31:*.t7z=01;31:*.zip=01;31:*.z=01;31:*.dz=01;31:*.gz=01;31:*.lrz=01;31:*.lz=01;31:*.lzo=01;31:*.xz=01;31:*.zst=01;31:*.tzst=01;31:*.bz2=01;31:*.bz=01;31:*.tbz=01;31:*.tbz2=01;31:*.tz=01;31:*.deb=01;31:*.rpm=01;31:*.jar=01;31:*.war=01;31:*.ear=01;31:*.sar=01;31:*.rar=01;31:*.alz=01;31:*.ace=01;31:*.zoo=01;31:*.cpio=01;31:*.7z=01;31:*.rz=01;31:*.cab=01;31:*.wim=01;31:*.swm=01;31:*.dwm=01;31:*.esd=01;31:*.jpg=01;35:*.jpeg=01;35:*.mjpg=01;35:*.mjpeg=01;35:*.gif=01;35:*.bmp=01;35:*.pbm=01;35:*.pgm=01;35:*.ppm=01;35:*.tga=01;35:*.xbm=01;35:*.xpm=01;35:*.tif=01;35:*.tiff=01;35:*.png=01;35:*.svg=01;35:*.svgz=01;35:*.mng=01;35:*.pcx=01;35:*.mov=01;35:*.mpg=01;35:*.mpeg=01;35:*.m2v=01;35:*.mkv=01;35:*.webm=01;35:*.webp=01;35:*.ogm=01;35:*.mp4=01;35:*.m4v=01;35:*.mp4v=01;35:*.vob=01;35:*.qt=01;35:*.nuv=01;35:*.wmv=01;35:*.asf=01;35:*.rm=01;35:*.rmvb=01;35:*.flc=01;35:*.avi=01;35:*.fli=01;35:*.flv=01;35:*.gl=01;35:*.dl=01;35:*.xcf=01;35:*.xwd=01;35:*.yuv=01;35:*.cgm=01;35:*.emf=01;35:*.ogv=01;35:*.ogx=01;35:*.aac=00;36:*.au=00;36:*.flac=00;36:*.m4a=00;36:*.mid=00;36:*.midi=00;36:*.mka=00;36:*.mp3=00;36:*.mpc=00;36:*.ogg=00;36:*.ra=00;36:*.wav=00;36:*.oga=00;36:*.opus=00;36:*.spx=00;36:*.xspf=00;36:'), ('ROS2_PERCEPTION_COURSE_INSTALL', '/home/abc/perception_with_ros2/install'), ('VSCODE_GIT_IPC_HANDLE', '/run/user/1000/vscode-git-5e4b9a72ca.sock'), ('GNOME_TERMINAL_SERVICE', ':1.525'), ('TERM_PROGRAM', 'vscode'), ('SSH_AGENT_LAUNCHER', 'gnome-keyring'), ('SSH_AUTH_SOCK', '/run/user/1000/keyring/ssh'), ('ROS_DOMAIN_ID', '2'), ('AMENT_PREFIX_PATH', '/home/abc/perception_with_ros2/install/perception:/home/abc/perception_with_ros2/install/data_plot_per:/home/abc/perception_with_ros2/install/base_msgs_per:/home/abc/planning_with_ros2/install/planning:/home/abc/planning_with_ros2/install/data_plot:/home/abc/planning_with_ros2/install/base_msgs:/opt/ros/humble'), ('SHELL', '/bin/bash'), ('LC_NAME', 'zh_CN.UTF-8'), ('QT_ACCESSIBILITY', '1'), ('GDMSESSION', 'ubuntu'), ('LESSCLOSE', '/usr/bin/lesspipe %s %s'), ('LC_MEASUREMENT', 'zh_CN.UTF-8'), ('GPG_AGENT_INFO', '/run/user/1000/gnupg/S.gpg-agent:0:1'), ('LC_IDENTIFICATION', 'zh_CN.UTF-8'), ('VSCODE_GIT_ASKPASS_EXTRA_ARGS', ''), ('QT_IM_MODULE', 'ibus'), ('PWD', '/home/abc/perception_with_ros2/build/base_msgs_per'), ('LC_ALL', 'en_US.UTF-8'), ('XDG_CONFIG_DIRS', '/etc/xdg/xdg-ubuntu:/etc/xdg'), ('XDG_DATA_DIRS', '/usr/share/ubuntu:/usr/share/gnome:/usr/local/share/:/usr/share/:/var/lib/snapd/desktop'), ('PYTHONPATH', '/home/abc/perception_with_ros2/install/data_plot_per/lib/python3.10/site-packages:/home/abc/planning_with_ros2/install/data_plot/lib/python3.10/site-packages:/home/abc/planning_with_ros2/install/base_msgs/local/lib/python3.10/dist-packages:/opt/ros/humble/lib/python3.10/site-packages:/opt/ros/humble/local/lib/python3.10/dist-packages'), ('LC_NUMERIC', 'zh_CN.UTF-8'), ('LC_PAPER', 'zh_CN.UTF-8'), ('COLCON', '1'), ('VTE_VERSION', '6800'), ('CMAKE_PREFIX_PATH', '/home/abc/perception_with_ros2/install/perception:/home/abc/perception_with_ros2/install/base_msgs_per:/home/abc/planning_with_ros2/install/planning:/home/abc/planning_with_ros2/install/base_msgs:/home/abc/perception_with_ros2/install/data_plot_per:/home/abc/planning_with_ros2/install/data_plot:/opt/ros/humble')]), 'shell': False}
[0.341729] (base_msgs_per) StdoutLine: {'line': b'-- Install configuration: ""\n'}
[0.341970] (base_msgs_per) StdoutLine: {'line': b'-- Up-to-date: /home/abc/perception_with_ros2/install/base_msgs_per/share/ament_index/resource_index/rosidl_interfaces/base_msgs_per\n'}
[0.342079] (base_msgs_per) StdoutLine: {'line': b'-- Up-to-date: /home/abc/perception_with_ros2/install/base_msgs_per/include/base_msgs_per/base_msgs_per\n'}
[0.342170] (base_msgs_per) StdoutLine: {'line': b'-- Up-to-date: /home/abc/perception_with_ros2/install/base_msgs_per/include/base_msgs_per/base_msgs_per/msg\n'}
[0.342294] (base_msgs_per) StdoutLine: {'line': b'-- Up-to-date: /home/abc/perception_with_ros2/install/base_msgs_per/include/base_msgs_per/base_msgs_per/msg/pnc_map.h\n'}
[0.342600] (base_msgs_per) StdoutLine: {'line': b'-- Up-to-date: /home/abc/perception_with_ros2/install/base_msgs_per/include/base_msgs_per/base_msgs_per/msg/local_trajectory_point.h\n'}
[0.342695] (base_msgs_per) StdoutLine: {'line': b'-- Up-to-date: /home/abc/perception_with_ros2/install/base_msgs_per/include/base_msgs_per/base_msgs_per/msg/plot_info.h\n'}
[0.342791] (base_msgs_per) StdoutLine: {'line': b'-- Up-to-date: /home/abc/perception_with_ros2/install/base_msgs_per/include/base_msgs_per/base_msgs_per/msg/rosidl_generator_c__visibility_control.h\n'}
[0.342880] (base_msgs_per) StdoutLine: {'line': b'-- Up-to-date: /home/abc/perception_with_ros2/install/base_msgs_per/include/base_msgs_per/base_msgs_per/msg/local_path.h\n'}
[0.342964] (base_msgs_per) StdoutLine: {'line': b'-- Up-to-date: /home/abc/perception_with_ros2/install/base_msgs_per/include/base_msgs_per/base_msgs_per/msg/detail\n'}
[0.343047] (base_msgs_per) StdoutLine: {'line': b'-- Up-to-date: /home/abc/perception_with_ros2/install/base_msgs_per/include/base_msgs_per/base_msgs_per/msg/detail/obs_info__type_support.h\n'}
[0.343130] (base_msgs_per) StdoutLine: {'line': b'-- Up-to-date: /home/abc/perception_with_ros2/install/base_msgs_per/include/base_msgs_per/base_msgs_per/msg/detail/local_speeds__functions.c\n'}
[0.343214] (base_msgs_per) StdoutLine: {'line': b'-- Up-to-date: /home/abc/perception_with_ros2/install/base_msgs_per/include/base_msgs_per/base_msgs_per/msg/detail/local_speeds_point__struct.h\n'}
[0.343452] (base_msgs_per) StdoutLine: {'line': b'-- Up-to-date: /home/abc/perception_with_ros2/install/base_msgs_per/include/base_msgs_per/base_msgs_per/msg/detail/referline_point__type_support.h\n'}
[0.343548] (base_msgs_per) StdoutLine: {'line': b'-- Up-to-date: /home/abc/perception_with_ros2/install/base_msgs_per/include/base_msgs_per/base_msgs_per/msg/detail/obs_info__struct.h\n'}
[0.343637] (base_msgs_per) StdoutLine: {'line': b'-- Up-to-date: /home/abc/perception_with_ros2/install/base_msgs_per/include/base_msgs_per/base_msgs_per/msg/detail/referline__struct.h\n'}
[0.343768] (base_msgs_per) StdoutLine: {'line': b'-- Up-to-date: /home/abc/perception_with_ros2/install/base_msgs_per/include/base_msgs_per/base_msgs_per/msg/detail/local_speeds__functions.h\n'}
[0.343866] (base_msgs_per) StdoutLine: {'line': b'-- Up-to-date: /home/abc/perception_with_ros2/install/base_msgs_per/include/base_msgs_per/base_msgs_per/msg/detail/local_path_point__functions.h\n'}
[0.343956] (base_msgs_per) StdoutLine: {'line': b'-- Up-to-date: /home/abc/perception_with_ros2/install/base_msgs_per/include/base_msgs_per/base_msgs_per/msg/detail/pnc_map__struct.h\n'}
[0.344046] (base_msgs_per) StdoutLine: {'line': b'-- Up-to-date: /home/abc/perception_with_ros2/install/base_msgs_per/include/base_msgs_per/base_msgs_per/msg/detail/plot_info__struct.h\n'}
[0.344167] (base_msgs_per) StdoutLine: {'line': b'-- Up-to-date: /home/abc/perception_with_ros2/install/base_msgs_per/include/base_msgs_per/base_msgs_per/msg/detail/local_path_point__struct.h\n'}
[0.344348] (base_msgs_per) StdoutLine: {'line': b'-- Up-to-date: /home/abc/perception_with_ros2/install/base_msgs_per/include/base_msgs_per/base_msgs_per/msg/detail/local_path__struct.h\n'}
[0.344435] (base_msgs_per) StdoutLine: {'line': b'-- Up-to-date: /home/abc/perception_with_ros2/install/base_msgs_per/include/base_msgs_per/base_msgs_per/msg/detail/obs_info__functions.h\n'}
[0.344549] (base_msgs_per) StdoutLine: {'line': b'-- Up-to-date: /home/abc/perception_with_ros2/install/base_msgs_per/include/base_msgs_per/base_msgs_per/msg/detail/obs_info__functions.c\n'}
[0.344618] (base_msgs_per) StdoutLine: {'line': b'-- Up-to-date: /home/abc/perception_with_ros2/install/base_msgs_per/include/base_msgs_per/base_msgs_per/msg/detail/local_speeds__struct.h\n'}
[0.344705] (base_msgs_per) StdoutLine: {'line': b'-- Up-to-date: /home/abc/perception_with_ros2/install/base_msgs_per/include/base_msgs_per/base_msgs_per/msg/detail/referline__functions.h\n'}
[0.344792] (base_msgs_per) StdoutLine: {'line': b'-- Up-to-date: /home/abc/perception_with_ros2/install/base_msgs_per/include/base_msgs_per/base_msgs_per/msg/detail/local_trajectory__type_support.h\n'}
[0.344876] (base_msgs_per) StdoutLine: {'line': b'-- Up-to-date: /home/abc/perception_with_ros2/install/base_msgs_per/include/base_msgs_per/base_msgs_per/msg/detail/local_trajectory__functions.h\n'}
[0.344961] (base_msgs_per) StdoutLine: {'line': b'-- Up-to-date: /home/abc/perception_with_ros2/install/base_msgs_per/include/base_msgs_per/base_msgs_per/msg/detail/local_path_point__type_support.h\n'}
[0.345047] (base_msgs_per) StdoutLine: {'line': b'-- Up-to-date: /home/abc/perception_with_ros2/install/base_msgs_per/include/base_msgs_per/base_msgs_per/msg/detail/local_path_point__functions.c\n'}
[0.345132] (base_msgs_per) StdoutLine: {'line': b'-- Up-to-date: /home/abc/perception_with_ros2/install/base_msgs_per/include/base_msgs_per/base_msgs_per/msg/detail/referline__type_support.h\n'}
[0.345217] (base_msgs_per) StdoutLine: {'line': b'-- Up-to-date: /home/abc/perception_with_ros2/install/base_msgs_per/include/base_msgs_per/base_msgs_per/msg/detail/local_trajectory_point__functions.c\n'}
[0.345444] (base_msgs_per) StdoutLine: {'line': b'-- Up-to-date: /home/abc/perception_with_ros2/install/base_msgs_per/include/base_msgs_per/base_msgs_per/msg/detail/local_trajectory_point__functions.h\n'}
[0.345522] (base_msgs_per) StdoutLine: {'line': b'-- Up-to-date: /home/abc/perception_with_ros2/install/base_msgs_per/include/base_msgs_per/base_msgs_per/msg/detail/local_path__functions.h\n'}
[0.345586] (base_msgs_per) StdoutLine: {'line': b'-- Up-to-date: /home/abc/perception_with_ros2/install/base_msgs_per/include/base_msgs_per/base_msgs_per/msg/detail/pnc_map__functions.c\n'}
[0.345666] (base_msgs_per) StdoutLine: {'line': b'-- Up-to-date: /home/abc/perception_with_ros2/install/base_msgs_per/include/base_msgs_per/base_msgs_per/msg/detail/referline__functions.c\n'}
[0.345775] (base_msgs_per) StdoutLine: {'line': b'-- Up-to-date: /home/abc/perception_with_ros2/install/base_msgs_per/include/base_msgs_per/base_msgs_per/msg/detail/referline_point__struct.h\n'}
[0.345899] (base_msgs_per) StdoutLine: {'line': b'-- Up-to-date: /home/abc/perception_with_ros2/install/base_msgs_per/include/base_msgs_per/base_msgs_per/msg/detail/local_trajectory__struct.h\n'}
[0.345984] (base_msgs_per) StdoutLine: {'line': b'-- Up-to-date: /home/abc/perception_with_ros2/install/base_msgs_per/include/base_msgs_per/base_msgs_per/msg/detail/local_speeds_point__type_support.h\n'}
[0.346068] (base_msgs_per) StdoutLine: {'line': b'-- Up-to-date: /home/abc/perception_with_ros2/install/base_msgs_per/include/base_msgs_per/base_msgs_per/msg/detail/local_speeds_point__functions.h\n'}
[0.346151] (base_msgs_per) StdoutLine: {'line': b'-- Up-to-date: /home/abc/perception_with_ros2/install/base_msgs_per/include/base_msgs_per/base_msgs_per/msg/detail/local_trajectory_point__struct.h\n'}
[0.346264] (base_msgs_per) StdoutLine: {'line': b'-- Up-to-date: /home/abc/perception_with_ros2/install/base_msgs_per/include/base_msgs_per/base_msgs_per/msg/detail/local_path__functions.c\n'}
[0.346607] (base_msgs_per) StdoutLine: {'line': b'-- Up-to-date: /home/abc/perception_with_ros2/install/base_msgs_per/include/base_msgs_per/base_msgs_per/msg/detail/plot_info__functions.c\n'}
[0.346703] (base_msgs_per) StdoutLine: {'line': b'-- Up-to-date: /home/abc/perception_with_ros2/install/base_msgs_per/include/base_msgs_per/base_msgs_per/msg/detail/local_trajectory__functions.c\n'}
[0.346790] (base_msgs_per) StdoutLine: {'line': b'-- Up-to-date: /home/abc/perception_with_ros2/install/base_msgs_per/include/base_msgs_per/base_msgs_per/msg/detail/local_speeds__type_support.h\n'}
[0.346876] (base_msgs_per) StdoutLine: {'line': b'-- Up-to-date: /home/abc/perception_with_ros2/install/base_msgs_per/include/base_msgs_per/base_msgs_per/msg/detail/plot_info__type_support.h\n'}
[0.346960] (base_msgs_per) StdoutLine: {'line': b'-- Up-to-date: /home/abc/perception_with_ros2/install/base_msgs_per/include/base_msgs_per/base_msgs_per/msg/detail/referline_point__functions.c\n'}
[0.347044] (base_msgs_per) StdoutLine: {'line': b'-- Up-to-date: /home/abc/perception_with_ros2/install/base_msgs_per/include/base_msgs_per/base_msgs_per/msg/detail/local_path__type_support.h\n'}
[0.347126] (base_msgs_per) StdoutLine: {'line': b'-- Up-to-date: /home/abc/perception_with_ros2/install/base_msgs_per/include/base_msgs_per/base_msgs_per/msg/detail/plot_info__functions.h\n'}
[0.347209] (base_msgs_per) StdoutLine: {'line': b'-- Up-to-date: /home/abc/perception_with_ros2/install/base_msgs_per/include/base_msgs_per/base_msgs_per/msg/detail/pnc_map__type_support.h\n'}
[0.347478] (base_msgs_per) StdoutLine: {'line': b'-- Up-to-date: /home/abc/perception_with_ros2/install/base_msgs_per/include/base_msgs_per/base_msgs_per/msg/detail/pnc_map__functions.h\n'}
[0.347573] (base_msgs_per) StdoutLine: {'line': b'-- Up-to-date: /home/abc/perception_with_ros2/install/base_msgs_per/include/base_msgs_per/base_msgs_per/msg/detail/local_trajectory_point__type_support.h\n'}
[0.347699] (base_msgs_per) StdoutLine: {'line': b'-- Up-to-date: /home/abc/perception_with_ros2/install/base_msgs_per/include/base_msgs_per/base_msgs_per/msg/detail/local_speeds_point__functions.c\n'}
[0.347779] (base_msgs_per) StdoutLine: {'line': b'-- Up-to-date: /home/abc/perception_with_ros2/install/base_msgs_per/include/base_msgs_per/base_msgs_per/msg/detail/referline_point__functions.h\n'}
[0.347865] (base_msgs_per) StdoutLine: {'line': b'-- Up-to-date: /home/abc/perception_with_ros2/install/base_msgs_per/include/base_msgs_per/base_msgs_per/msg/referline_point.h\n'}
[0.347951] (base_msgs_per) StdoutLine: {'line': b'-- Up-to-date: /home/abc/perception_with_ros2/install/base_msgs_per/include/base_msgs_per/base_msgs_per/msg/obs_info.h\n'}
[0.348045] (base_msgs_per) StdoutLine: {'line': b'-- Up-to-date: /home/abc/perception_with_ros2/install/base_msgs_per/include/base_msgs_per/base_msgs_per/msg/referline.h\n'}
[0.348164] (base_msgs_per) StdoutLine: {'line': b'-- Up-to-date: /home/abc/perception_with_ros2/install/base_msgs_per/include/base_msgs_per/base_msgs_per/msg/local_speeds_point.h\n'}
[0.348663] (base_msgs_per) StdoutLine: {'line': b'-- Up-to-date: /home/abc/perception_with_ros2/install/base_msgs_per/include/base_msgs_per/base_msgs_per/msg/local_speeds.h\n'}
[0.348753] (base_msgs_per) StdoutLine: {'line': b'-- Up-to-date: /home/abc/perception_with_ros2/install/base_msgs_per/include/base_msgs_per/base_msgs_per/msg/local_trajectory.h\n'}
[0.348845] (base_msgs_per) StdoutLine: {'line': b'-- Up-to-date: /home/abc/perception_with_ros2/install/base_msgs_per/include/base_msgs_per/base_msgs_per/msg/local_path_point.h\n'}
[0.348932] (base_msgs_per) StdoutLine: {'line': b'-- Up-to-date: /home/abc/perception_with_ros2/install/base_msgs_per/include/base_msgs_per/base_msgs_per/srv\n'}
[0.349017] (base_msgs_per) StdoutLine: {'line': b'-- Up-to-date: /home/abc/perception_with_ros2/install/base_msgs_per/include/base_msgs_per/base_msgs_per/srv/detail\n'}
[0.349102] (base_msgs_per) StdoutLine: {'line': b'-- Up-to-date: /home/abc/perception_with_ros2/install/base_msgs_per/include/base_msgs_per/base_msgs_per/srv/detail/global_path_service__functions.h\n'}
[0.349186] (base_msgs_per) StdoutLine: {'line': b'-- Up-to-date: /home/abc/perception_with_ros2/install/base_msgs_per/include/base_msgs_per/base_msgs_per/srv/detail/pnc_map_service__struct.h\n'}
[0.349327] (base_msgs_per) StdoutLine: {'line': b'-- Up-to-date: /home/abc/perception_with_ros2/install/base_msgs_per/include/base_msgs_per/base_msgs_per/srv/detail/pnc_map_service__functions.c\n'}
[0.349443] (base_msgs_per) StdoutLine: {'line': b'-- Up-to-date: /home/abc/perception_with_ros2/install/base_msgs_per/include/base_msgs_per/base_msgs_per/srv/detail/global_path_service__type_support.h\n'}
[0.349553] (base_msgs_per) StdoutLine: {'line': b'-- Up-to-date: /home/abc/perception_with_ros2/install/base_msgs_per/include/base_msgs_per/base_msgs_per/srv/detail/global_path_service__struct.h\n'}
[0.349717] (base_msgs_per) StdoutLine: {'line': b'-- Up-to-date: /home/abc/perception_with_ros2/install/base_msgs_per/include/base_msgs_per/base_msgs_per/srv/detail/pnc_map_service__type_support.h\n'}
[0.349859] (base_msgs_per) StdoutLine: {'line': b'-- Up-to-date: /home/abc/perception_with_ros2/install/base_msgs_per/include/base_msgs_per/base_msgs_per/srv/detail/global_path_service__functions.c\n'}
[0.349938] (base_msgs_per) StdoutLine: {'line': b'-- Up-to-date: /home/abc/perception_with_ros2/install/base_msgs_per/include/base_msgs_per/base_msgs_per/srv/detail/pnc_map_service__functions.h\n'}
[0.350006] (base_msgs_per) StdoutLine: {'line': b'-- Up-to-date: /home/abc/perception_with_ros2/install/base_msgs_per/include/base_msgs_per/base_msgs_per/srv/pnc_map_service.h\n'}
[0.350073] (base_msgs_per) StdoutLine: {'line': b'-- Up-to-date: /home/abc/perception_with_ros2/install/base_msgs_per/include/base_msgs_per/base_msgs_per/srv/global_path_service.h\n'}
[0.350138] (base_msgs_per) StdoutLine: {'line': b'-- Up-to-date: /home/abc/perception_with_ros2/install/base_msgs_per/share/base_msgs_per/environment/library_path.sh\n'}
[0.350203] (base_msgs_per) StdoutLine: {'line': b'-- Up-to-date: /home/abc/perception_with_ros2/install/base_msgs_per/share/base_msgs_per/environment/library_path.dsv\n'}
[0.350303] (base_msgs_per) StdoutLine: {'line': b'-- Up-to-date: /home/abc/perception_with_ros2/install/base_msgs_per/lib/libbase_msgs_per__rosidl_generator_c.so\n'}
[0.350376] (base_msgs_per) StdoutLine: {'line': b'-- Up-to-date: /home/abc/perception_with_ros2/install/base_msgs_per/include/base_msgs_per/base_msgs_per\n'}
[0.350494] (base_msgs_per) StdoutLine: {'line': b'-- Up-to-date: /home/abc/perception_with_ros2/install/base_msgs_per/include/base_msgs_per/base_msgs_per/msg\n'}
[0.350569] (base_msgs_per) StdoutLine: {'line': b'-- Up-to-date: /home/abc/perception_with_ros2/install/base_msgs_per/include/base_msgs_per/base_msgs_per/msg/rosidl_typesupport_fastrtps_c__visibility_control.h\n'}
[0.350641] (base_msgs_per) StdoutLine: {'line': b'-- Up-to-date: /home/abc/perception_with_ros2/install/base_msgs_per/include/base_msgs_per/base_msgs_per/msg/detail\n'}
[0.350844] (base_msgs_per) StdoutLine: {'line': b'-- Up-to-date: /home/abc/perception_with_ros2/install/base_msgs_per/include/base_msgs_per/base_msgs_per/msg/detail/obs_info__rosidl_typesupport_fastrtps_c.h\n'}
[0.350923] (base_msgs_per) StdoutLine: {'line': b'-- Up-to-date: /home/abc/perception_with_ros2/install/base_msgs_per/include/base_msgs_per/base_msgs_per/msg/detail/local_trajectory_point__rosidl_typesupport_fastrtps_c.h\n'}
[0.351006] (base_msgs_per) StdoutLine: {'line': b'-- Up-to-date: /home/abc/perception_with_ros2/install/base_msgs_per/include/base_msgs_per/base_msgs_per/msg/detail/local_speeds__rosidl_typesupport_fastrtps_c.h\n'}
[0.351069] (base_msgs_per) StdoutLine: {'line': b'-- Up-to-date: /home/abc/perception_with_ros2/install/base_msgs_per/include/base_msgs_per/base_msgs_per/msg/detail/local_speeds_point__rosidl_typesupport_fastrtps_c.h\n'}
[0.351136] (base_msgs_per) StdoutLine: {'line': b'-- Up-to-date: /home/abc/perception_with_ros2/install/base_msgs_per/include/base_msgs_per/base_msgs_per/msg/detail/plot_info__rosidl_typesupport_fastrtps_c.h\n'}
[0.351201] (base_msgs_per) StdoutLine: {'line': b'-- Up-to-date: /home/abc/perception_with_ros2/install/base_msgs_per/include/base_msgs_per/base_msgs_per/msg/detail/local_trajectory__rosidl_typesupport_fastrtps_c.h\n'}
[0.351290] (base_msgs_per) StdoutLine: {'line': b'-- Up-to-date: /home/abc/perception_with_ros2/install/base_msgs_per/include/base_msgs_per/base_msgs_per/msg/detail/local_path_point__rosidl_typesupport_fastrtps_c.h\n'}
[0.351356] (base_msgs_per) StdoutLine: {'line': b'-- Up-to-date: /home/abc/perception_with_ros2/install/base_msgs_per/include/base_msgs_per/base_msgs_per/msg/detail/referline_point__rosidl_typesupport_fastrtps_c.h\n'}
[0.351417] (base_msgs_per) StdoutLine: {'line': b'-- Up-to-date: /home/abc/perception_with_ros2/install/base_msgs_per/include/base_msgs_per/base_msgs_per/msg/detail/pnc_map__rosidl_typesupport_fastrtps_c.h\n'}
[0.351477] (base_msgs_per) StdoutLine: {'line': b'-- Up-to-date: /home/abc/perception_with_ros2/install/base_msgs_per/include/base_msgs_per/base_msgs_per/msg/detail/referline__rosidl_typesupport_fastrtps_c.h\n'}
[0.351538] (base_msgs_per) StdoutLine: {'line': b'-- Up-to-date: /home/abc/perception_with_ros2/install/base_msgs_per/include/base_msgs_per/base_msgs_per/msg/detail/local_path__rosidl_typesupport_fastrtps_c.h\n'}
[0.351599] (base_msgs_per) StdoutLine: {'line': b'-- Up-to-date: /home/abc/perception_with_ros2/install/base_msgs_per/include/base_msgs_per/base_msgs_per/srv\n'}
[0.351660] (base_msgs_per) StdoutLine: {'line': b'-- Up-to-date: /home/abc/perception_with_ros2/install/base_msgs_per/include/base_msgs_per/base_msgs_per/srv/detail\n'}
[0.351721] (base_msgs_per) StdoutLine: {'line': b'-- Up-to-date: /home/abc/perception_with_ros2/install/base_msgs_per/include/base_msgs_per/base_msgs_per/srv/detail/pnc_map_service__rosidl_typesupport_fastrtps_c.h\n'}
[0.351782] (base_msgs_per) StdoutLine: {'line': b'-- Up-to-date: /home/abc/perception_with_ros2/install/base_msgs_per/include/base_msgs_per/base_msgs_per/srv/detail/global_path_service__rosidl_typesupport_fastrtps_c.h\n'}
[0.351844] (base_msgs_per) StdoutLine: {'line': b'-- Up-to-date: /home/abc/perception_with_ros2/install/base_msgs_per/lib/libbase_msgs_per__rosidl_typesupport_fastrtps_c.so\n'}
[0.351911] (base_msgs_per) StdoutLine: {'line': b'-- Up-to-date: /home/abc/perception_with_ros2/install/base_msgs_per/include/base_msgs_per/base_msgs_per\n'}
[0.351973] (base_msgs_per) StdoutLine: {'line': b'-- Up-to-date: /home/abc/perception_with_ros2/install/base_msgs_per/include/base_msgs_per/base_msgs_per/msg\n'}
[0.352034] (base_msgs_per) StdoutLine: {'line': b'-- Up-to-date: /home/abc/perception_with_ros2/install/base_msgs_per/include/base_msgs_per/base_msgs_per/msg/rosidl_typesupport_introspection_c__visibility_control.h\n'}
[0.352096] (base_msgs_per) StdoutLine: {'line': b'-- Up-to-date: /home/abc/perception_with_ros2/install/base_msgs_per/include/base_msgs_per/base_msgs_per/msg/detail\n'}
[0.352158] (base_msgs_per) StdoutLine: {'line': b'-- Up-to-date: /home/abc/perception_with_ros2/install/base_msgs_per/include/base_msgs_per/base_msgs_per/msg/detail/local_trajectory__type_support.c\n'}
[0.352223] (base_msgs_per) StdoutLine: {'line': b'-- Up-to-date: /home/abc/perception_with_ros2/install/base_msgs_per/include/base_msgs_per/base_msgs_per/msg/detail/local_path_point__rosidl_typesupport_introspection_c.h\n'}
[0.352297] (base_msgs_per) StdoutLine: {'line': b'-- Up-to-date: /home/abc/perception_with_ros2/install/base_msgs_per/include/base_msgs_per/base_msgs_per/msg/detail/local_speeds_point__type_support.c\n'}
[0.352359] (base_msgs_per) StdoutLine: {'line': b'-- Up-to-date: /home/abc/perception_with_ros2/install/base_msgs_per/include/base_msgs_per/base_msgs_per/msg/detail/referline__type_support.c\n'}
[0.352419] (base_msgs_per) StdoutLine: {'line': b'-- Up-to-date: /home/abc/perception_with_ros2/install/base_msgs_per/include/base_msgs_per/base_msgs_per/msg/detail/pnc_map__rosidl_typesupport_introspection_c.h\n'}
[0.352479] (base_msgs_per) StdoutLine: {'line': b'-- Up-to-date: /home/abc/perception_with_ros2/install/base_msgs_per/include/base_msgs_per/base_msgs_per/msg/detail/local_speeds_point__rosidl_typesupport_introspection_c.h\n'}
[0.352539] (base_msgs_per) StdoutLine: {'line': b'-- Up-to-date: /home/abc/perception_with_ros2/install/base_msgs_per/include/base_msgs_per/base_msgs_per/msg/detail/local_trajectory__rosidl_typesupport_introspection_c.h\n'}
[0.352599] (base_msgs_per) StdoutLine: {'line': b'-- Up-to-date: /home/abc/perception_with_ros2/install/base_msgs_per/include/base_msgs_per/base_msgs_per/msg/detail/local_speeds__type_support.c\n'}
[0.352658] (base_msgs_per) StdoutLine: {'line': b'-- Up-to-date: /home/abc/perception_with_ros2/install/base_msgs_per/include/base_msgs_per/base_msgs_per/msg/detail/referline_point__type_support.c\n'}
[0.352718] (base_msgs_per) StdoutLine: {'line': b'-- Up-to-date: /home/abc/perception_with_ros2/install/base_msgs_per/include/base_msgs_per/base_msgs_per/msg/detail/referline_point__rosidl_typesupport_introspection_c.h\n'}
[0.352785] (base_msgs_per) StdoutLine: {'line': b'-- Up-to-date: /home/abc/perception_with_ros2/install/base_msgs_per/include/base_msgs_per/base_msgs_per/msg/detail/pnc_map__type_support.c\n'}
[0.352844] (base_msgs_per) StdoutLine: {'line': b'-- Up-to-date: /home/abc/perception_with_ros2/install/base_msgs_per/include/base_msgs_per/base_msgs_per/msg/detail/referline__rosidl_typesupport_introspection_c.h\n'}
[0.352903] (base_msgs_per) StdoutLine: {'line': b'-- Up-to-date: /home/abc/perception_with_ros2/install/base_msgs_per/include/base_msgs_per/base_msgs_per/msg/detail/local_trajectory_point__rosidl_typesupport_introspection_c.h\n'}
[0.352962] (base_msgs_per) StdoutLine: {'line': b'-- Up-to-date: /home/abc/perception_with_ros2/install/base_msgs_per/include/base_msgs_per/base_msgs_per/msg/detail/obs_info__rosidl_typesupport_introspection_c.h\n'}
[0.353022] (base_msgs_per) StdoutLine: {'line': b'-- Up-to-date: /home/abc/perception_with_ros2/install/base_msgs_per/include/base_msgs_per/base_msgs_per/msg/detail/obs_info__type_support.c\n'}
[0.353080] (base_msgs_per) StdoutLine: {'line': b'-- Up-to-date: /home/abc/perception_with_ros2/install/base_msgs_per/include/base_msgs_per/base_msgs_per/msg/detail/local_path__type_support.c\n'}
[0.353141] (base_msgs_per) StdoutLine: {'line': b'-- Up-to-date: /home/abc/perception_with_ros2/install/base_msgs_per/include/base_msgs_per/base_msgs_per/msg/detail/local_path_point__type_support.c\n'}
[0.353200] (base_msgs_per) StdoutLine: {'line': b'-- Up-to-date: /home/abc/perception_with_ros2/install/base_msgs_per/include/base_msgs_per/base_msgs_per/msg/detail/local_trajectory_point__type_support.c\n'}
[0.353269] (base_msgs_per) StdoutLine: {'line': b'-- Up-to-date: /home/abc/perception_with_ros2/install/base_msgs_per/include/base_msgs_per/base_msgs_per/msg/detail/plot_info__type_support.c\n'}
[0.353334] (base_msgs_per) StdoutLine: {'line': b'-- Up-to-date: /home/abc/perception_with_ros2/install/base_msgs_per/include/base_msgs_per/base_msgs_per/msg/detail/local_speeds__rosidl_typesupport_introspection_c.h\n'}
[0.353394] (base_msgs_per) StdoutLine: {'line': b'-- Up-to-date: /home/abc/perception_with_ros2/install/base_msgs_per/include/base_msgs_per/base_msgs_per/msg/detail/local_path__rosidl_typesupport_introspection_c.h\n'}
[0.353459] (base_msgs_per) StdoutLine: {'line': b'-- Up-to-date: /home/abc/perception_with_ros2/install/base_msgs_per/include/base_msgs_per/base_msgs_per/msg/detail/plot_info__rosidl_typesupport_introspection_c.h\n'}
[0.353521] (base_msgs_per) StdoutLine: {'line': b'-- Up-to-date: /home/abc/perception_with_ros2/install/base_msgs_per/include/base_msgs_per/base_msgs_per/srv\n'}
[0.353582] (base_msgs_per) StdoutLine: {'line': b'-- Up-to-date: /home/abc/perception_with_ros2/install/base_msgs_per/include/base_msgs_per/base_msgs_per/srv/detail\n'}
[0.353641] (base_msgs_per) StdoutLine: {'line': b'-- Up-to-date: /home/abc/perception_with_ros2/install/base_msgs_per/include/base_msgs_per/base_msgs_per/srv/detail/global_path_service__type_support.c\n'}
[0.353701] (base_msgs_per) StdoutLine: {'line': b'-- Up-to-date: /home/abc/perception_with_ros2/install/base_msgs_per/include/base_msgs_per/base_msgs_per/srv/detail/global_path_service__rosidl_typesupport_introspection_c.h\n'}
[0.353761] (base_msgs_per) StdoutLine: {'line': b'-- Up-to-date: /home/abc/perception_with_ros2/install/base_msgs_per/include/base_msgs_per/base_msgs_per/srv/detail/pnc_map_service__rosidl_typesupport_introspection_c.h\n'}
[0.353822] (base_msgs_per) StdoutLine: {'line': b'-- Up-to-date: /home/abc/perception_with_ros2/install/base_msgs_per/include/base_msgs_per/base_msgs_per/srv/detail/pnc_map_service__type_support.c\n'}
[0.353884] (base_msgs_per) StdoutLine: {'line': b'-- Up-to-date: /home/abc/perception_with_ros2/install/base_msgs_per/lib/libbase_msgs_per__rosidl_typesupport_introspection_c.so\n'}
[0.353944] (base_msgs_per) StdoutLine: {'line': b'-- Up-to-date: /home/abc/perception_with_ros2/install/base_msgs_per/lib/libbase_msgs_per__rosidl_typesupport_c.so\n'}
[0.354003] (base_msgs_per) StdoutLine: {'line': b'-- Up-to-date: /home/abc/perception_with_ros2/install/base_msgs_per/include/base_msgs_per/base_msgs_per\n'}
[0.354063] (base_msgs_per) StdoutLine: {'line': b'-- Up-to-date: /home/abc/perception_with_ros2/install/base_msgs_per/include/base_msgs_per/base_msgs_per/msg\n'}
[0.354124] (base_msgs_per) StdoutLine: {'line': b'-- Up-to-date: /home/abc/perception_with_ros2/install/base_msgs_per/include/base_msgs_per/base_msgs_per/msg/local_speeds.hpp\n'}
[0.354184] (base_msgs_per) StdoutLine: {'line': b'-- Up-to-date: /home/abc/perception_with_ros2/install/base_msgs_per/include/base_msgs_per/base_msgs_per/msg/local_path_point.hpp\n'}
[0.354250] (base_msgs_per) StdoutLine: {'line': b'-- Up-to-date: /home/abc/perception_with_ros2/install/base_msgs_per/include/base_msgs_per/base_msgs_per/msg/detail\n'}
[0.354318] (base_msgs_per) StdoutLine: {'line': b'-- Up-to-date: /home/abc/perception_with_ros2/install/base_msgs_per/include/base_msgs_per/base_msgs_per/msg/detail/pnc_map__traits.hpp\n'}
[0.354377] (base_msgs_per) StdoutLine: {'line': b'-- Up-to-date: /home/abc/perception_with_ros2/install/base_msgs_per/include/base_msgs_per/base_msgs_per/msg/detail/local_trajectory_point__type_support.hpp\n'}
[0.354437] (base_msgs_per) StdoutLine: {'line': b'-- Up-to-date: /home/abc/perception_with_ros2/install/base_msgs_per/include/base_msgs_per/base_msgs_per/msg/detail/obs_info__builder.hpp\n'}
[0.354497] (base_msgs_per) StdoutLine: {'line': b'-- Up-to-date: /home/abc/perception_with_ros2/install/base_msgs_per/include/base_msgs_per/base_msgs_per/msg/detail/referline_point__type_support.hpp\n'}
[0.354565] (base_msgs_per) StdoutLine: {'line': b'-- Up-to-date: /home/abc/perception_with_ros2/install/base_msgs_per/include/base_msgs_per/base_msgs_per/msg/detail/local_path__struct.hpp\n'}
[0.354625] (base_msgs_per) StdoutLine: {'line': b'-- Up-to-date: /home/abc/perception_with_ros2/install/base_msgs_per/include/base_msgs_per/base_msgs_per/msg/detail/plot_info__struct.hpp\n'}
[0.354686] (base_msgs_per) StdoutLine: {'line': b'-- Up-to-date: /home/abc/perception_with_ros2/install/base_msgs_per/include/base_msgs_per/base_msgs_per/msg/detail/pnc_map__builder.hpp\n'}
[0.354752] (base_msgs_per) StdoutLine: {'line': b'-- Up-to-date: /home/abc/perception_with_ros2/install/base_msgs_per/include/base_msgs_per/base_msgs_per/msg/detail/plot_info__builder.hpp\n'}
[0.354813] (base_msgs_per) StdoutLine: {'line': b'-- Up-to-date: /home/abc/perception_with_ros2/install/base_msgs_per/include/base_msgs_per/base_msgs_per/msg/detail/referline__traits.hpp\n'}
[0.354874] (base_msgs_per) StdoutLine: {'line': b'-- Up-to-date: /home/abc/perception_with_ros2/install/base_msgs_per/include/base_msgs_per/base_msgs_per/msg/detail/local_speeds_point__struct.hpp\n'}
[0.354934] (base_msgs_per) StdoutLine: {'line': b'-- Up-to-date: /home/abc/perception_with_ros2/install/base_msgs_per/include/base_msgs_per/base_msgs_per/msg/detail/local_trajectory__type_support.hpp\n'}
[0.355000] (base_msgs_per) StdoutLine: {'line': b'-- Up-to-date: /home/abc/perception_with_ros2/install/base_msgs_per/include/base_msgs_per/base_msgs_per/msg/detail/local_path_point__struct.hpp\n'}
[0.355082] (base_msgs_per) StdoutLine: {'line': b'-- Up-to-date: /home/abc/perception_with_ros2/install/base_msgs_per/include/base_msgs_per/base_msgs_per/msg/detail/local_speeds__builder.hpp\n'}
[0.355170] (base_msgs_per) StdoutLine: {'line': b'-- Up-to-date: /home/abc/perception_with_ros2/install/base_msgs_per/include/base_msgs_per/base_msgs_per/msg/detail/local_path__traits.hpp\n'}
[0.355284] (base_msgs_per) StdoutLine: {'line': b'-- Up-to-date: /home/abc/perception_with_ros2/install/base_msgs_per/include/base_msgs_per/base_msgs_per/msg/detail/local_trajectory__struct.hpp\n'}
[0.355403] (base_msgs_per) StdoutLine: {'line': b'-- Up-to-date: /home/abc/perception_with_ros2/install/base_msgs_per/include/base_msgs_per/base_msgs_per/msg/detail/local_speeds_point__traits.hpp\n'}
[0.355489] (base_msgs_per) StdoutLine: {'line': b'-- Up-to-date: /home/abc/perception_with_ros2/install/base_msgs_per/include/base_msgs_per/base_msgs_per/msg/detail/local_speeds_point__type_support.hpp\n'}
[0.355551] (base_msgs_per) StdoutLine: {'line': b'-- Up-to-date: /home/abc/perception_with_ros2/install/base_msgs_per/include/base_msgs_per/base_msgs_per/msg/detail/local_path__builder.hpp\n'}
[0.355611] (base_msgs_per) StdoutLine: {'line': b'-- Up-to-date: /home/abc/perception_with_ros2/install/base_msgs_per/include/base_msgs_per/base_msgs_per/msg/detail/plot_info__type_support.hpp\n'}
[0.355681] (base_msgs_per) StdoutLine: {'line': b'-- Up-to-date: /home/abc/perception_with_ros2/install/base_msgs_per/include/base_msgs_per/base_msgs_per/msg/detail/referline_point__builder.hpp\n'}
[0.355753] (base_msgs_per) StdoutLine: {'line': b'-- Up-to-date: /home/abc/perception_with_ros2/install/base_msgs_per/include/base_msgs_per/base_msgs_per/msg/detail/obs_info__type_support.hpp\n'}
[0.355814] (base_msgs_per) StdoutLine: {'line': b'-- Up-to-date: /home/abc/perception_with_ros2/install/base_msgs_per/include/base_msgs_per/base_msgs_per/msg/detail/referline__builder.hpp\n'}
[0.355874] (base_msgs_per) StdoutLine: {'line': b'-- Up-to-date: /home/abc/perception_with_ros2/install/base_msgs_per/include/base_msgs_per/base_msgs_per/msg/detail/pnc_map__struct.hpp\n'}
[0.355935] (base_msgs_per) StdoutLine: {'line': b'-- Up-to-date: /home/abc/perception_with_ros2/install/base_msgs_per/include/base_msgs_per/base_msgs_per/msg/detail/local_path_point__traits.hpp\n'}
[0.355995] (base_msgs_per) StdoutLine: {'line': b'-- Up-to-date: /home/abc/perception_with_ros2/install/base_msgs_per/include/base_msgs_per/base_msgs_per/msg/detail/local_speeds__type_support.hpp\n'}
[0.356055] (base_msgs_per) StdoutLine: {'line': b'-- Up-to-date: /home/abc/perception_with_ros2/install/base_msgs_per/include/base_msgs_per/base_msgs_per/msg/detail/obs_info__traits.hpp\n'}
[0.356122] (base_msgs_per) StdoutLine: {'line': b'-- Up-to-date: /home/abc/perception_with_ros2/install/base_msgs_per/include/base_msgs_per/base_msgs_per/msg/detail/local_trajectory__builder.hpp\n'}
[0.356224] (base_msgs_per) StdoutLine: {'line': b'-- Up-to-date: /home/abc/perception_with_ros2/install/base_msgs_per/include/base_msgs_per/base_msgs_per/msg/detail/local_trajectory__traits.hpp\n'}
[0.356355] (base_msgs_per) StdoutLine: {'line': b'-- Up-to-date: /home/abc/perception_with_ros2/install/base_msgs_per/include/base_msgs_per/base_msgs_per/msg/detail/referline__struct.hpp\n'}
[0.356468] (base_msgs_per) StdoutLine: {'line': b'-- Up-to-date: /home/abc/perception_with_ros2/install/base_msgs_per/include/base_msgs_per/base_msgs_per/msg/detail/referline__type_support.hpp\n'}
[0.356564] (base_msgs_per) StdoutLine: {'line': b'-- Up-to-date: /home/abc/perception_with_ros2/install/base_msgs_per/include/base_msgs_per/base_msgs_per/msg/detail/referline_point__struct.hpp\n'}
[0.356629] (base_msgs_per) StdoutLine: {'line': b'-- Up-to-date: /home/abc/perception_with_ros2/install/base_msgs_per/include/base_msgs_per/base_msgs_per/msg/detail/plot_info__traits.hpp\n'}
[0.356701] (base_msgs_per) StdoutLine: {'line': b'-- Up-to-date: /home/abc/perception_with_ros2/install/base_msgs_per/include/base_msgs_per/base_msgs_per/msg/detail/local_trajectory_point__builder.hpp\n'}
[0.356763] (base_msgs_per) StdoutLine: {'line': b'-- Up-to-date: /home/abc/perception_with_ros2/install/base_msgs_per/include/base_msgs_per/base_msgs_per/msg/detail/local_speeds__traits.hpp\n'}
[0.356823] (base_msgs_per) StdoutLine: {'line': b'-- Up-to-date: /home/abc/perception_with_ros2/install/base_msgs_per/include/base_msgs_per/base_msgs_per/msg/detail/local_trajectory_point__traits.hpp\n'}
[0.356883] (base_msgs_per) StdoutLine: {'line': b'-- Up-to-date: /home/abc/perception_with_ros2/install/base_msgs_per/include/base_msgs_per/base_msgs_per/msg/detail/local_path__type_support.hpp\n'}
[0.356950] (base_msgs_per) StdoutLine: {'line': b'-- Up-to-date: /home/abc/perception_with_ros2/install/base_msgs_per/include/base_msgs_per/base_msgs_per/msg/detail/local_path_point__type_support.hpp\n'}
[0.357022] (base_msgs_per) StdoutLine: {'line': b'-- Up-to-date: /home/abc/perception_with_ros2/install/base_msgs_per/include/base_msgs_per/base_msgs_per/msg/detail/local_trajectory_point__struct.hpp\n'}
[0.357089] (base_msgs_per) StdoutLine: {'line': b'-- Up-to-date: /home/abc/perception_with_ros2/install/base_msgs_per/include/base_msgs_per/base_msgs_per/msg/detail/obs_info__struct.hpp\n'}
[0.357152] (base_msgs_per) StdoutLine: {'line': b'-- Up-to-date: /home/abc/perception_with_ros2/install/base_msgs_per/include/base_msgs_per/base_msgs_per/msg/detail/referline_point__traits.hpp\n'}
[0.357219] (base_msgs_per) StdoutLine: {'line': b'-- Up-to-date: /home/abc/perception_with_ros2/install/base_msgs_per/include/base_msgs_per/base_msgs_per/msg/detail/local_speeds_point__builder.hpp\n'}
[0.357309] (base_msgs_per) StdoutLine: {'line': b'-- Up-to-date: /home/abc/perception_with_ros2/install/base_msgs_per/include/base_msgs_per/base_msgs_per/msg/detail/pnc_map__type_support.hpp\n'}
[0.357385] (base_msgs_per) StdoutLine: {'line': b'-- Up-to-date: /home/abc/perception_with_ros2/install/base_msgs_per/include/base_msgs_per/base_msgs_per/msg/detail/local_speeds__struct.hpp\n'}
[0.357449] (base_msgs_per) StdoutLine: {'line': b'-- Up-to-date: /home/abc/perception_with_ros2/install/base_msgs_per/include/base_msgs_per/base_msgs_per/msg/detail/local_path_point__builder.hpp\n'}
[0.357513] (base_msgs_per) StdoutLine: {'line': b'-- Up-to-date: /home/abc/perception_with_ros2/install/base_msgs_per/include/base_msgs_per/base_msgs_per/msg/local_path.hpp\n'}
[0.357584] (base_msgs_per) StdoutLine: {'line': b'-- Up-to-date: /home/abc/perception_with_ros2/install/base_msgs_per/include/base_msgs_per/base_msgs_per/msg/rosidl_generator_cpp__visibility_control.hpp\n'}
[0.357651] (base_msgs_per) StdoutLine: {'line': b'-- Up-to-date: /home/abc/perception_with_ros2/install/base_msgs_per/include/base_msgs_per/base_msgs_per/msg/referline.hpp\n'}
[0.357715] (base_msgs_per) StdoutLine: {'line': b'-- Up-to-date: /home/abc/perception_with_ros2/install/base_msgs_per/include/base_msgs_per/base_msgs_per/msg/local_trajectory_point.hpp\n'}
[0.357779] (base_msgs_per) StdoutLine: {'line': b'-- Up-to-date: /home/abc/perception_with_ros2/install/base_msgs_per/include/base_msgs_per/base_msgs_per/msg/obs_info.hpp\n'}
[0.357849] (base_msgs_per) StdoutLine: {'line': b'-- Up-to-date: /home/abc/perception_with_ros2/install/base_msgs_per/include/base_msgs_per/base_msgs_per/msg/plot_info.hpp\n'}
[0.357911] (base_msgs_per) StdoutLine: {'line': b'-- Up-to-date: /home/abc/perception_with_ros2/install/base_msgs_per/include/base_msgs_per/base_msgs_per/msg/local_trajectory.hpp\n'}
[0.357971] (base_msgs_per) StdoutLine: {'line': b'-- Up-to-date: /home/abc/perception_with_ros2/install/base_msgs_per/include/base_msgs_per/base_msgs_per/msg/local_speeds_point.hpp\n'}
[0.358032] (base_msgs_per) StdoutLine: {'line': b'-- Up-to-date: /home/abc/perception_with_ros2/install/base_msgs_per/include/base_msgs_per/base_msgs_per/msg/pnc_map.hpp\n'}
[0.358092] (base_msgs_per) StdoutLine: {'line': b'-- Up-to-date: /home/abc/perception_with_ros2/install/base_msgs_per/include/base_msgs_per/base_msgs_per/msg/referline_point.hpp\n'}
[0.358152] (base_msgs_per) StdoutLine: {'line': b'-- Up-to-date: /home/abc/perception_with_ros2/install/base_msgs_per/include/base_msgs_per/base_msgs_per/srv\n'}
[0.358213] (base_msgs_per) StdoutLine: {'line': b'-- Up-to-date: /home/abc/perception_with_ros2/install/base_msgs_per/include/base_msgs_per/base_msgs_per/srv/pnc_map_service.hpp\n'}
[0.358296] (base_msgs_per) StdoutLine: {'line': b'-- Up-to-date: /home/abc/perception_with_ros2/install/base_msgs_per/include/base_msgs_per/base_msgs_per/srv/detail\n'}
[0.358361] (base_msgs_per) StdoutLine: {'line': b'-- Up-to-date: /home/abc/perception_with_ros2/install/base_msgs_per/include/base_msgs_per/base_msgs_per/srv/detail/global_path_service__builder.hpp\n'}
[0.358422] (base_msgs_per) StdoutLine: {'line': b'-- Up-to-date: /home/abc/perception_with_ros2/install/base_msgs_per/include/base_msgs_per/base_msgs_per/srv/detail/pnc_map_service__traits.hpp\n'}
[0.358484] (base_msgs_per) StdoutLine: {'line': b'-- Up-to-date: /home/abc/perception_with_ros2/install/base_msgs_per/include/base_msgs_per/base_msgs_per/srv/detail/pnc_map_service__type_support.hpp\n'}
[0.358546] (base_msgs_per) StdoutLine: {'line': b'-- Up-to-date: /home/abc/perception_with_ros2/install/base_msgs_per/include/base_msgs_per/base_msgs_per/srv/detail/global_path_service__struct.hpp\n'}
[0.358612] (base_msgs_per) StdoutLine: {'line': b'-- Up-to-date: /home/abc/perception_with_ros2/install/base_msgs_per/include/base_msgs_per/base_msgs_per/srv/detail/pnc_map_service__builder.hpp\n'}
[0.358684] (base_msgs_per) StdoutLine: {'line': b'-- Up-to-date: /home/abc/perception_with_ros2/install/base_msgs_per/include/base_msgs_per/base_msgs_per/srv/detail/global_path_service__type_support.hpp\n'}
[0.358745] (base_msgs_per) StdoutLine: {'line': b'-- Up-to-date: /home/abc/perception_with_ros2/install/base_msgs_per/include/base_msgs_per/base_msgs_per/srv/detail/global_path_service__traits.hpp\n'}
[0.358804] (base_msgs_per) StdoutLine: {'line': b'-- Up-to-date: /home/abc/perception_with_ros2/install/base_msgs_per/include/base_msgs_per/base_msgs_per/srv/detail/pnc_map_service__struct.hpp\n'}
[0.358862] (base_msgs_per) StdoutLine: {'line': b'-- Up-to-date: /home/abc/perception_with_ros2/install/base_msgs_per/include/base_msgs_per/base_msgs_per/srv/global_path_service.hpp\n'}
[0.358921] (base_msgs_per) StdoutLine: {'line': b'-- Up-to-date: /home/abc/perception_with_ros2/install/base_msgs_per/include/base_msgs_per/base_msgs_per\n'}
[0.358979] (base_msgs_per) StdoutLine: {'line': b'-- Up-to-date: /home/abc/perception_with_ros2/install/base_msgs_per/include/base_msgs_per/base_msgs_per/msg\n'}
[0.359038] (base_msgs_per) StdoutLine: {'line': b'-- Up-to-date: /home/abc/perception_with_ros2/install/base_msgs_per/include/base_msgs_per/base_msgs_per/msg/detail\n'}
[0.359097] (base_msgs_per) StdoutLine: {'line': b'-- Up-to-date: /home/abc/perception_with_ros2/install/base_msgs_per/include/base_msgs_per/base_msgs_per/msg/detail/local_path__rosidl_typesupport_fastrtps_cpp.hpp\n'}
[0.359160] (base_msgs_per) StdoutLine: {'line': b'-- Up-to-date: /home/abc/perception_with_ros2/install/base_msgs_per/include/base_msgs_per/base_msgs_per/msg/detail/referline__rosidl_typesupport_fastrtps_cpp.hpp\n'}
[0.359223] (base_msgs_per) StdoutLine: {'line': b'-- Up-to-date: /home/abc/perception_with_ros2/install/base_msgs_per/include/base_msgs_per/base_msgs_per/msg/detail/local_trajectory__rosidl_typesupport_fastrtps_cpp.hpp\n'}
[0.359300] (base_msgs_per) StdoutLine: {'line': b'-- Up-to-date: /home/abc/perception_with_ros2/install/base_msgs_per/include/base_msgs_per/base_msgs_per/msg/detail/local_trajectory_point__rosidl_typesupport_fastrtps_cpp.hpp\n'}
[0.359363] (base_msgs_per) StdoutLine: {'line': b'-- Up-to-date: /home/abc/perception_with_ros2/install/base_msgs_per/include/base_msgs_per/base_msgs_per/msg/detail/obs_info__rosidl_typesupport_fastrtps_cpp.hpp\n'}
[0.359422] (base_msgs_per) StdoutLine: {'line': b'-- Up-to-date: /home/abc/perception_with_ros2/install/base_msgs_per/include/base_msgs_per/base_msgs_per/msg/detail/local_path_point__rosidl_typesupport_fastrtps_cpp.hpp\n'}
[0.359481] (base_msgs_per) StdoutLine: {'line': b'-- Up-to-date: /home/abc/perception_with_ros2/install/base_msgs_per/include/base_msgs_per/base_msgs_per/msg/detail/referline_point__rosidl_typesupport_fastrtps_cpp.hpp\n'}
[0.359541] (base_msgs_per) StdoutLine: {'line': b'-- Up-to-date: /home/abc/perception_with_ros2/install/base_msgs_per/include/base_msgs_per/base_msgs_per/msg/detail/pnc_map__rosidl_typesupport_fastrtps_cpp.hpp\n'}
[0.359603] (base_msgs_per) StdoutLine: {'line': b'-- Up-to-date: /home/abc/perception_with_ros2/install/base_msgs_per/include/base_msgs_per/base_msgs_per/msg/detail/local_speeds__rosidl_typesupport_fastrtps_cpp.hpp\n'}
[0.359663] (base_msgs_per) StdoutLine: {'line': b'-- Up-to-date: /home/abc/perception_with_ros2/install/base_msgs_per/include/base_msgs_per/base_msgs_per/msg/detail/dds_fastrtps\n'}
[0.359722] (base_msgs_per) StdoutLine: {'line': b'-- Up-to-date: /home/abc/perception_with_ros2/install/base_msgs_per/include/base_msgs_per/base_msgs_per/msg/detail/local_speeds_point__rosidl_typesupport_fastrtps_cpp.hpp\n'}
[0.359782] (base_msgs_per) StdoutLine: {'line': b'-- Up-to-date: /home/abc/perception_with_ros2/install/base_msgs_per/include/base_msgs_per/base_msgs_per/msg/detail/plot_info__rosidl_typesupport_fastrtps_cpp.hpp\n'}
[0.359840] (base_msgs_per) StdoutLine: {'line': b'-- Up-to-date: /home/abc/perception_with_ros2/install/base_msgs_per/include/base_msgs_per/base_msgs_per/msg/rosidl_typesupport_fastrtps_cpp__visibility_control.h\n'}
[0.359899] (base_msgs_per) StdoutLine: {'line': b'-- Up-to-date: /home/abc/perception_with_ros2/install/base_msgs_per/include/base_msgs_per/base_msgs_per/srv\n'}
[0.359958] (base_msgs_per) StdoutLine: {'line': b'-- Up-to-date: /home/abc/perception_with_ros2/install/base_msgs_per/include/base_msgs_per/base_msgs_per/srv/detail\n'}
[0.360016] (base_msgs_per) StdoutLine: {'line': b'-- Up-to-date: /home/abc/perception_with_ros2/install/base_msgs_per/include/base_msgs_per/base_msgs_per/srv/detail/global_path_service__rosidl_typesupport_fastrtps_cpp.hpp\n'}
[0.360075] (base_msgs_per) StdoutLine: {'line': b'-- Up-to-date: /home/abc/perception_with_ros2/install/base_msgs_per/include/base_msgs_per/base_msgs_per/srv/detail/pnc_map_service__rosidl_typesupport_fastrtps_cpp.hpp\n'}
[0.360134] (base_msgs_per) StdoutLine: {'line': b'-- Up-to-date: /home/abc/perception_with_ros2/install/base_msgs_per/include/base_msgs_per/base_msgs_per/srv/detail/dds_fastrtps\n'}
[0.360193] (base_msgs_per) StdoutLine: {'line': b'-- Up-to-date: /home/abc/perception_with_ros2/install/base_msgs_per/lib/libbase_msgs_per__rosidl_typesupport_fastrtps_cpp.so\n'}
[0.360262] (base_msgs_per) StdoutLine: {'line': b'-- Up-to-date: /home/abc/perception_with_ros2/install/base_msgs_per/include/base_msgs_per/base_msgs_per\n'}
[0.360326] (base_msgs_per) StdoutLine: {'line': b'-- Up-to-date: /home/abc/perception_with_ros2/install/base_msgs_per/include/base_msgs_per/base_msgs_per/msg\n'}
[0.360386] (base_msgs_per) StdoutLine: {'line': b'-- Up-to-date: /home/abc/perception_with_ros2/install/base_msgs_per/include/base_msgs_per/base_msgs_per/msg/detail\n'}
[0.360455] (base_msgs_per) StdoutLine: {'line': b'-- Up-to-date: /home/abc/perception_with_ros2/install/base_msgs_per/include/base_msgs_per/base_msgs_per/msg/detail/local_trajectory__type_support.cpp\n'}
[0.360515] (base_msgs_per) StdoutLine: {'line': b'-- Up-to-date: /home/abc/perception_with_ros2/install/base_msgs_per/include/base_msgs_per/base_msgs_per/msg/detail/local_speeds_point__type_support.cpp\n'}
[0.360587] (base_msgs_per) StdoutLine: {'line': b'-- Up-to-date: /home/abc/perception_with_ros2/install/base_msgs_per/include/base_msgs_per/base_msgs_per/msg/detail/local_speeds_point__rosidl_typesupport_introspection_cpp.hpp\n'}
[0.360647] (base_msgs_per) StdoutLine: {'line': b'-- Up-to-date: /home/abc/perception_with_ros2/install/base_msgs_per/include/base_msgs_per/base_msgs_per/msg/detail/pnc_map__type_support.cpp\n'}
[0.360707] (base_msgs_per) StdoutLine: {'line': b'-- Up-to-date: /home/abc/perception_with_ros2/install/base_msgs_per/include/base_msgs_per/base_msgs_per/msg/detail/referline__type_support.cpp\n'}
[0.360772] (base_msgs_per) StdoutLine: {'line': b'-- Up-to-date: /home/abc/perception_with_ros2/install/base_msgs_per/include/base_msgs_per/base_msgs_per/msg/detail/obs_info__rosidl_typesupport_introspection_cpp.hpp\n'}
[0.360832] (base_msgs_per) StdoutLine: {'line': b'-- Up-to-date: /home/abc/perception_with_ros2/install/base_msgs_per/include/base_msgs_per/base_msgs_per/msg/detail/referline__rosidl_typesupport_introspection_cpp.hpp\n'}
[0.360891] (base_msgs_per) StdoutLine: {'line': b'-- Up-to-date: /home/abc/perception_with_ros2/install/base_msgs_per/include/base_msgs_per/base_msgs_per/msg/detail/local_speeds__type_support.cpp\n'}
[0.360951] (base_msgs_per) StdoutLine: {'line': b'-- Up-to-date: /home/abc/perception_with_ros2/install/base_msgs_per/include/base_msgs_per/base_msgs_per/msg/detail/local_trajectory_point__rosidl_typesupport_introspection_cpp.hpp\n'}
[0.361012] (base_msgs_per) StdoutLine: {'line': b'-- Up-to-date: /home/abc/perception_with_ros2/install/base_msgs_per/include/base_msgs_per/base_msgs_per/msg/detail/plot_info__type_support.cpp\n'}
[0.361072] (base_msgs_per) StdoutLine: {'line': b'-- Up-to-date: /home/abc/perception_with_ros2/install/base_msgs_per/include/base_msgs_per/base_msgs_per/msg/detail/local_path__rosidl_typesupport_introspection_cpp.hpp\n'}
[0.361131] (base_msgs_per) StdoutLine: {'line': b'-- Up-to-date: /home/abc/perception_with_ros2/install/base_msgs_per/include/base_msgs_per/base_msgs_per/msg/detail/local_path_point__type_support.cpp\n'}
[0.361191] (base_msgs_per) StdoutLine: {'line': b'-- Up-to-date: /home/abc/perception_with_ros2/install/base_msgs_per/include/base_msgs_per/base_msgs_per/msg/detail/pnc_map__rosidl_typesupport_introspection_cpp.hpp\n'}
[0.361262] (base_msgs_per) StdoutLine: {'line': b'-- Up-to-date: /home/abc/perception_with_ros2/install/base_msgs_per/include/base_msgs_per/base_msgs_per/msg/detail/plot_info__rosidl_typesupport_introspection_cpp.hpp\n'}
[0.361328] (base_msgs_per) StdoutLine: {'line': b'-- Up-to-date: /home/abc/perception_with_ros2/install/base_msgs_per/include/base_msgs_per/base_msgs_per/msg/detail/local_trajectory__rosidl_typesupport_introspection_cpp.hpp\n'}
[0.361389] (base_msgs_per) StdoutLine: {'line': b'-- Up-to-date: /home/abc/perception_with_ros2/install/base_msgs_per/include/base_msgs_per/base_msgs_per/msg/detail/referline_point__type_support.cpp\n'}
[0.361450] (base_msgs_per) StdoutLine: {'line': b'-- Up-to-date: /home/abc/perception_with_ros2/install/base_msgs_per/include/base_msgs_per/base_msgs_per/msg/detail/obs_info__type_support.cpp\n'}
[0.361512] (base_msgs_per) StdoutLine: {'line': b'-- Up-to-date: /home/abc/perception_with_ros2/install/base_msgs_per/include/base_msgs_per/base_msgs_per/msg/detail/referline_point__rosidl_typesupport_introspection_cpp.hpp\n'}
[0.361576] (base_msgs_per) StdoutLine: {'line': b'-- Up-to-date: /home/abc/perception_with_ros2/install/base_msgs_per/include/base_msgs_per/base_msgs_per/msg/detail/local_speeds__rosidl_typesupport_introspection_cpp.hpp\n'}
[0.361639] (base_msgs_per) StdoutLine: {'line': b'-- Up-to-date: /home/abc/perception_with_ros2/install/base_msgs_per/include/base_msgs_per/base_msgs_per/msg/detail/local_path__type_support.cpp\n'}
[0.361706] (base_msgs_per) StdoutLine: {'line': b'-- Up-to-date: /home/abc/perception_with_ros2/install/base_msgs_per/include/base_msgs_per/base_msgs_per/msg/detail/local_trajectory_point__type_support.cpp\n'}
[0.361769] (base_msgs_per) StdoutLine: {'line': b'-- Up-to-date: /home/abc/perception_with_ros2/install/base_msgs_per/include/base_msgs_per/base_msgs_per/msg/detail/local_path_point__rosidl_typesupport_introspection_cpp.hpp\n'}
[0.361830] (base_msgs_per) StdoutLine: {'line': b'-- Up-to-date: /home/abc/perception_with_ros2/install/base_msgs_per/include/base_msgs_per/base_msgs_per/srv\n'}
[0.361903] (base_msgs_per) StdoutLine: {'line': b'-- Up-to-date: /home/abc/perception_with_ros2/install/base_msgs_per/include/base_msgs_per/base_msgs_per/srv/detail\n'}
[0.361996] (base_msgs_per) StdoutLine: {'line': b'-- Up-to-date: /home/abc/perception_with_ros2/install/base_msgs_per/include/base_msgs_per/base_msgs_per/srv/detail/pnc_map_service__rosidl_typesupport_introspection_cpp.hpp\n'}
[0.362126] (base_msgs_per) StdoutLine: {'line': b'-- Up-to-date: /home/abc/perception_with_ros2/install/base_msgs_per/include/base_msgs_per/base_msgs_per/srv/detail/pnc_map_service__type_support.cpp\n'}
[0.362303] (base_msgs_per) StdoutLine: {'line': b'-- Up-to-date: /home/abc/perception_with_ros2/install/base_msgs_per/include/base_msgs_per/base_msgs_per/srv/detail/global_path_service__type_support.cpp\n'}
[0.362371] (base_msgs_per) StdoutLine: {'line': b'-- Up-to-date: /home/abc/perception_with_ros2/install/base_msgs_per/include/base_msgs_per/base_msgs_per/srv/detail/global_path_service__rosidl_typesupport_introspection_cpp.hpp\n'}
[0.362446] (base_msgs_per) StdoutLine: {'line': b'-- Up-to-date: /home/abc/perception_with_ros2/install/base_msgs_per/lib/libbase_msgs_per__rosidl_typesupport_introspection_cpp.so\n'}
[0.362509] (base_msgs_per) StdoutLine: {'line': b'-- Up-to-date: /home/abc/perception_with_ros2/install/base_msgs_per/lib/libbase_msgs_per__rosidl_typesupport_cpp.so\n'}
[0.362567] (base_msgs_per) StdoutLine: {'line': b'-- Up-to-date: /home/abc/perception_with_ros2/install/base_msgs_per/share/base_msgs_per/environment/pythonpath.sh\n'}
[0.362629] (base_msgs_per) StdoutLine: {'line': b'-- Up-to-date: /home/abc/perception_with_ros2/install/base_msgs_per/share/base_msgs_per/environment/pythonpath.dsv\n'}
[0.362688] (base_msgs_per) StdoutLine: {'line': b'-- Up-to-date: /home/abc/perception_with_ros2/install/base_msgs_per/local/lib/python3.10/dist-packages/base_msgs_per-0.0.0-py3.10.egg-info\n'}
[0.362746] (base_msgs_per) StdoutLine: {'line': b'-- Installing: /home/abc/perception_with_ros2/install/base_msgs_per/local/lib/python3.10/dist-packages/base_msgs_per-0.0.0-py3.10.egg-info/dependency_links.txt\n'}
[0.362807] (base_msgs_per) StdoutLine: {'line': b'-- Installing: /home/abc/perception_with_ros2/install/base_msgs_per/local/lib/python3.10/dist-packages/base_msgs_per-0.0.0-py3.10.egg-info/SOURCES.txt\n'}
[0.362865] (base_msgs_per) StdoutLine: {'line': b'-- Installing: /home/abc/perception_with_ros2/install/base_msgs_per/local/lib/python3.10/dist-packages/base_msgs_per-0.0.0-py3.10.egg-info/top_level.txt\n'}
[0.362924] (base_msgs_per) StdoutLine: {'line': b'-- Installing: /home/abc/perception_with_ros2/install/base_msgs_per/local/lib/python3.10/dist-packages/base_msgs_per-0.0.0-py3.10.egg-info/PKG-INFO\n'}
[0.362981] (base_msgs_per) StdoutLine: {'line': b'-- Up-to-date: /home/abc/perception_with_ros2/install/base_msgs_per/local/lib/python3.10/dist-packages/base_msgs_per\n'}
[0.363039] (base_msgs_per) StdoutLine: {'line': b'-- Up-to-date: /home/abc/perception_with_ros2/install/base_msgs_per/local/lib/python3.10/dist-packages/base_msgs_per/_base_msgs_per_s.ep.rosidl_typesupport_fastrtps_c.c\n'}
[0.363098] (base_msgs_per) StdoutLine: {'line': b'-- Up-to-date: /home/abc/perception_with_ros2/install/base_msgs_per/local/lib/python3.10/dist-packages/base_msgs_per/msg\n'}
[0.363156] (base_msgs_per) StdoutLine: {'line': b'-- Up-to-date: /home/abc/perception_with_ros2/install/base_msgs_per/local/lib/python3.10/dist-packages/base_msgs_per/msg/_obs_info.py\n'}
[0.363219] (base_msgs_per) StdoutLine: {'line': b'-- Up-to-date: /home/abc/perception_with_ros2/install/base_msgs_per/local/lib/python3.10/dist-packages/base_msgs_per/msg/_referline_s.c\n'}
[0.363294] (base_msgs_per) StdoutLine: {'line': b'-- Up-to-date: /home/abc/perception_with_ros2/install/base_msgs_per/local/lib/python3.10/dist-packages/base_msgs_per/msg/_local_path_s.c\n'}
[0.363355] (base_msgs_per) StdoutLine: {'line': b'-- Up-to-date: /home/abc/perception_with_ros2/install/base_msgs_per/local/lib/python3.10/dist-packages/base_msgs_per/msg/_local_speeds.py\n'}
[0.363412] (base_msgs_per) StdoutLine: {'line': b'-- Up-to-date: /home/abc/perception_with_ros2/install/base_msgs_per/local/lib/python3.10/dist-packages/base_msgs_per/msg/_local_path_point_s.c\n'}
[0.363470] (base_msgs_per) StdoutLine: {'line': b'-- Up-to-date: /home/abc/perception_with_ros2/install/base_msgs_per/local/lib/python3.10/dist-packages/base_msgs_per/msg/_referline_point_s.c\n'}
[0.363528] (base_msgs_per) StdoutLine: {'line': b'-- Up-to-date: /home/abc/perception_with_ros2/install/base_msgs_per/local/lib/python3.10/dist-packages/base_msgs_per/msg/_local_path.py\n'}
[0.363586] (base_msgs_per) StdoutLine: {'line': b'-- Up-to-date: /home/abc/perception_with_ros2/install/base_msgs_per/local/lib/python3.10/dist-packages/base_msgs_per/msg/_local_trajectory_point.py\n'}
[0.363643] (base_msgs_per) StdoutLine: {'line': b'-- Up-to-date: /home/abc/perception_with_ros2/install/base_msgs_per/local/lib/python3.10/dist-packages/base_msgs_per/msg/_local_speeds_s.c\n'}
[0.363700] (base_msgs_per) StdoutLine: {'line': b'-- Up-to-date: /home/abc/perception_with_ros2/install/base_msgs_per/local/lib/python3.10/dist-packages/base_msgs_per/msg/_referline.py\n'}
[0.363761] (base_msgs_per) StdoutLine: {'line': b'-- Up-to-date: /home/abc/perception_with_ros2/install/base_msgs_per/local/lib/python3.10/dist-packages/base_msgs_per/msg/_local_speeds_point.py\n'}
[0.363818] (base_msgs_per) StdoutLine: {'line': b'-- Up-to-date: /home/abc/perception_with_ros2/install/base_msgs_per/local/lib/python3.10/dist-packages/base_msgs_per/msg/_pnc_map.py\n'}
[0.363876] (base_msgs_per) StdoutLine: {'line': b'-- Up-to-date: /home/abc/perception_with_ros2/install/base_msgs_per/local/lib/python3.10/dist-packages/base_msgs_per/msg/__init__.py\n'}
[0.363932] (base_msgs_per) StdoutLine: {'line': b'-- Up-to-date: /home/abc/perception_with_ros2/install/base_msgs_per/local/lib/python3.10/dist-packages/base_msgs_per/msg/_plot_info_s.c\n'}
[0.363989] (base_msgs_per) StdoutLine: {'line': b'-- Up-to-date: /home/abc/perception_with_ros2/install/base_msgs_per/local/lib/python3.10/dist-packages/base_msgs_per/msg/_local_trajectory_s.c\n'}
[0.364047] (base_msgs_per) StdoutLine: {'line': b'-- Up-to-date: /home/abc/perception_with_ros2/install/base_msgs_per/local/lib/python3.10/dist-packages/base_msgs_per/msg/_referline_point.py\n'}
[0.364111] (base_msgs_per) StdoutLine: {'line': b'-- Up-to-date: /home/abc/perception_with_ros2/install/base_msgs_per/local/lib/python3.10/dist-packages/base_msgs_per/msg/_local_speeds_point_s.c\n'}
[0.364168] (base_msgs_per) StdoutLine: {'line': b'-- Up-to-date: /home/abc/perception_with_ros2/install/base_msgs_per/local/lib/python3.10/dist-packages/base_msgs_per/msg/_local_path_point.py\n'}
[0.364229] (base_msgs_per) StdoutLine: {'line': b'-- Up-to-date: /home/abc/perception_with_ros2/install/base_msgs_per/local/lib/python3.10/dist-packages/base_msgs_per/msg/_pnc_map_s.c\n'}
[0.364300] (base_msgs_per) StdoutLine: {'line': b'-- Up-to-date: /home/abc/perception_with_ros2/install/base_msgs_per/local/lib/python3.10/dist-packages/base_msgs_per/msg/_local_trajectory.py\n'}
[0.364360] (base_msgs_per) StdoutLine: {'line': b'-- Up-to-date: /home/abc/perception_with_ros2/install/base_msgs_per/local/lib/python3.10/dist-packages/base_msgs_per/msg/_local_trajectory_point_s.c\n'}
[0.364419] (base_msgs_per) StdoutLine: {'line': b'-- Up-to-date: /home/abc/perception_with_ros2/install/base_msgs_per/local/lib/python3.10/dist-packages/base_msgs_per/msg/_plot_info.py\n'}
[0.364483] (base_msgs_per) StdoutLine: {'line': b'-- Up-to-date: /home/abc/perception_with_ros2/install/base_msgs_per/local/lib/python3.10/dist-packages/base_msgs_per/msg/_obs_info_s.c\n'}
[0.364543] (base_msgs_per) StdoutLine: {'line': b'-- Up-to-date: /home/abc/perception_with_ros2/install/base_msgs_per/local/lib/python3.10/dist-packages/base_msgs_per/_base_msgs_per_s.ep.rosidl_typesupport_introspection_c.c\n'}
[0.364604] (base_msgs_per) StdoutLine: {'line': b'-- Up-to-date: /home/abc/perception_with_ros2/install/base_msgs_per/local/lib/python3.10/dist-packages/base_msgs_per/_base_msgs_per_s.ep.rosidl_typesupport_c.c\n'}
[0.364666] (base_msgs_per) StdoutLine: {'line': b'-- Up-to-date: /home/abc/perception_with_ros2/install/base_msgs_per/local/lib/python3.10/dist-packages/base_msgs_per/__init__.py\n'}
[0.364731] (base_msgs_per) StdoutLine: {'line': b'-- Up-to-date: /home/abc/perception_with_ros2/install/base_msgs_per/local/lib/python3.10/dist-packages/base_msgs_per/base_msgs_per_s__rosidl_typesupport_c.cpython-310-x86_64-linux-gnu.so\n'}
[0.364796] (base_msgs_per) StdoutLine: {'line': b'-- Up-to-date: /home/abc/perception_with_ros2/install/base_msgs_per/local/lib/python3.10/dist-packages/base_msgs_per/base_msgs_per_s__rosidl_typesupport_introspection_c.cpython-310-x86_64-linux-gnu.so\n'}
[0.364859] (base_msgs_per) StdoutLine: {'line': b'-- Up-to-date: /home/abc/perception_with_ros2/install/base_msgs_per/local/lib/python3.10/dist-packages/base_msgs_per/base_msgs_per_s__rosidl_typesupport_fastrtps_c.cpython-310-x86_64-linux-gnu.so\n'}
[0.364920] (base_msgs_per) StdoutLine: {'line': b'-- Up-to-date: /home/abc/perception_with_ros2/install/base_msgs_per/local/lib/python3.10/dist-packages/base_msgs_per/libbase_msgs_per__rosidl_generator_py.so\n'}
[0.364982] (base_msgs_per) StdoutLine: {'line': b'-- Up-to-date: /home/abc/perception_with_ros2/install/base_msgs_per/local/lib/python3.10/dist-packages/base_msgs_per/srv\n'}
[0.365044] (base_msgs_per) StdoutLine: {'line': b'-- Up-to-date: /home/abc/perception_with_ros2/install/base_msgs_per/local/lib/python3.10/dist-packages/base_msgs_per/srv/_pnc_map_service.py\n'}
[0.365107] (base_msgs_per) StdoutLine: {'line': b'-- Up-to-date: /home/abc/perception_with_ros2/install/base_msgs_per/local/lib/python3.10/dist-packages/base_msgs_per/srv/_global_path_service_s.c\n'}
[0.365168] (base_msgs_per) StdoutLine: {'line': b'-- Up-to-date: /home/abc/perception_with_ros2/install/base_msgs_per/local/lib/python3.10/dist-packages/base_msgs_per/srv/__init__.py\n'}
[0.365229] (base_msgs_per) StdoutLine: {'line': b'-- Up-to-date: /home/abc/perception_with_ros2/install/base_msgs_per/local/lib/python3.10/dist-packages/base_msgs_per/srv/_global_path_service.py\n'}
[0.365306] (base_msgs_per) StdoutLine: {'line': b'-- Up-to-date: /home/abc/perception_with_ros2/install/base_msgs_per/local/lib/python3.10/dist-packages/base_msgs_per/srv/_pnc_map_service_s.c\n'}
[0.384846] (base_msgs_per) StdoutLine: {'line': b"Listing '/home/abc/perception_with_ros2/install/base_msgs_per/local/lib/python3.10/dist-packages/base_msgs_per'...\n"}
[0.385003] (base_msgs_per) StdoutLine: {'line': b"Listing '/home/abc/perception_with_ros2/install/base_msgs_per/local/lib/python3.10/dist-packages/base_msgs_per/msg'...\n"}
[0.385070] (base_msgs_per) StdoutLine: {'line': b"Listing '/home/abc/perception_with_ros2/install/base_msgs_per/local/lib/python3.10/dist-packages/base_msgs_per/srv'...\n"}
[0.389018] (base_msgs_per) StdoutLine: {'line': b'-- Up-to-date: /home/abc/perception_with_ros2/install/base_msgs_per/local/lib/python3.10/dist-packages/base_msgs_per/base_msgs_per_s__rosidl_typesupport_fastrtps_c.cpython-310-x86_64-linux-gnu.so\n'}
[0.389153] (base_msgs_per) StdoutLine: {'line': b'-- Up-to-date: /home/abc/perception_with_ros2/install/base_msgs_per/local/lib/python3.10/dist-packages/base_msgs_per/base_msgs_per_s__rosidl_typesupport_introspection_c.cpython-310-x86_64-linux-gnu.so\n'}
[0.389475] (base_msgs_per) StdoutLine: {'line': b'-- Up-to-date: /home/abc/perception_with_ros2/install/base_msgs_per/local/lib/python3.10/dist-packages/base_msgs_per/base_msgs_per_s__rosidl_typesupport_c.cpython-310-x86_64-linux-gnu.so\n'}
[0.389703] (base_msgs_per) StdoutLine: {'line': b'-- Up-to-date: /home/abc/perception_with_ros2/install/base_msgs_per/lib/libbase_msgs_per__rosidl_generator_py.so\n'}
[0.389832] (base_msgs_per) StdoutLine: {'line': b'-- Up-to-date: /home/abc/perception_with_ros2/install/base_msgs_per/share/base_msgs_per/srv/GlobalPathService.idl\n'}
[0.389942] (base_msgs_per) StdoutLine: {'line': b'-- Up-to-date: /home/abc/perception_with_ros2/install/base_msgs_per/share/base_msgs_per/srv/PNCMapService.idl\n'}
[0.390008] (base_msgs_per) StdoutLine: {'line': b'-- Up-to-date: /home/abc/perception_with_ros2/install/base_msgs_per/share/base_msgs_per/msg/PNCMap.idl\n'}
[0.390069] (base_msgs_per) StdoutLine: {'line': b'-- Up-to-date: /home/abc/perception_with_ros2/install/base_msgs_per/share/base_msgs_per/msg/ReferlinePoint.idl\n'}
[0.390140] (base_msgs_per) StdoutLine: {'line': b'-- Up-to-date: /home/abc/perception_with_ros2/install/base_msgs_per/share/base_msgs_per/msg/Referline.idl\n'}
[0.390226] (base_msgs_per) StdoutLine: {'line': b'-- Up-to-date: /home/abc/perception_with_ros2/install/base_msgs_per/share/base_msgs_per/msg/LocalPathPoint.idl\n'}
[0.390340] (base_msgs_per) StdoutLine: {'line': b'-- Up-to-date: /home/abc/perception_with_ros2/install/base_msgs_per/share/base_msgs_per/msg/LocalPath.idl\n'}
[0.390418] (base_msgs_per) StdoutLine: {'line': b'-- Up-to-date: /home/abc/perception_with_ros2/install/base_msgs_per/share/base_msgs_per/msg/LocalSpeedsPoint.idl\n'}
[0.390480] (base_msgs_per) StdoutLine: {'line': b'-- Up-to-date: /home/abc/perception_with_ros2/install/base_msgs_per/share/base_msgs_per/msg/LocalSpeeds.idl\n'}
[0.390539] (base_msgs_per) StdoutLine: {'line': b'-- Up-to-date: /home/abc/perception_with_ros2/install/base_msgs_per/share/base_msgs_per/msg/LocalTrajectoryPoint.idl\n'}
[0.390598] (base_msgs_per) StdoutLine: {'line': b'-- Up-to-date: /home/abc/perception_with_ros2/install/base_msgs_per/share/base_msgs_per/msg/LocalTrajectory.idl\n'}
[0.390657] (base_msgs_per) StdoutLine: {'line': b'-- Up-to-date: /home/abc/perception_with_ros2/install/base_msgs_per/share/base_msgs_per/msg/ObsInfo.idl\n'}
[0.390716] (base_msgs_per) StdoutLine: {'line': b'-- Up-to-date: /home/abc/perception_with_ros2/install/base_msgs_per/share/base_msgs_per/msg/PlotInfo.idl\n'}
[0.390774] (base_msgs_per) StdoutLine: {'line': b'-- Up-to-date: /home/abc/perception_with_ros2/install/base_msgs_per/share/base_msgs_per/srv/GlobalPathService.srv\n'}
[0.390832] (base_msgs_per) StdoutLine: {'line': b'-- Up-to-date: /home/abc/perception_with_ros2/install/base_msgs_per/share/base_msgs_per/srv/GlobalPathService_Request.msg\n'}
[0.390938] (base_msgs_per) StdoutLine: {'line': b'-- Up-to-date: /home/abc/perception_with_ros2/install/base_msgs_per/share/base_msgs_per/srv/GlobalPathService_Response.msg\n'}
[0.391014] (base_msgs_per) StdoutLine: {'line': b'-- Up-to-date: /home/abc/perception_with_ros2/install/base_msgs_per/share/base_msgs_per/srv/PNCMapService.srv\n'}
[0.391072] (base_msgs_per) StdoutLine: {'line': b'-- Up-to-date: /home/abc/perception_with_ros2/install/base_msgs_per/share/base_msgs_per/srv/PNCMapService_Request.msg\n'}
[0.391131] (base_msgs_per) StdoutLine: {'line': b'-- Up-to-date: /home/abc/perception_with_ros2/install/base_msgs_per/share/base_msgs_per/srv/PNCMapService_Response.msg\n'}
[0.391189] (base_msgs_per) StdoutLine: {'line': b'-- Up-to-date: /home/abc/perception_with_ros2/install/base_msgs_per/share/base_msgs_per/msg/PNCMap.msg\n'}
[0.391256] (base_msgs_per) StdoutLine: {'line': b'-- Up-to-date: /home/abc/perception_with_ros2/install/base_msgs_per/share/base_msgs_per/msg/ReferlinePoint.msg\n'}
[0.391356] (base_msgs_per) StdoutLine: {'line': b'-- Up-to-date: /home/abc/perception_with_ros2/install/base_msgs_per/share/base_msgs_per/msg/Referline.msg\n'}
[0.391412] (base_msgs_per) StdoutLine: {'line': b'-- Up-to-date: /home/abc/perception_with_ros2/install/base_msgs_per/share/base_msgs_per/msg/LocalPathPoint.msg\n'}
[0.391474] (base_msgs_per) StdoutLine: {'line': b'-- Up-to-date: /home/abc/perception_with_ros2/install/base_msgs_per/share/base_msgs_per/msg/LocalPath.msg\n'}
[0.391533] (base_msgs_per) StdoutLine: {'line': b'-- Up-to-date: /home/abc/perception_with_ros2/install/base_msgs_per/share/base_msgs_per/msg/LocalSpeedsPoint.msg\n'}
[0.391592] (base_msgs_per) StdoutLine: {'line': b'-- Up-to-date: /home/abc/perception_with_ros2/install/base_msgs_per/share/base_msgs_per/msg/LocalSpeeds.msg\n'}
[0.391650] (base_msgs_per) StdoutLine: {'line': b'-- Up-to-date: /home/abc/perception_with_ros2/install/base_msgs_per/share/base_msgs_per/msg/LocalTrajectoryPoint.msg\n'}
[0.391709] (base_msgs_per) StdoutLine: {'line': b'-- Up-to-date: /home/abc/perception_with_ros2/install/base_msgs_per/share/base_msgs_per/msg/LocalTrajectory.msg\n'}
[0.391768] (base_msgs_per) StdoutLine: {'line': b'-- Up-to-date: /home/abc/perception_with_ros2/install/base_msgs_per/share/base_msgs_per/msg/ObsInfo.msg\n'}
[0.391827] (base_msgs_per) StdoutLine: {'line': b'-- Up-to-date: /home/abc/perception_with_ros2/install/base_msgs_per/share/base_msgs_per/msg/PlotInfo.msg\n'}
[0.391885] (base_msgs_per) StdoutLine: {'line': b'-- Up-to-date: /home/abc/perception_with_ros2/install/base_msgs_per/share/ament_index/resource_index/package_run_dependencies/base_msgs_per\n'}
[0.391978] (base_msgs_per) StdoutLine: {'line': b'-- Up-to-date: /home/abc/perception_with_ros2/install/base_msgs_per/share/ament_index/resource_index/parent_prefix_path/base_msgs_per\n'}
[0.392039] (base_msgs_per) StdoutLine: {'line': b'-- Up-to-date: /home/abc/perception_with_ros2/install/base_msgs_per/share/base_msgs_per/environment/ament_prefix_path.sh\n'}
[0.392099] (base_msgs_per) StdoutLine: {'line': b'-- Up-to-date: /home/abc/perception_with_ros2/install/base_msgs_per/share/base_msgs_per/environment/ament_prefix_path.dsv\n'}
[0.392179] (base_msgs_per) StdoutLine: {'line': b'-- Up-to-date: /home/abc/perception_with_ros2/install/base_msgs_per/share/base_msgs_per/environment/path.sh\n'}
[0.392251] (base_msgs_per) StdoutLine: {'line': b'-- Up-to-date: /home/abc/perception_with_ros2/install/base_msgs_per/share/base_msgs_per/environment/path.dsv\n'}
[0.392397] (base_msgs_per) StdoutLine: {'line': b'-- Up-to-date: /home/abc/perception_with_ros2/install/base_msgs_per/share/base_msgs_per/local_setup.bash\n'}
[0.392459] (base_msgs_per) StdoutLine: {'line': b'-- Up-to-date: /home/abc/perception_with_ros2/install/base_msgs_per/share/base_msgs_per/local_setup.sh\n'}
[0.392518] (base_msgs_per) StdoutLine: {'line': b'-- Up-to-date: /home/abc/perception_with_ros2/install/base_msgs_per/share/base_msgs_per/local_setup.zsh\n'}
[0.392577] (base_msgs_per) StdoutLine: {'line': b'-- Up-to-date: /home/abc/perception_with_ros2/install/base_msgs_per/share/base_msgs_per/local_setup.dsv\n'}
[0.392635] (base_msgs_per) StdoutLine: {'line': b'-- Installing: /home/abc/perception_with_ros2/install/base_msgs_per/share/base_msgs_per/package.dsv\n'}
[0.392693] (base_msgs_per) StdoutLine: {'line': b'-- Up-to-date: /home/abc/perception_with_ros2/install/base_msgs_per/share/ament_index/resource_index/packages/base_msgs_per\n'}
[0.392752] (base_msgs_per) StdoutLine: {'line': b'-- Up-to-date: /home/abc/perception_with_ros2/install/base_msgs_per/share/base_msgs_per/cmake/export_base_msgs_per__rosidl_generator_cExport.cmake\n'}
[0.392826] (base_msgs_per) StdoutLine: {'line': b'-- Up-to-date: /home/abc/perception_with_ros2/install/base_msgs_per/share/base_msgs_per/cmake/export_base_msgs_per__rosidl_generator_cExport-noconfig.cmake\n'}
[0.392886] (base_msgs_per) StdoutLine: {'line': b'-- Up-to-date: /home/abc/perception_with_ros2/install/base_msgs_per/share/base_msgs_per/cmake/export_base_msgs_per__rosidl_typesupport_fastrtps_cExport.cmake\n'}
[0.392945] (base_msgs_per) StdoutLine: {'line': b'-- Up-to-date: /home/abc/perception_with_ros2/install/base_msgs_per/share/base_msgs_per/cmake/export_base_msgs_per__rosidl_typesupport_fastrtps_cExport-noconfig.cmake\n'}
[0.393033] (base_msgs_per) StdoutLine: {'line': b'-- Up-to-date: /home/abc/perception_with_ros2/install/base_msgs_per/share/base_msgs_per/cmake/base_msgs_per__rosidl_typesupport_introspection_cExport.cmake\n'}
[0.393094] (base_msgs_per) StdoutLine: {'line': b'-- Up-to-date: /home/abc/perception_with_ros2/install/base_msgs_per/share/base_msgs_per/cmake/base_msgs_per__rosidl_typesupport_introspection_cExport-noconfig.cmake\n'}
[0.393152] (base_msgs_per) StdoutLine: {'line': b'-- Up-to-date: /home/abc/perception_with_ros2/install/base_msgs_per/share/base_msgs_per/cmake/base_msgs_per__rosidl_typesupport_cExport.cmake\n'}
[0.393210] (base_msgs_per) StdoutLine: {'line': b'-- Up-to-date: /home/abc/perception_with_ros2/install/base_msgs_per/share/base_msgs_per/cmake/base_msgs_per__rosidl_typesupport_cExport-noconfig.cmake\n'}
[0.393345] (base_msgs_per) StdoutLine: {'line': b'-- Up-to-date: /home/abc/perception_with_ros2/install/base_msgs_per/share/base_msgs_per/cmake/export_base_msgs_per__rosidl_generator_cppExport.cmake\n'}
[0.393403] (base_msgs_per) StdoutLine: {'line': b'-- Up-to-date: /home/abc/perception_with_ros2/install/base_msgs_per/share/base_msgs_per/cmake/export_base_msgs_per__rosidl_typesupport_fastrtps_cppExport.cmake\n'}
[0.393458] (base_msgs_per) StdoutLine: {'line': b'-- Up-to-date: /home/abc/perception_with_ros2/install/base_msgs_per/share/base_msgs_per/cmake/export_base_msgs_per__rosidl_typesupport_fastrtps_cppExport-noconfig.cmake\n'}
[0.393512] (base_msgs_per) StdoutLine: {'line': b'-- Up-to-date: /home/abc/perception_with_ros2/install/base_msgs_per/share/base_msgs_per/cmake/base_msgs_per__rosidl_typesupport_introspection_cppExport.cmake\n'}
[0.393566] (base_msgs_per) StdoutLine: {'line': b'-- Up-to-date: /home/abc/perception_with_ros2/install/base_msgs_per/share/base_msgs_per/cmake/base_msgs_per__rosidl_typesupport_introspection_cppExport-noconfig.cmake\n'}
[0.393621] (base_msgs_per) StdoutLine: {'line': b'-- Up-to-date: /home/abc/perception_with_ros2/install/base_msgs_per/share/base_msgs_per/cmake/base_msgs_per__rosidl_typesupport_cppExport.cmake\n'}
[0.393679] (base_msgs_per) StdoutLine: {'line': b'-- Up-to-date: /home/abc/perception_with_ros2/install/base_msgs_per/share/base_msgs_per/cmake/base_msgs_per__rosidl_typesupport_cppExport-noconfig.cmake\n'}
[0.393738] (base_msgs_per) StdoutLine: {'line': b'-- Up-to-date: /home/abc/perception_with_ros2/install/base_msgs_per/share/base_msgs_per/cmake/export_base_msgs_per__rosidl_generator_pyExport.cmake\n'}
[0.393797] (base_msgs_per) StdoutLine: {'line': b'-- Up-to-date: /home/abc/perception_with_ros2/install/base_msgs_per/share/base_msgs_per/cmake/export_base_msgs_per__rosidl_generator_pyExport-noconfig.cmake\n'}
[0.393856] (base_msgs_per) StdoutLine: {'line': b'-- Up-to-date: /home/abc/perception_with_ros2/install/base_msgs_per/share/base_msgs_per/cmake/rosidl_cmake-extras.cmake\n'}
[0.393914] (base_msgs_per) StdoutLine: {'line': b'-- Up-to-date: /home/abc/perception_with_ros2/install/base_msgs_per/share/base_msgs_per/cmake/ament_cmake_export_dependencies-extras.cmake\n'}
[0.393973] (base_msgs_per) StdoutLine: {'line': b'-- Up-to-date: /home/abc/perception_with_ros2/install/base_msgs_per/share/base_msgs_per/cmake/ament_cmake_export_include_directories-extras.cmake\n'}
[0.394056] (base_msgs_per) StdoutLine: {'line': b'-- Up-to-date: /home/abc/perception_with_ros2/install/base_msgs_per/share/base_msgs_per/cmake/ament_cmake_export_libraries-extras.cmake\n'}
[0.394172] (base_msgs_per) StdoutLine: {'line': b'-- Up-to-date: /home/abc/perception_with_ros2/install/base_msgs_per/share/base_msgs_per/cmake/ament_cmake_export_targets-extras.cmake\n'}
[0.394243] (base_msgs_per) StdoutLine: {'line': b'-- Up-to-date: /home/abc/perception_with_ros2/install/base_msgs_per/share/base_msgs_per/cmake/rosidl_cmake_export_typesupport_targets-extras.cmake\n'}
[0.394439] (base_msgs_per) StdoutLine: {'line': b'-- Up-to-date: /home/abc/perception_with_ros2/install/base_msgs_per/share/base_msgs_per/cmake/rosidl_cmake_export_typesupport_libraries-extras.cmake\n'}
[0.394502] (base_msgs_per) StdoutLine: {'line': b'-- Up-to-date: /home/abc/perception_with_ros2/install/base_msgs_per/share/base_msgs_per/cmake/base_msgs_perConfig.cmake\n'}
[0.394608] (base_msgs_per) StdoutLine: {'line': b'-- Up-to-date: /home/abc/perception_with_ros2/install/base_msgs_per/share/base_msgs_per/cmake/base_msgs_perConfig-version.cmake\n'}
[0.394668] (base_msgs_per) StdoutLine: {'line': b'-- Up-to-date: /home/abc/perception_with_ros2/install/base_msgs_per/share/base_msgs_per/package.xml\n'}
[0.395018] (base_msgs_per) CommandEnded: {'returncode': 0}
[0.400088] (-) TimerEvent: {}
[0.414905] (base_msgs_per) JobEnded: {'identifier': 'base_msgs_per', 'rc': 0}
[0.415840] (perception) JobStarted: {'identifier': 'perception'}
[0.423224] (perception) JobProgress: {'identifier': 'perception', 'progress': 'cmake'}
[0.423967] (perception) Command: {'cmd': ['/usr/local/bin/cmake', '/home/abc/perception_with_ros2/src/perception', '-DCMAKE_INSTALL_PREFIX=/home/abc/perception_with_ros2/install/perception'], 'cwd': '/home/abc/perception_with_ros2/build/perception', 'env': OrderedDict([('PYTHON_BASIC_REPL', '1'), ('LESSOPEN', '| /usr/bin/lesspipe %s'), ('LANGUAGE', 'en_US:en'), ('USER', 'abc'), ('LC_TIME', 'zh_CN.UTF-8'), ('XDG_SESSION_TYPE', 'x11'), ('GIT_ASKPASS', '/usr/share/code/resources/app/extensions/git/dist/askpass.sh'), ('SHLVL', '2'), ('LD_LIBRARY_PATH', '/home/abc/perception_with_ros2/install/base_msgs_per/lib:/home/abc/perception_with_ros2/install/perception/lib:/home/abc/planning_with_ros2/install/planning/lib:/home/abc/planning_with_ros2/install/planning/lib:/home/abc/planning_with_ros2/install/planning/lib:/home/abc/planning_with_ros2/install/planning/lib:/home/abc/planning_with_ros2/install/base_msgs/lib:/usr/lib/x86_64-linux-gnu/gazebo-11/plugins:/opt/ros/humble/opt/rviz_ogre_vendor/lib:/opt/ros/humble/lib/x86_64-linux-gnu:/opt/ros/humble/lib'), ('HOME', '/home/abc'), ('CHROME_DESKTOP', 'code.desktop'), ('OLDPWD', '/home/abc/perception_with_ros2/src'), ('TERM_PROGRAM_VERSION', '1.107.1'), ('DESKTOP_SESSION', 'ubuntu'), ('ROS_PYTHON_VERSION', '3'), ('GNOME_SHELL_SESSION_MODE', 'ubuntu'), ('GTK_MODULES', 'gail:atk-bridge'), ('VSCODE_GIT_ASKPASS_MAIN', '/usr/share/code/resources/app/extensions/git/dist/askpass-main.js'), ('LC_MONETARY', 'zh_CN.UTF-8'), ('VSCODE_GIT_ASKPASS_NODE', '/usr/share/code/code'), ('PYDEVD_DISABLE_FILE_VALIDATION', '1'), ('SYSTEMD_EXEC_PID', '1608'), ('BUNDLED_DEBUGPY_PATH', '/home/abc/.vscode/extensions/ms-python.debugpy-2025.18.0-linux-x64/bundled/libs/debugpy'), ('VSCODE_PYTHON_AUTOACTIVATE_GUARD', '1'), ('DBUS_SESSION_BUS_ADDRESS', 'unix:path=/run/user/1000/bus'), ('COLORTERM', 'truecolor'), ('COLCON_PREFIX_PATH', '/home/abc/perception_with_ros2/install:/home/abc/planning_with_ros2/install'), ('ROS_DISTRO', 'humble'), ('GTK_IM_MODULE', 'ibus'), ('LOGNAME', 'abc'), ('_', '/usr/bin/colcon'), ('ROS_VERSION', '2'), ('XDG_SESSION_CLASS', 'user'), ('USERNAME', 'abc'), ('TERM', 'xterm-256color'), ('GNOME_DESKTOP_SESSION_ID', 'this-is-deprecated'), ('ROS2_PLANNING_COURSE_INSTALL', '/home/abc/planning_with_ros2/install'), ('FC_FONTATIONS', '1'), ('ROS_LOCALHOST_ONLY', '0'), ('WINDOWPATH', '2'), ('PATH', '/home/abc/.config/Code/User/globalStorage/github.copilot-chat/debugCommand:/home/abc/.config/Code/User/globalStorage/github.copilot-chat/copilotCli:/opt/ros/humble/bin:/usr/local/sbin:/usr/local/bin:/usr/sbin:/usr/bin:/sbin:/bin:/usr/games:/usr/local/games:/snap/bin:/snap/bin:/home/abc/.vscode/extensions/ms-python.debugpy-2025.18.0-linux-x64/bundled/scripts/noConfigScripts'), ('SESSION_MANAGER', 'local/abc-G3-3500:@/tmp/.ICE-unix/1581,unix/abc-G3-3500:/tmp/.ICE-unix/1581'), ('PAPERSIZE', 'a4'), ('XDG_MENU_PREFIX', 'gnome-'), ('LC_ADDRESS', 'zh_CN.UTF-8'), ('GNOME_TERMINAL_SCREEN', '/org/gnome/Terminal/screen/de2f66bf_038d_4af9_a3ae_168c2f219a0f'), ('XDG_RUNTIME_DIR', '/run/user/1000'), ('GDK_BACKEND', 'x11'), ('DISPLAY', ':0'), ('VSCODE_DEBUGPY_ADAPTER_ENDPOINTS', '/home/abc/.vscode/extensions/ms-python.debugpy-2025.18.0-linux-x64/.noConfigDebugAdapterEndpoints/endpoint-0370d1c5f2548263.txt'), ('LANG', 'en_US.UTF-8'), ('XDG_CURRENT_DESKTOP', 'ubuntu:GNOME'), ('PYTHONSTARTUP', '/home/abc/.config/Code/User/workspaceStorage/28936fba8b94055b776ffa577577e387/ms-python.python/pythonrc.py'), ('LC_TELEPHONE', 'zh_CN.UTF-8'), ('XMODIFIERS', '@im=ibus'), ('XDG_SESSION_DESKTOP', 'ubuntu'), ('XAUTHORITY', '/run/user/1000/gdm/Xauthority'), ('LS_COLORS', 'rs=0:di=01;34:ln=01;36:mh=00:pi=40;33:so=01;35:do=01;35:bd=40;33;01:cd=40;33;01:or=40;31;01:mi=00:su=37;41:sg=30;43:ca=30;41:tw=30;42:ow=34;42:st=37;44:ex=01;32:*.tar=01;31:*.tgz=01;31:*.arc=01;31:*.arj=01;31:*.taz=01;31:*.lha=01;31:*.lz4=01;31:*.lzh=01;31:*.lzma=01;31:*.tlz=01;31:*.txz=01;31:*.tzo=01;31:*.t7z=01;31:*.zip=01;31:*.z=01;31:*.dz=01;31:*.gz=01;31:*.lrz=01;31:*.lz=01;31:*.lzo=01;31:*.xz=01;31:*.zst=01;31:*.tzst=01;31:*.bz2=01;31:*.bz=01;31:*.tbz=01;31:*.tbz2=01;31:*.tz=01;31:*.deb=01;31:*.rpm=01;31:*.jar=01;31:*.war=01;31:*.ear=01;31:*.sar=01;31:*.rar=01;31:*.alz=01;31:*.ace=01;31:*.zoo=01;31:*.cpio=01;31:*.7z=01;31:*.rz=01;31:*.cab=01;31:*.wim=01;31:*.swm=01;31:*.dwm=01;31:*.esd=01;31:*.jpg=01;35:*.jpeg=01;35:*.mjpg=01;35:*.mjpeg=01;35:*.gif=01;35:*.bmp=01;35:*.pbm=01;35:*.pgm=01;35:*.ppm=01;35:*.tga=01;35:*.xbm=01;35:*.xpm=01;35:*.tif=01;35:*.tiff=01;35:*.png=01;35:*.svg=01;35:*.svgz=01;35:*.mng=01;35:*.pcx=01;35:*.mov=01;35:*.mpg=01;35:*.mpeg=01;35:*.m2v=01;35:*.mkv=01;35:*.webm=01;35:*.webp=01;35:*.ogm=01;35:*.mp4=01;35:*.m4v=01;35:*.mp4v=01;35:*.vob=01;35:*.qt=01;35:*.nuv=01;35:*.wmv=01;35:*.asf=01;35:*.rm=01;35:*.rmvb=01;35:*.flc=01;35:*.avi=01;35:*.fli=01;35:*.flv=01;35:*.gl=01;35:*.dl=01;35:*.xcf=01;35:*.xwd=01;35:*.yuv=01;35:*.cgm=01;35:*.emf=01;35:*.ogv=01;35:*.ogx=01;35:*.aac=00;36:*.au=00;36:*.flac=00;36:*.m4a=00;36:*.mid=00;36:*.midi=00;36:*.mka=00;36:*.mp3=00;36:*.mpc=00;36:*.ogg=00;36:*.ra=00;36:*.wav=00;36:*.oga=00;36:*.opus=00;36:*.spx=00;36:*.xspf=00;36:'), ('ROS2_PERCEPTION_COURSE_INSTALL', '/home/abc/perception_with_ros2/install'), ('VSCODE_GIT_IPC_HANDLE', '/run/user/1000/vscode-git-5e4b9a72ca.sock'), ('GNOME_TERMINAL_SERVICE', ':1.525'), ('TERM_PROGRAM', 'vscode'), ('SSH_AGENT_LAUNCHER', 'gnome-keyring'), ('SSH_AUTH_SOCK', '/run/user/1000/keyring/ssh'), ('ROS_DOMAIN_ID', '2'), ('AMENT_PREFIX_PATH', '/home/abc/perception_with_ros2/install/perception:/home/abc/perception_with_ros2/install/data_plot_per:/home/abc/perception_with_ros2/install/base_msgs_per:/home/abc/planning_with_ros2/install/planning:/home/abc/planning_with_ros2/install/data_plot:/home/abc/planning_with_ros2/install/base_msgs:/opt/ros/humble'), ('SHELL', '/bin/bash'), ('LC_NAME', 'zh_CN.UTF-8'), ('QT_ACCESSIBILITY', '1'), ('GDMSESSION', 'ubuntu'), ('LESSCLOSE', '/usr/bin/lesspipe %s %s'), ('LC_MEASUREMENT', 'zh_CN.UTF-8'), ('GPG_AGENT_INFO', '/run/user/1000/gnupg/S.gpg-agent:0:1'), ('LC_IDENTIFICATION', 'zh_CN.UTF-8'), ('VSCODE_GIT_ASKPASS_EXTRA_ARGS', ''), ('QT_IM_MODULE', 'ibus'), ('PWD', '/home/abc/perception_with_ros2/build/perception'), ('LC_ALL', 'en_US.UTF-8'), ('XDG_CONFIG_DIRS', '/etc/xdg/xdg-ubuntu:/etc/xdg'), ('XDG_DATA_DIRS', '/usr/share/ubuntu:/usr/share/gnome:/usr/local/share/:/usr/share/:/var/lib/snapd/desktop'), ('PYTHONPATH', '/home/abc/perception_with_ros2/install/base_msgs_per/local/lib/python3.10/dist-packages:/home/abc/perception_with_ros2/install/data_plot_per/lib/python3.10/site-packages:/home/abc/planning_with_ros2/install/data_plot/lib/python3.10/site-packages:/home/abc/planning_with_ros2/install/base_msgs/local/lib/python3.10/dist-packages:/opt/ros/humble/lib/python3.10/site-packages:/opt/ros/humble/local/lib/python3.10/dist-packages'), ('LC_NUMERIC', 'zh_CN.UTF-8'), ('LC_PAPER', 'zh_CN.UTF-8'), ('COLCON', '1'), ('VTE_VERSION', '6800'), ('CMAKE_PREFIX_PATH', '/home/abc/perception_with_ros2/install/base_msgs_per:/home/abc/perception_with_ros2/install/perception:/home/abc/planning_with_ros2/install/planning:/home/abc/planning_with_ros2/install/base_msgs:/home/abc/perception_with_ros2/install/data_plot_per:/home/abc/planning_with_ros2/install/data_plot:/opt/ros/humble')]), 'shell': False}
[0.439414] (perception) StdoutLine: {'line': b'-- Found ament_cmake: 1.3.12 (/opt/ros/humble/share/ament_cmake/cmake)\n'}
[0.500210] (-) TimerEvent: {}
[0.600431] (-) TimerEvent: {}
[0.632065] (perception) StdoutLine: {'line': b'-- Found rclcpp: 16.0.16 (/opt/ros/humble/share/rclcpp/cmake)\n'}
[0.661230] (data_plot_per) Command: {'cmd': ['/usr/bin/python3', '-W', 'ignore:setup.py install is deprecated', '-W', 'ignore:easy_install command is deprecated', 'setup.py', 'egg_info', '--egg-base', '../../build/data_plot_per', 'build', '--build-base', '/home/abc/perception_with_ros2/build/data_plot_per/build', 'install', '--record', '/home/abc/perception_with_ros2/build/data_plot_per/install.log', '--single-version-externally-managed', 'install_data'], 'cwd': '/home/abc/perception_with_ros2/src/data_plot_per', 'env': {'PYTHON_BASIC_REPL': '1', 'LESSOPEN': '| /usr/bin/lesspipe %s', 'LANGUAGE': 'en_US:en', 'USER': 'abc', 'LC_TIME': 'zh_CN.UTF-8', 'XDG_SESSION_TYPE': 'x11', 'GIT_ASKPASS': '/usr/share/code/resources/app/extensions/git/dist/askpass.sh', 'SHLVL': '2', 'LD_LIBRARY_PATH': '/home/abc/perception_with_ros2/install/perception/lib:/home/abc/planning_with_ros2/install/planning/lib:/home/abc/planning_with_ros2/install/planning/lib:/home/abc/planning_with_ros2/install/planning/lib:/home/abc/planning_with_ros2/install/planning/lib:/home/abc/planning_with_ros2/install/base_msgs/lib:/usr/lib/x86_64-linux-gnu/gazebo-11/plugins:/opt/ros/humble/opt/rviz_ogre_vendor/lib:/opt/ros/humble/lib/x86_64-linux-gnu:/opt/ros/humble/lib', 'HOME': '/home/abc', 'CHROME_DESKTOP': 'code.desktop', 'OLDPWD': '/home/abc/perception_with_ros2/src', 'TERM_PROGRAM_VERSION': '1.107.1', 'DESKTOP_SESSION': 'ubuntu', 'ROS_PYTHON_VERSION': '3', 'GNOME_SHELL_SESSION_MODE': 'ubuntu', 'GTK_MODULES': 'gail:atk-bridge', 'VSCODE_GIT_ASKPASS_MAIN': '/usr/share/code/resources/app/extensions/git/dist/askpass-main.js', 'LC_MONETARY': 'zh_CN.UTF-8', 'VSCODE_GIT_ASKPASS_NODE': '/usr/share/code/code', 'PYDEVD_DISABLE_FILE_VALIDATION': '1', 'SYSTEMD_EXEC_PID': '1608', 'BUNDLED_DEBUGPY_PATH': '/home/abc/.vscode/extensions/ms-python.debugpy-2025.18.0-linux-x64/bundled/libs/debugpy', 'VSCODE_PYTHON_AUTOACTIVATE_GUARD': '1', 'DBUS_SESSION_BUS_ADDRESS': 'unix:path=/run/user/1000/bus', 'COLORTERM': 'truecolor', 'COLCON_PREFIX_PATH': '/home/abc/perception_with_ros2/install:/home/abc/planning_with_ros2/install', 'ROS_DISTRO': 'humble', 'GTK_IM_MODULE': 'ibus', 'LOGNAME': 'abc', '_': '/usr/bin/colcon', 'ROS_VERSION': '2', 'XDG_SESSION_CLASS': 'user', 'USERNAME': 'abc', 'TERM': 'xterm-256color', 'GNOME_DESKTOP_SESSION_ID': 'this-is-deprecated', 'ROS2_PLANNING_COURSE_INSTALL': '/home/abc/planning_with_ros2/install', 'FC_FONTATIONS': '1', 'ROS_LOCALHOST_ONLY': '0', 'WINDOWPATH': '2', 'PATH': '/home/abc/.config/Code/User/globalStorage/github.copilot-chat/debugCommand:/home/abc/.config/Code/User/globalStorage/github.copilot-chat/copilotCli:/opt/ros/humble/bin:/usr/local/sbin:/usr/local/bin:/usr/sbin:/usr/bin:/sbin:/bin:/usr/games:/usr/local/games:/snap/bin:/snap/bin:/home/abc/.vscode/extensions/ms-python.debugpy-2025.18.0-linux-x64/bundled/scripts/noConfigScripts', 'SESSION_MANAGER': 'local/abc-G3-3500:@/tmp/.ICE-unix/1581,unix/abc-G3-3500:/tmp/.ICE-unix/1581', 'PAPERSIZE': 'a4', 'XDG_MENU_PREFIX': 'gnome-', 'LC_ADDRESS': 'zh_CN.UTF-8', 'GNOME_TERMINAL_SCREEN': '/org/gnome/Terminal/screen/de2f66bf_038d_4af9_a3ae_168c2f219a0f', 'XDG_RUNTIME_DIR': '/run/user/1000', 'GDK_BACKEND': 'x11', 'DISPLAY': ':0', 'VSCODE_DEBUGPY_ADAPTER_ENDPOINTS': '/home/abc/.vscode/extensions/ms-python.debugpy-2025.18.0-linux-x64/.noConfigDebugAdapterEndpoints/endpoint-0370d1c5f2548263.txt', 'LANG': 'en_US.UTF-8', 'XDG_CURRENT_DESKTOP': 'ubuntu:GNOME', 'PYTHONSTARTUP': '/home/abc/.config/Code/User/workspaceStorage/28936fba8b94055b776ffa577577e387/ms-python.python/pythonrc.py', 'LC_TELEPHONE': 'zh_CN.UTF-8', 'XMODIFIERS': '@im=ibus', 'XDG_SESSION_DESKTOP': 'ubuntu', 'XAUTHORITY': '/run/user/1000/gdm/Xauthority', 'LS_COLORS': 'rs=0:di=01;34:ln=01;36:mh=00:pi=40;33:so=01;35:do=01;35:bd=40;33;01:cd=40;33;01:or=40;31;01:mi=00:su=37;41:sg=30;43:ca=30;41:tw=30;42:ow=34;42:st=37;44:ex=01;32:*.tar=01;31:*.tgz=01;31:*.arc=01;31:*.arj=01;31:*.taz=01;31:*.lha=01;31:*.lz4=01;31:*.lzh=01;31:*.lzma=01;31:*.tlz=01;31:*.txz=01;31:*.tzo=01;31:*.t7z=01;31:*.zip=01;31:*.z=01;31:*.dz=01;31:*.gz=01;31:*.lrz=01;31:*.lz=01;31:*.lzo=01;31:*.xz=01;31:*.zst=01;31:*.tzst=01;31:*.bz2=01;31:*.bz=01;31:*.tbz=01;31:*.tbz2=01;31:*.tz=01;31:*.deb=01;31:*.rpm=01;31:*.jar=01;31:*.war=01;31:*.ear=01;31:*.sar=01;31:*.rar=01;31:*.alz=01;31:*.ace=01;31:*.zoo=01;31:*.cpio=01;31:*.7z=01;31:*.rz=01;31:*.cab=01;31:*.wim=01;31:*.swm=01;31:*.dwm=01;31:*.esd=01;31:*.jpg=01;35:*.jpeg=01;35:*.mjpg=01;35:*.mjpeg=01;35:*.gif=01;35:*.bmp=01;35:*.pbm=01;35:*.pgm=01;35:*.ppm=01;35:*.tga=01;35:*.xbm=01;35:*.xpm=01;35:*.tif=01;35:*.tiff=01;35:*.png=01;35:*.svg=01;35:*.svgz=01;35:*.mng=01;35:*.pcx=01;35:*.mov=01;35:*.mpg=01;35:*.mpeg=01;35:*.m2v=01;35:*.mkv=01;35:*.webm=01;35:*.webp=01;35:*.ogm=01;35:*.mp4=01;35:*.m4v=01;35:*.mp4v=01;35:*.vob=01;35:*.qt=01;35:*.nuv=01;35:*.wmv=01;35:*.asf=01;35:*.rm=01;35:*.rmvb=01;35:*.flc=01;35:*.avi=01;35:*.fli=01;35:*.flv=01;35:*.gl=01;35:*.dl=01;35:*.xcf=01;35:*.xwd=01;35:*.yuv=01;35:*.cgm=01;35:*.emf=01;35:*.ogv=01;35:*.ogx=01;35:*.aac=00;36:*.au=00;36:*.flac=00;36:*.m4a=00;36:*.mid=00;36:*.midi=00;36:*.mka=00;36:*.mp3=00;36:*.mpc=00;36:*.ogg=00;36:*.ra=00;36:*.wav=00;36:*.oga=00;36:*.opus=00;36:*.spx=00;36:*.xspf=00;36:', 'ROS2_PERCEPTION_COURSE_INSTALL': '/home/abc/perception_with_ros2/install', 'VSCODE_GIT_IPC_HANDLE': '/run/user/1000/vscode-git-5e4b9a72ca.sock', 'GNOME_TERMINAL_SERVICE': ':1.525', 'TERM_PROGRAM': 'vscode', 'SSH_AGENT_LAUNCHER': 'gnome-keyring', 'SSH_AUTH_SOCK': '/run/user/1000/keyring/ssh', 'ROS_DOMAIN_ID': '2', 'AMENT_PREFIX_PATH': '/home/abc/perception_with_ros2/install/perception:/home/abc/perception_with_ros2/install/data_plot_per:/home/abc/perception_with_ros2/install/base_msgs_per:/home/abc/planning_with_ros2/install/planning:/home/abc/planning_with_ros2/install/data_plot:/home/abc/planning_with_ros2/install/base_msgs:/opt/ros/humble', 'SHELL': '/bin/bash', 'LC_NAME': 'zh_CN.UTF-8', 'QT_ACCESSIBILITY': '1', 'GDMSESSION': 'ubuntu', 'LESSCLOSE': '/usr/bin/lesspipe %s %s', 'LC_MEASUREMENT': 'zh_CN.UTF-8', 'GPG_AGENT_INFO': '/run/user/1000/gnupg/S.gpg-agent:0:1', 'LC_IDENTIFICATION': 'zh_CN.UTF-8', 'VSCODE_GIT_ASKPASS_EXTRA_ARGS': '', 'QT_IM_MODULE': 'ibus', 'PWD': '/home/abc/perception_with_ros2/build/data_plot_per', 'LC_ALL': 'en_US.UTF-8', 'XDG_CONFIG_DIRS': '/etc/xdg/xdg-ubuntu:/etc/xdg', 'XDG_DATA_DIRS': '/usr/share/ubuntu:/usr/share/gnome:/usr/local/share/:/usr/share/:/var/lib/snapd/desktop', 'PYTHONPATH': '/home/abc/perception_with_ros2/build/data_plot_per/prefix_override:/usr/lib/python3/dist-packages/colcon_core/task/python/colcon_distutils_commands:/home/abc/perception_with_ros2/install/data_plot_per/lib/python3.10/site-packages:/home/abc/perception_with_ros2/install/data_plot_per/lib/python3.10/site-packages:/home/abc/planning_with_ros2/install/data_plot/lib/python3.10/site-packages:/home/abc/planning_with_ros2/install/base_msgs/local/lib/python3.10/dist-packages:/opt/ros/humble/lib/python3.10/site-packages:/opt/ros/humble/local/lib/python3.10/dist-packages', 'LC_NUMERIC': 'zh_CN.UTF-8', 'LC_PAPER': 'zh_CN.UTF-8', 'COLCON': '1', 'VTE_VERSION': '6800', 'CMAKE_PREFIX_PATH': '/home/abc/perception_with_ros2/install/perception:/home/abc/perception_with_ros2/install/base_msgs_per:/home/abc/planning_with_ros2/install/planning:/home/abc/planning_with_ros2/install/base_msgs'}, 'shell': False}
[0.666482] (perception) StdoutLine: {'line': b'-- Found rosidl_generator_c: 3.1.7 (/opt/ros/humble/share/rosidl_generator_c/cmake)\n'}
[0.669829] (perception) StdoutLine: {'line': b'-- Found rosidl_adapter: 3.1.7 (/opt/ros/humble/share/rosidl_adapter/cmake)\n'}
[0.677153] (perception) StdoutLine: {'line': b'-- Found rosidl_generator_cpp: 3.1.7 (/opt/ros/humble/share/rosidl_generator_cpp/cmake)\n'}
[0.689788] (perception) StdoutLine: {'line': b'-- Using all available rosidl_typesupport_c: rosidl_typesupport_fastrtps_c;rosidl_typesupport_introspection_c\n'}
[0.700513] (-) TimerEvent: {}
[0.706618] (perception) StdoutLine: {'line': b'-- Using all available rosidl_typesupport_cpp: rosidl_typesupport_fastrtps_cpp;rosidl_typesupport_introspection_cpp\n'}
[0.751041] (perception) StdoutLine: {'line': b'-- Found rmw_implementation_cmake: 6.1.2 (/opt/ros/humble/share/rmw_implementation_cmake/cmake)\n'}
[0.752778] (perception) StdoutLine: {'line': b'-- Found rmw_fastrtps_cpp: 6.2.9 (/opt/ros/humble/share/rmw_fastrtps_cpp/cmake)\n'}
[0.800608] (-) TimerEvent: {}
[0.857259] (perception) StdoutLine: {'line': b"-- Using RMW implementation 'rmw_fastrtps_cpp' as default\n"}
[0.889631] (data_plot_per) StdoutLine: {'line': b'running egg_info\n'}
[0.890905] (data_plot_per) StdoutLine: {'line': b'writing ../../build/data_plot_per/data_plot_per.egg-info/PKG-INFO\n'}
[0.891071] (data_plot_per) StdoutLine: {'line': b'writing dependency_links to ../../build/data_plot_per/data_plot_per.egg-info/dependency_links.txt\n'}
[0.891263] (data_plot_per) StdoutLine: {'line': b'writing entry points to ../../build/data_plot_per/data_plot_per.egg-info/entry_points.txt\n'}
[0.891412] (data_plot_per) StdoutLine: {'line': b'writing requirements to ../../build/data_plot_per/data_plot_per.egg-info/requires.txt\n'}
[0.891507] (data_plot_per) StdoutLine: {'line': b'writing top-level names to ../../build/data_plot_per/data_plot_per.egg-info/top_level.txt\n'}
[0.892766] (data_plot_per) StdoutLine: {'line': b"reading manifest file '../../build/data_plot_per/data_plot_per.egg-info/SOURCES.txt'\n"}
[0.893505] (data_plot_per) StdoutLine: {'line': b"writing manifest file '../../build/data_plot_per/data_plot_per.egg-info/SOURCES.txt'\n"}
[0.893625] (data_plot_per) StdoutLine: {'line': b'running build\n'}
[0.893717] (data_plot_per) StdoutLine: {'line': b'running build_py\n'}
[0.893847] (data_plot_per) StdoutLine: {'line': b'running install\n'}
[0.894006] (data_plot_per) StdoutLine: {'line': b'running install_lib\n'}
[0.894931] (data_plot_per) StdoutLine: {'line': b'running install_data\n'}
[0.895074] (data_plot_per) StdoutLine: {'line': b'running install_egg_info\n'}
[0.896612] (data_plot_per) StdoutLine: {'line': b"removing '/home/abc/perception_with_ros2/install/data_plot_per/lib/python3.10/site-packages/data_plot_per-0.0.0-py3.10.egg-info' (and everything under it)\n"}
[0.896836] (data_plot_per) StdoutLine: {'line': b'Copying ../../build/data_plot_per/data_plot_per.egg-info to /home/abc/perception_with_ros2/install/data_plot_per/lib/python3.10/site-packages/data_plot_per-0.0.0-py3.10.egg-info\n'}
[0.897522] (data_plot_per) StdoutLine: {'line': b'running install_scripts\n'}
[0.900676] (-) TimerEvent: {}
[0.917334] (data_plot_per) StdoutLine: {'line': b'Installing data_plot_per script to /home/abc/perception_with_ros2/install/data_plot_per/lib/data_plot_per\n'}
[0.917997] (data_plot_per) StdoutLine: {'line': b"writing list of installed files to '/home/abc/perception_with_ros2/build/data_plot_per/install.log'\n"}
[0.928948] (perception) StdoutLine: {'line': b'-- Found tf2: 0.25.17 (/opt/ros/humble/share/tf2/cmake)\n'}
[0.938185] (data_plot_per) CommandEnded: {'returncode': 0}
[0.944027] (data_plot_per) JobEnded: {'identifier': 'data_plot_per', 'rc': 0}
[0.953369] (perception) StdoutLine: {'line': b'-- Found tf2_ros: 0.25.17 (/opt/ros/humble/share/tf2_ros/cmake)\n'}
[1.000788] (-) TimerEvent: {}
[1.067544] (perception) StdoutLine: {'line': b'-- Found nav_msgs: 4.9.0 (/opt/ros/humble/share/nav_msgs/cmake)\n'}
[1.091515] (perception) StdoutLine: {'line': b'-- Found visualization_msgs: 4.9.0 (/opt/ros/humble/share/visualization_msgs/cmake)\n'}
[1.100853] (-) TimerEvent: {}
[1.147746] (perception) StdoutLine: {'line': b'-- Found base_msgs_per: 0.0.0 (/home/abc/perception_with_ros2/install/base_msgs_per/share/base_msgs_per/cmake)\n'}
[1.200981] (-) TimerEvent: {}
[1.225320] (perception) StdoutLine: {'line': b'-- Found ament_lint_auto: 0.12.14 (/opt/ros/humble/share/ament_lint_auto/cmake)\n'}
[1.292338] (perception) StdoutLine: {'line': b"-- Added test 'cppcheck' to perform static code analysis on C / C++ code\n"}
[1.293549] (perception) StdoutLine: {'line': b'-- Configured cppcheck include dirs: /home/abc/perception_with_ros2/src/perception/src/common/config_reader;/home/abc/perception_with_ros2/src/perception/src/common/math;/home/abc/perception_with_ros2/src/perception/src/decision_center;/home/abc/perception_with_ros2/src/perception/src/pnc_map_creator;/home/abc/perception_with_ros2/src/perception/src/pnc_map_creator/pnc_map_straight;/home/abc/perception_with_ros2/src/perception/src/pnc_map_creator/pnc_map_sturn;/home/abc/perception_with_ros2/src/perception/src/global_planner;/home/abc/perception_with_ros2/src/perception/src/global_planner/global_planner_normal;/home/abc/perception_with_ros2/src/perception/src/local_planner;/home/abc/perception_with_ros2/src/perception/src/local_planner/local_path;/home/abc/perception_with_ros2/src/perception/src/local_planner/local_speeds;/home/abc/perception_with_ros2/src/perception/src/reference_line;/home/abc/perception_with_ros2/src/perception/src/test/osqp_test;/home/abc/perception_with_ros2/src/perception/src/vehicle_info;/home/abc/perception_with_ros2/src/perception/src/vehicle_info/main_car;/home/abc/perception_with_ros2/src/perception/src/vehicle_info/obs_car;/home/abc/perception_with_ros2/src/perception/src/perception_process;/home/abc/perception_with_ros2/src/perception/src/move_cmd\n'}
[1.293657] (perception) StdoutLine: {'line': b'-- Configured cppcheck exclude dirs and/or files: \n'}
[1.294321] (perception) StdoutLine: {'line': b"-- Added test 'flake8' to check Python code syntax and style conventions\n"}
[1.295454] (perception) StdoutLine: {'line': b"-- Added test 'lint_cmake' to check CMake code style\n"}
[1.296141] (perception) StdoutLine: {'line': b"-- Added test 'pep257' to check Python code against some of the docstring style conventions in PEP 257\n"}
[1.299545] (perception) StdoutLine: {'line': b"-- Added test 'uncrustify' to check C / C++ code style\n"}
[1.299638] (perception) StdoutLine: {'line': b'-- Configured uncrustify additional arguments: \n'}
[1.300189] (perception) StdoutLine: {'line': b"-- Added test 'xmllint' to check XML markup files\n"}
[1.301039] (-) TimerEvent: {}
[1.301661] (perception) StdoutLine: {'line': b'-- Configuring done (0.9s)\n'}
[1.397508] (perception) StdoutLine: {'line': b'-- Generating done (0.1s)\n'}
[1.401146] (-) TimerEvent: {}
[1.422702] (perception) StdoutLine: {'line': b'-- Build files have been written to: /home/abc/perception_with_ros2/build/perception\n'}
[1.433679] (perception) CommandEnded: {'returncode': 0}
[1.434267] (perception) JobProgress: {'identifier': 'perception', 'progress': 'build'}
[1.434630] (perception) Command: {'cmd': ['/usr/local/bin/cmake', '--build', '/home/abc/perception_with_ros2/build/perception', '--', '-j12', '-l12'], 'cwd': '/home/abc/perception_with_ros2/build/perception', 'env': OrderedDict([('PYTHON_BASIC_REPL', '1'), ('LESSOPEN', '| /usr/bin/lesspipe %s'), ('LANGUAGE', 'en_US:en'), ('USER', 'abc'), ('LC_TIME', 'zh_CN.UTF-8'), ('XDG_SESSION_TYPE', 'x11'), ('GIT_ASKPASS', '/usr/share/code/resources/app/extensions/git/dist/askpass.sh'), ('SHLVL', '2'), ('LD_LIBRARY_PATH', '/home/abc/perception_with_ros2/install/base_msgs_per/lib:/home/abc/perception_with_ros2/install/perception/lib:/home/abc/planning_with_ros2/install/planning/lib:/home/abc/planning_with_ros2/install/planning/lib:/home/abc/planning_with_ros2/install/planning/lib:/home/abc/planning_with_ros2/install/planning/lib:/home/abc/planning_with_ros2/install/base_msgs/lib:/usr/lib/x86_64-linux-gnu/gazebo-11/plugins:/opt/ros/humble/opt/rviz_ogre_vendor/lib:/opt/ros/humble/lib/x86_64-linux-gnu:/opt/ros/humble/lib'), ('HOME', '/home/abc'), ('CHROME_DESKTOP', 'code.desktop'), ('OLDPWD', '/home/abc/perception_with_ros2/src'), ('TERM_PROGRAM_VERSION', '1.107.1'), ('DESKTOP_SESSION', 'ubuntu'), ('ROS_PYTHON_VERSION', '3'), ('GNOME_SHELL_SESSION_MODE', 'ubuntu'), ('GTK_MODULES', 'gail:atk-bridge'), ('VSCODE_GIT_ASKPASS_MAIN', '/usr/share/code/resources/app/extensions/git/dist/askpass-main.js'), ('LC_MONETARY', 'zh_CN.UTF-8'), ('VSCODE_GIT_ASKPASS_NODE', '/usr/share/code/code'), ('PYDEVD_DISABLE_FILE_VALIDATION', '1'), ('SYSTEMD_EXEC_PID', '1608'), ('BUNDLED_DEBUGPY_PATH', '/home/abc/.vscode/extensions/ms-python.debugpy-2025.18.0-linux-x64/bundled/libs/debugpy'), ('VSCODE_PYTHON_AUTOACTIVATE_GUARD', '1'), ('DBUS_SESSION_BUS_ADDRESS', 'unix:path=/run/user/1000/bus'), ('COLORTERM', 'truecolor'), ('COLCON_PREFIX_PATH', '/home/abc/perception_with_ros2/install:/home/abc/planning_with_ros2/install'), ('ROS_DISTRO', 'humble'), ('GTK_IM_MODULE', 'ibus'), ('LOGNAME', 'abc'), ('_', '/usr/bin/colcon'), ('ROS_VERSION', '2'), ('XDG_SESSION_CLASS', 'user'), ('USERNAME', 'abc'), ('TERM', 'xterm-256color'), ('GNOME_DESKTOP_SESSION_ID', 'this-is-deprecated'), ('ROS2_PLANNING_COURSE_INSTALL', '/home/abc/planning_with_ros2/install'), ('FC_FONTATIONS', '1'), ('ROS_LOCALHOST_ONLY', '0'), ('WINDOWPATH', '2'), ('PATH', '/home/abc/.config/Code/User/globalStorage/github.copilot-chat/debugCommand:/home/abc/.config/Code/User/globalStorage/github.copilot-chat/copilotCli:/opt/ros/humble/bin:/usr/local/sbin:/usr/local/bin:/usr/sbin:/usr/bin:/sbin:/bin:/usr/games:/usr/local/games:/snap/bin:/snap/bin:/home/abc/.vscode/extensions/ms-python.debugpy-2025.18.0-linux-x64/bundled/scripts/noConfigScripts'), ('SESSION_MANAGER', 'local/abc-G3-3500:@/tmp/.ICE-unix/1581,unix/abc-G3-3500:/tmp/.ICE-unix/1581'), ('PAPERSIZE', 'a4'), ('XDG_MENU_PREFIX', 'gnome-'), ('LC_ADDRESS', 'zh_CN.UTF-8'), ('GNOME_TERMINAL_SCREEN', '/org/gnome/Terminal/screen/de2f66bf_038d_4af9_a3ae_168c2f219a0f'), ('XDG_RUNTIME_DIR', '/run/user/1000'), ('GDK_BACKEND', 'x11'), ('DISPLAY', ':0'), ('VSCODE_DEBUGPY_ADAPTER_ENDPOINTS', '/home/abc/.vscode/extensions/ms-python.debugpy-2025.18.0-linux-x64/.noConfigDebugAdapterEndpoints/endpoint-0370d1c5f2548263.txt'), ('LANG', 'en_US.UTF-8'), ('XDG_CURRENT_DESKTOP', 'ubuntu:GNOME'), ('PYTHONSTARTUP', '/home/abc/.config/Code/User/workspaceStorage/28936fba8b94055b776ffa577577e387/ms-python.python/pythonrc.py'), ('LC_TELEPHONE', 'zh_CN.UTF-8'), ('XMODIFIERS', '@im=ibus'), ('XDG_SESSION_DESKTOP', 'ubuntu'), ('XAUTHORITY', '/run/user/1000/gdm/Xauthority'), ('LS_COLORS', 'rs=0:di=01;34:ln=01;36:mh=00:pi=40;33:so=01;35:do=01;35:bd=40;33;01:cd=40;33;01:or=40;31;01:mi=00:su=37;41:sg=30;43:ca=30;41:tw=30;42:ow=34;42:st=37;44:ex=01;32:*.tar=01;31:*.tgz=01;31:*.arc=01;31:*.arj=01;31:*.taz=01;31:*.lha=01;31:*.lz4=01;31:*.lzh=01;31:*.lzma=01;31:*.tlz=01;31:*.txz=01;31:*.tzo=01;31:*.t7z=01;31:*.zip=01;31:*.z=01;31:*.dz=01;31:*.gz=01;31:*.lrz=01;31:*.lz=01;31:*.lzo=01;31:*.xz=01;31:*.zst=01;31:*.tzst=01;31:*.bz2=01;31:*.bz=01;31:*.tbz=01;31:*.tbz2=01;31:*.tz=01;31:*.deb=01;31:*.rpm=01;31:*.jar=01;31:*.war=01;31:*.ear=01;31:*.sar=01;31:*.rar=01;31:*.alz=01;31:*.ace=01;31:*.zoo=01;31:*.cpio=01;31:*.7z=01;31:*.rz=01;31:*.cab=01;31:*.wim=01;31:*.swm=01;31:*.dwm=01;31:*.esd=01;31:*.jpg=01;35:*.jpeg=01;35:*.mjpg=01;35:*.mjpeg=01;35:*.gif=01;35:*.bmp=01;35:*.pbm=01;35:*.pgm=01;35:*.ppm=01;35:*.tga=01;35:*.xbm=01;35:*.xpm=01;35:*.tif=01;35:*.tiff=01;35:*.png=01;35:*.svg=01;35:*.svgz=01;35:*.mng=01;35:*.pcx=01;35:*.mov=01;35:*.mpg=01;35:*.mpeg=01;35:*.m2v=01;35:*.mkv=01;35:*.webm=01;35:*.webp=01;35:*.ogm=01;35:*.mp4=01;35:*.m4v=01;35:*.mp4v=01;35:*.vob=01;35:*.qt=01;35:*.nuv=01;35:*.wmv=01;35:*.asf=01;35:*.rm=01;35:*.rmvb=01;35:*.flc=01;35:*.avi=01;35:*.fli=01;35:*.flv=01;35:*.gl=01;35:*.dl=01;35:*.xcf=01;35:*.xwd=01;35:*.yuv=01;35:*.cgm=01;35:*.emf=01;35:*.ogv=01;35:*.ogx=01;35:*.aac=00;36:*.au=00;36:*.flac=00;36:*.m4a=00;36:*.mid=00;36:*.midi=00;36:*.mka=00;36:*.mp3=00;36:*.mpc=00;36:*.ogg=00;36:*.ra=00;36:*.wav=00;36:*.oga=00;36:*.opus=00;36:*.spx=00;36:*.xspf=00;36:'), ('ROS2_PERCEPTION_COURSE_INSTALL', '/home/abc/perception_with_ros2/install'), ('VSCODE_GIT_IPC_HANDLE', '/run/user/1000/vscode-git-5e4b9a72ca.sock'), ('GNOME_TERMINAL_SERVICE', ':1.525'), ('TERM_PROGRAM', 'vscode'), ('SSH_AGENT_LAUNCHER', 'gnome-keyring'), ('SSH_AUTH_SOCK', '/run/user/1000/keyring/ssh'), ('ROS_DOMAIN_ID', '2'), ('AMENT_PREFIX_PATH', '/home/abc/perception_with_ros2/install/perception:/home/abc/perception_with_ros2/install/data_plot_per:/home/abc/perception_with_ros2/install/base_msgs_per:/home/abc/planning_with_ros2/install/planning:/home/abc/planning_with_ros2/install/data_plot:/home/abc/planning_with_ros2/install/base_msgs:/opt/ros/humble'), ('SHELL', '/bin/bash'), ('LC_NAME', 'zh_CN.UTF-8'), ('QT_ACCESSIBILITY', '1'), ('GDMSESSION', 'ubuntu'), ('LESSCLOSE', '/usr/bin/lesspipe %s %s'), ('LC_MEASUREMENT', 'zh_CN.UTF-8'), ('GPG_AGENT_INFO', '/run/user/1000/gnupg/S.gpg-agent:0:1'), ('LC_IDENTIFICATION', 'zh_CN.UTF-8'), ('VSCODE_GIT_ASKPASS_EXTRA_ARGS', ''), ('QT_IM_MODULE', 'ibus'), ('PWD', '/home/abc/perception_with_ros2/build/perception'), ('LC_ALL', 'en_US.UTF-8'), ('XDG_CONFIG_DIRS', '/etc/xdg/xdg-ubuntu:/etc/xdg'), ('XDG_DATA_DIRS', '/usr/share/ubuntu:/usr/share/gnome:/usr/local/share/:/usr/share/:/var/lib/snapd/desktop'), ('PYTHONPATH', '/home/abc/perception_with_ros2/install/base_msgs_per/local/lib/python3.10/dist-packages:/home/abc/perception_with_ros2/install/data_plot_per/lib/python3.10/site-packages:/home/abc/planning_with_ros2/install/data_plot/lib/python3.10/site-packages:/home/abc/planning_with_ros2/install/base_msgs/local/lib/python3.10/dist-packages:/opt/ros/humble/lib/python3.10/site-packages:/opt/ros/humble/local/lib/python3.10/dist-packages'), ('LC_NUMERIC', 'zh_CN.UTF-8'), ('LC_PAPER', 'zh_CN.UTF-8'), ('COLCON', '1'), ('VTE_VERSION', '6800'), ('CMAKE_PREFIX_PATH', '/home/abc/perception_with_ros2/install/base_msgs_per:/home/abc/perception_with_ros2/install/perception:/home/abc/planning_with_ros2/install/planning:/home/abc/planning_with_ros2/install/base_msgs:/home/abc/perception_with_ros2/install/data_plot_per:/home/abc/planning_with_ros2/install/data_plot:/opt/ros/humble')]), 'shell': False}
[1.452313] (perception) StdoutLine: {'line': b'[  2%] \x1b[32mBuilding CXX object src/common/CMakeFiles/config_reader.dir/config_reader/config_reader.cpp.o\x1b[0m\n'}
[1.452570] (perception) StdoutLine: {'line': b'[  7%] \x1b[32mBuilding CXX object src/test/CMakeFiles/osqp_test.dir/osqp_test/osqp_test.cpp.o\x1b[0m\n'}
[1.452682] (perception) StdoutLine: {'line': b'[  7%] \x1b[32mBuilding CXX object src/common/CMakeFiles/mathlibs.dir/math/curve.cpp.o\x1b[0m\n'}
[1.452832] (perception) StdoutLine: {'line': b'[ 10%] \x1b[32mBuilding CXX object src/test/CMakeFiles/newton_test.dir/newton_test/newton_test.cpp.o\x1b[0m\n'}
[1.452902] (perception) StdoutLine: {'line': b'[ 12%] \x1b[32mBuilding CXX object src/common/CMakeFiles/mathlibs.dir/math/polynomial_curve.cpp.o\x1b[0m\n'}
[1.501267] (-) TimerEvent: {}
[1.601560] (-) TimerEvent: {}
[1.701863] (-) TimerEvent: {}
[1.802168] (-) TimerEvent: {}
[1.902434] (-) TimerEvent: {}
[2.002691] (-) TimerEvent: {}
[2.102970] (-) TimerEvent: {}
[2.203248] (-) TimerEvent: {}
[2.303498] (-) TimerEvent: {}
[2.403763] (-) TimerEvent: {}
[2.504077] (-) TimerEvent: {}
[2.604446] (-) TimerEvent: {}
[2.704779] (-) TimerEvent: {}
[2.805105] (-) TimerEvent: {}
[2.905476] (-) TimerEvent: {}
[3.005822] (-) TimerEvent: {}
[3.106161] (-) TimerEvent: {}
[3.206521] (-) TimerEvent: {}
[3.306855] (-) TimerEvent: {}
[3.407197] (-) TimerEvent: {}
[3.507557] (-) TimerEvent: {}
[3.607919] (-) TimerEvent: {}
[3.708301] (-) TimerEvent: {}
[3.808659] (-) TimerEvent: {}
[3.909027] (-) TimerEvent: {}
[4.009414] (-) TimerEvent: {}
[4.109770] (-) TimerEvent: {}
[4.210114] (-) TimerEvent: {}
[4.310455] (-) TimerEvent: {}
[4.410767] (-) TimerEvent: {}
[4.511086] (-) TimerEvent: {}
[4.611418] (-) TimerEvent: {}
[4.711739] (-) TimerEvent: {}
[4.812070] (-) TimerEvent: {}
[4.912399] (-) TimerEvent: {}
[5.012702] (-) TimerEvent: {}
[5.113010] (-) TimerEvent: {}
[5.213325] (-) TimerEvent: {}
[5.238145] (perception) StdoutLine: {'line': b'[ 15%] \x1b[32m\x1b[1mLinking CXX shared library libconfig_reader.so\x1b[0m\n'}
[5.313441] (-) TimerEvent: {}
[5.346882] (perception) StdoutLine: {'line': b'[ 15%] Built target config_reader\n'}
[5.354791] (perception) StdoutLine: {'line': b'[ 17%] \x1b[32mBuilding CXX object src/pnc_map_creator/CMakeFiles/pnc_map_creator.dir/pnc_map_straight/pnc_map_creator_straight.cpp.o\x1b[0m\n'}
[5.355108] (perception) StdoutLine: {'line': b'[ 20%] \x1b[32mBuilding CXX object src/pnc_map_creator/CMakeFiles/pnc_map_creator.dir/pnc_map_sturn/pnc_map_creator_sturn.cpp.o\x1b[0m\n'}
[5.357251] (perception) StdoutLine: {'line': b'[ 23%] \x1b[32mBuilding CXX object src/global_planner/CMakeFiles/global_planner.dir/global_planner_normal/global_planner_normal.cpp.o\x1b[0m\n'}
[5.413546] (-) TimerEvent: {}
[5.479669] (perception) StdoutLine: {'line': b'[ 25%] \x1b[32m\x1b[1mLinking CXX executable newton_test\x1b[0m\n'}
[5.513656] (-) TimerEvent: {}
[5.582663] (perception) StdoutLine: {'line': b'[ 25%] Built target newton_test\n'}
[5.613765] (-) TimerEvent: {}
[5.714087] (-) TimerEvent: {}
[5.814407] (-) TimerEvent: {}
[5.914745] (-) TimerEvent: {}
[6.015129] (-) TimerEvent: {}
[6.017208] (perception) StdoutLine: {'line': b'[ 28%] \x1b[32m\x1b[1mLinking CXX executable osqp_test\x1b[0m\n'}
[6.115282] (-) TimerEvent: {}
[6.142690] (perception) StdoutLine: {'line': b'[ 28%] Built target osqp_test\n'}
[6.215423] (-) TimerEvent: {}
[6.315714] (-) TimerEvent: {}
[6.415992] (-) TimerEvent: {}
[6.516292] (-) TimerEvent: {}
[6.616612] (-) TimerEvent: {}
[6.716905] (-) TimerEvent: {}
[6.817192] (-) TimerEvent: {}
[6.917461] (-) TimerEvent: {}
[7.017720] (-) TimerEvent: {}
[7.118012] (-) TimerEvent: {}
[7.218303] (-) TimerEvent: {}
[7.318597] (-) TimerEvent: {}
[7.418860] (-) TimerEvent: {}
[7.519159] (-) TimerEvent: {}
[7.619488] (-) TimerEvent: {}
[7.719827] (-) TimerEvent: {}
[7.821302] (-) TimerEvent: {}
[7.921642] (-) TimerEvent: {}
[8.021898] (-) TimerEvent: {}
[8.122184] (-) TimerEvent: {}
[8.222483] (-) TimerEvent: {}
[8.322737] (-) TimerEvent: {}
[8.423028] (-) TimerEvent: {}
[8.523320] (-) TimerEvent: {}
[8.623602] (-) TimerEvent: {}
[8.723864] (-) TimerEvent: {}
[8.807804] (perception) StdoutLine: {'line': b'[ 30%] \x1b[32m\x1b[1mLinking CXX shared library libglobal_planner.so\x1b[0m\n'}
[8.823991] (-) TimerEvent: {}
[8.916110] (perception) StdoutLine: {'line': b'[ 30%] Built target global_planner\n'}
[8.924147] (perception) StdoutLine: {'line': b'[ 33%] \x1b[32mBuilding CXX object src/global_planner/CMakeFiles/global_path_server.dir/global_path_server.cpp.o\x1b[0m\n'}
[8.924325] (-) TimerEvent: {}
[9.024532] (-) TimerEvent: {}
[9.067117] (perception) StdoutLine: {'line': b'[ 35%] \x1b[32m\x1b[1mLinking CXX shared library libpnc_map_creator.so\x1b[0m\n'}
[9.124629] (-) TimerEvent: {}
[9.195020] (perception) StdoutLine: {'line': b'[ 35%] Built target pnc_map_creator\n'}
[9.203188] (perception) StdoutLine: {'line': b'[ 38%] \x1b[32mBuilding CXX object src/pnc_map_creator/CMakeFiles/pnc_map_server.dir/pnc_map_server.cpp.o\x1b[0m\n'}
[9.224755] (-) TimerEvent: {}
[9.324997] (-) TimerEvent: {}
[9.425280] (-) TimerEvent: {}
[9.525532] (-) TimerEvent: {}
[9.625776] (-) TimerEvent: {}
[9.726048] (-) TimerEvent: {}
[9.826321] (-) TimerEvent: {}
[9.926591] (-) TimerEvent: {}
[10.026868] (-) TimerEvent: {}
[10.127188] (-) TimerEvent: {}
[10.227541] (-) TimerEvent: {}
[10.327869] (-) TimerEvent: {}
[10.428196] (-) TimerEvent: {}
[10.528545] (-) TimerEvent: {}
[10.628886] (-) TimerEvent: {}
[10.729240] (-) TimerEvent: {}
[10.829580] (-) TimerEvent: {}
[10.929915] (-) TimerEvent: {}
[11.030265] (-) TimerEvent: {}
[11.130660] (-) TimerEvent: {}
[11.231027] (-) TimerEvent: {}
[11.331362] (-) TimerEvent: {}
[11.431695] (-) TimerEvent: {}
[11.532022] (-) TimerEvent: {}
[11.632368] (-) TimerEvent: {}
[11.732707] (-) TimerEvent: {}
[11.833042] (-) TimerEvent: {}
[11.933375] (-) TimerEvent: {}
[12.033672] (-) TimerEvent: {}
[12.133985] (-) TimerEvent: {}
[12.234296] (-) TimerEvent: {}
[12.334600] (-) TimerEvent: {}
[12.434905] (-) TimerEvent: {}
[12.535201] (-) TimerEvent: {}
[12.635519] (-) TimerEvent: {}
[12.735832] (-) TimerEvent: {}
[12.836149] (-) TimerEvent: {}
[12.936481] (-) TimerEvent: {}
[13.036804] (-) TimerEvent: {}
[13.137127] (-) TimerEvent: {}
[13.237458] (-) TimerEvent: {}
[13.337770] (-) TimerEvent: {}
[13.438131] (-) TimerEvent: {}
[13.538479] (-) TimerEvent: {}
[13.638783] (-) TimerEvent: {}
[13.739094] (-) TimerEvent: {}
[13.839408] (-) TimerEvent: {}
[13.939704] (-) TimerEvent: {}
[14.040009] (-) TimerEvent: {}
[14.140310] (-) TimerEvent: {}
[14.240629] (-) TimerEvent: {}
[14.340951] (-) TimerEvent: {}
[14.441206] (-) TimerEvent: {}
[14.541514] (-) TimerEvent: {}
[14.641832] (-) TimerEvent: {}
[14.742149] (-) TimerEvent: {}
[14.842457] (-) TimerEvent: {}
[14.863893] (perception) StdoutLine: {'line': b'[ 41%] \x1b[32m\x1b[1mLinking CXX shared library libmathlibs.so\x1b[0m\n'}
[14.942565] (-) TimerEvent: {}
[15.042881] (-) TimerEvent: {}
[15.143195] (-) TimerEvent: {}
[15.243521] (-) TimerEvent: {}
[15.246341] (perception) StdoutLine: {'line': b'[ 41%] Built target mathlibs\n'}
[15.254710] (perception) StdoutLine: {'line': b'[ 46%] \x1b[32mBuilding CXX object src/vehicle_info/CMakeFiles/vehicle_info.dir/main_car/main_car_info.cpp.o\x1b[0m\n'}
[15.255078] (perception) StdoutLine: {'line': b'[ 46%] \x1b[32mBuilding CXX object src/reference_line/CMakeFiles/reference_line.dir/reference_line_creator.cpp.o\x1b[0m\n'}
[15.255227] (perception) StdoutLine: {'line': b'[ 51%] \x1b[32mBuilding CXX object src/vehicle_info/CMakeFiles/vehicle_info.dir/obs_car/obs_car_info.cpp.o\x1b[0m\n'}
[15.255395] (perception) StdoutLine: {'line': b'[ 51%] \x1b[32mBuilding CXX object src/reference_line/CMakeFiles/reference_line.dir/reference_line_smoother.cpp.o\x1b[0m\n'}
[15.257691] (perception) StdoutLine: {'line': b'[ 53%] \x1b[32m\x1b[1mLinking CXX executable global_path_server\x1b[0m\n'}
[15.343652] (-) TimerEvent: {}
[15.444001] (-) TimerEvent: {}
[15.502139] (perception) StdoutLine: {'line': b'[ 53%] Built target global_path_server\n'}
[15.544106] (-) TimerEvent: {}
[15.625722] (perception) StdoutLine: {'line': b'[ 56%] \x1b[32m\x1b[1mLinking CXX executable pnc_map_server\x1b[0m\n'}
[15.644206] (-) TimerEvent: {}
[15.744509] (-) TimerEvent: {}
[15.844808] (-) TimerEvent: {}
[15.900308] (perception) StdoutLine: {'line': b'[ 56%] Built target pnc_map_server\n'}
[15.944936] (-) TimerEvent: {}
[16.045218] (-) TimerEvent: {}
[16.145505] (-) TimerEvent: {}
[16.245749] (-) TimerEvent: {}
[16.346029] (-) TimerEvent: {}
[16.446316] (-) TimerEvent: {}
[16.546587] (-) TimerEvent: {}
[16.646875] (-) TimerEvent: {}
[16.747162] (-) TimerEvent: {}
[16.847464] (-) TimerEvent: {}
[16.947747] (-) TimerEvent: {}
[17.047989] (-) TimerEvent: {}
[17.148288] (-) TimerEvent: {}
[17.248583] (-) TimerEvent: {}
[17.348871] (-) TimerEvent: {}
[17.449171] (-) TimerEvent: {}
[17.549512] (-) TimerEvent: {}
[17.649820] (-) TimerEvent: {}
[17.750081] (-) TimerEvent: {}
[17.850343] (-) TimerEvent: {}
[17.950671] (-) TimerEvent: {}
[18.050998] (-) TimerEvent: {}
[18.151310] (-) TimerEvent: {}
[18.251626] (-) TimerEvent: {}
[18.351943] (-) TimerEvent: {}
[18.452296] (-) TimerEvent: {}
[18.552550] (-) TimerEvent: {}
[18.622943] (perception) StdoutLine: {'line': b'[ 58%] \x1b[32m\x1b[1mLinking CXX shared library libvehicle_info.so\x1b[0m\n'}
[18.652648] (-) TimerEvent: {}
[18.752897] (-) TimerEvent: {}
[18.825272] (perception) StdoutLine: {'line': b'[ 58%] Built target vehicle_info\n'}
[18.832960] (perception) StdoutLine: {'line': b'[ 61%] \x1b[32mBuilding CXX object src/decision_center/CMakeFiles/decision_center.dir/decision_center.cpp.o\x1b[0m\n'}
[18.833231] (perception) StdoutLine: {'line': b'[ 66%] \x1b[32mBuilding CXX object src/move_cmd/CMakeFiles/car_move_cmd.dir/car_move_cmd.cpp.o\x1b[0m\n'}
[18.833370] (perception) StdoutLine: {'line': b'[ 66%] \x1b[32mBuilding CXX object src/move_cmd/CMakeFiles/obs_move_cmd.dir/obs_move_cmd.cpp.o\x1b[0m\n'}
[18.852999] (-) TimerEvent: {}
[18.953323] (-) TimerEvent: {}
[19.053650] (-) TimerEvent: {}
[19.153957] (-) TimerEvent: {}
[19.254242] (-) TimerEvent: {}
[19.354488] (-) TimerEvent: {}
[19.454809] (-) TimerEvent: {}
[19.555118] (-) TimerEvent: {}
[19.655379] (-) TimerEvent: {}
[19.755644] (-) TimerEvent: {}
[19.855927] (-) TimerEvent: {}
[19.956213] (-) TimerEvent: {}
[20.056494] (-) TimerEvent: {}
[20.156732] (-) TimerEvent: {}
[20.215707] (perception) StdoutLine: {'line': b'[ 69%] \x1b[32m\x1b[1mLinking CXX shared library libreference_line.so\x1b[0m\n'}
[20.256855] (-) TimerEvent: {}
[20.357184] (-) TimerEvent: {}
[20.457505] (-) TimerEvent: {}
[20.464215] (perception) StdoutLine: {'line': b'[ 69%] Built target reference_line\n'}
[20.557594] (-) TimerEvent: {}
[20.657879] (-) TimerEvent: {}
[20.758135] (-) TimerEvent: {}
[20.858400] (-) TimerEvent: {}
[20.958668] (-) TimerEvent: {}
[21.058994] (-) TimerEvent: {}
[21.159301] (-) TimerEvent: {}
[21.259594] (-) TimerEvent: {}
[21.359843] (-) TimerEvent: {}
[21.460115] (-) TimerEvent: {}
[21.560320] (-) TimerEvent: {}
[21.660563] (-) TimerEvent: {}
[21.760802] (-) TimerEvent: {}
[21.861076] (-) TimerEvent: {}
[21.961321] (-) TimerEvent: {}
[22.061618] (-) TimerEvent: {}
[22.161857] (-) TimerEvent: {}
[22.194182] (perception) StdoutLine: {'line': b'[ 71%] \x1b[32m\x1b[1mLinking CXX shared library libdecision_center.so\x1b[0m\n'}
[22.261993] (-) TimerEvent: {}
[22.331186] (perception) StdoutLine: {'line': b'[ 71%] Built target decision_center\n'}
[22.341570] (perception) StdoutLine: {'line': b'[ 74%] \x1b[32mBuilding CXX object src/local_planner/CMakeFiles/local_planner.dir/local_trajectory_combiner.cpp.o\x1b[0m\n'}
[22.342619] (perception) StdoutLine: {'line': b'[ 76%] \x1b[32mBuilding CXX object src/local_planner/CMakeFiles/local_planner.dir/local_path/local_path_planner.cpp.o\x1b[0m\n'}
[22.344186] (perception) StdoutLine: {'line': b'[ 82%] \x1b[32mBuilding CXX object src/local_planner/CMakeFiles/local_planner.dir/local_speeds/local_speeds_smoother.cpp.o\x1b[0m\n'}
[22.344439] (perception) StdoutLine: {'line': b'[ 84%] \x1b[32mBuilding CXX object src/local_planner/CMakeFiles/local_planner.dir/local_speeds/local_speeds_planner.cpp.o\x1b[0m\n'}
[22.345044] (perception) StdoutLine: {'line': b'[ 82%] \x1b[32mBuilding CXX object src/local_planner/CMakeFiles/local_planner.dir/local_path/local_path_smoother.cpp.o\x1b[0m\n'}
[22.362104] (-) TimerEvent: {}
[22.462441] (-) TimerEvent: {}
[22.562767] (-) TimerEvent: {}
[22.663091] (-) TimerEvent: {}
[22.763415] (-) TimerEvent: {}
[22.863736] (-) TimerEvent: {}
[22.964077] (-) TimerEvent: {}
[23.064432] (-) TimerEvent: {}
[23.164776] (-) TimerEvent: {}
[23.265136] (-) TimerEvent: {}
[23.365490] (-) TimerEvent: {}
[23.465845] (-) TimerEvent: {}
[23.566175] (-) TimerEvent: {}
[23.666541] (-) TimerEvent: {}
[23.726420] (perception) StdoutLine: {'line': b'[ 87%] \x1b[32m\x1b[1mLinking CXX executable obs_move_cmd\x1b[0m\n'}
[23.766662] (-) TimerEvent: {}
[23.867010] (-) TimerEvent: {}
[23.967375] (-) TimerEvent: {}
[24.017277] (perception) StdoutLine: {'line': b'[ 87%] Built target obs_move_cmd\n'}
[24.067486] (-) TimerEvent: {}
[24.167832] (-) TimerEvent: {}
[24.268182] (-) TimerEvent: {}
[24.368544] (-) TimerEvent: {}
[24.468897] (-) TimerEvent: {}
[24.569248] (-) TimerEvent: {}
[24.669606] (-) TimerEvent: {}
[24.769996] (-) TimerEvent: {}
[24.870311] (-) TimerEvent: {}
[24.970642] (-) TimerEvent: {}
[25.070961] (-) TimerEvent: {}
[25.171290] (-) TimerEvent: {}
[25.183430] (perception) StderrLine: {'line': b'\x1b[01m\x1b[K/home/abc/perception_with_ros2/src/perception/src/local_planner/local_trajectory_combiner.cpp:\x1b[m\x1b[K In member function \xe2\x80\x98\x1b[01m\x1b[Kbase_msgs_per::msg::LocalTrajectory Perception::LocalTrajectoryCombiner::combin_trajectory(const LocalPath&, const LocalSpeeds&)\x1b[m\x1b[K\xe2\x80\x99:\n'}
[25.183812] (perception) StderrLine: {'line': b'\x1b[01m\x1b[K/home/abc/perception_with_ros2/src/perception/src/local_planner/local_trajectory_combiner.cpp:15:19:\x1b[m\x1b[K \x1b[01;35m\x1b[Kwarning: \x1b[m\x1b[Kunused variable \xe2\x80\x98\x1b[01m\x1b[Kspeeds_size\x1b[m\x1b[K\xe2\x80\x99 [\x1b[01;35m\x1b[K\x1b]8;;https://gcc.gnu.org/onlinedocs/gcc/Warning-Options.html#index-Wunused-variable\x07-Wunused-variable\x1b]8;;\x07\x1b[m\x1b[K]\n'}
[25.184001] (perception) StderrLine: {'line': b'   15 |         const int \x1b[01;35m\x1b[Kspeeds_size\x1b[m\x1b[K = speeds.local_speeds.size();\n'}
[25.184178] (perception) StderrLine: {'line': b'      |                   \x1b[01;35m\x1b[K^~~~~~~~~~~\x1b[m\x1b[K\n'}
[25.271417] (-) TimerEvent: {}
[25.371756] (-) TimerEvent: {}
[25.472094] (-) TimerEvent: {}
[25.572440] (-) TimerEvent: {}
[25.672769] (-) TimerEvent: {}
[25.773105] (-) TimerEvent: {}
[25.873446] (-) TimerEvent: {}
[25.973681] (-) TimerEvent: {}
[26.073916] (-) TimerEvent: {}
[26.174188] (-) TimerEvent: {}
[26.274426] (-) TimerEvent: {}
[26.374659] (-) TimerEvent: {}
[26.474897] (-) TimerEvent: {}
[26.575160] (-) TimerEvent: {}
[26.675430] (-) TimerEvent: {}
[26.775697] (-) TimerEvent: {}
[26.875968] (-) TimerEvent: {}
[26.976246] (-) TimerEvent: {}
[27.076483] (-) TimerEvent: {}
[27.176752] (-) TimerEvent: {}
[27.277024] (-) TimerEvent: {}
[27.278513] (perception) StdoutLine: {'line': b'[ 89%] \x1b[32m\x1b[1mLinking CXX shared library liblocal_planner.so\x1b[0m\n'}
[27.377165] (-) TimerEvent: {}
[27.477452] (-) TimerEvent: {}
[27.484028] (perception) StdoutLine: {'line': b'[ 89%] Built target local_planner\n'}
[27.494691] (perception) StdoutLine: {'line': b'[ 92%] \x1b[32mBuilding CXX object src/perception_process/CMakeFiles/perception_process.dir/perception_process_main.cpp.o\x1b[0m\n'}
[27.494971] (perception) StdoutLine: {'line': b'[ 94%] \x1b[32mBuilding CXX object src/perception_process/CMakeFiles/perception_process.dir/perception_process.cpp.o\x1b[0m\n'}
[27.577576] (-) TimerEvent: {}
[27.677815] (-) TimerEvent: {}
[27.778090] (-) TimerEvent: {}
[27.878330] (-) TimerEvent: {}
[27.978570] (-) TimerEvent: {}
[28.078823] (-) TimerEvent: {}
[28.131759] (perception) StdoutLine: {'line': b'[ 97%] \x1b[32m\x1b[1mLinking CXX executable car_move_cmd\x1b[0m\n'}
[28.178955] (-) TimerEvent: {}
[28.279251] (-) TimerEvent: {}
[28.379540] (-) TimerEvent: {}
[28.479825] (-) TimerEvent: {}
[28.580111] (-) TimerEvent: {}
[28.609553] (perception) StdoutLine: {'line': b'[ 97%] Built target car_move_cmd\n'}
[28.680246] (-) TimerEvent: {}
[28.780519] (-) TimerEvent: {}
[28.880776] (-) TimerEvent: {}
[28.981061] (-) TimerEvent: {}
[29.081341] (-) TimerEvent: {}
[29.181602] (-) TimerEvent: {}
[29.281883] (-) TimerEvent: {}
[29.382161] (-) TimerEvent: {}
[29.482456] (-) TimerEvent: {}
[29.582732] (-) TimerEvent: {}
[29.683022] (-) TimerEvent: {}
[29.783327] (-) TimerEvent: {}
[29.883661] (-) TimerEvent: {}
[29.983944] (-) TimerEvent: {}
[30.084216] (-) TimerEvent: {}
[30.184469] (-) TimerEvent: {}
[30.284755] (-) TimerEvent: {}
[30.385038] (-) TimerEvent: {}
[30.485314] (-) TimerEvent: {}
[30.585587] (-) TimerEvent: {}
[30.685865] (-) TimerEvent: {}
[30.786157] (-) TimerEvent: {}
[30.886446] (-) TimerEvent: {}
[30.986689] (-) TimerEvent: {}
[31.086966] (-) TimerEvent: {}
[31.187262] (-) TimerEvent: {}
[31.287540] (-) TimerEvent: {}
[31.387819] (-) TimerEvent: {}
[31.488060] (-) TimerEvent: {}
[31.588334] (-) TimerEvent: {}
[31.688633] (-) TimerEvent: {}
[31.788933] (-) TimerEvent: {}
[31.889214] (-) TimerEvent: {}
[31.989498] (-) TimerEvent: {}
[32.089752] (-) TimerEvent: {}
[32.190055] (-) TimerEvent: {}
[32.290376] (-) TimerEvent: {}
[32.390657] (-) TimerEvent: {}
[32.490945] (-) TimerEvent: {}
[32.591189] (-) TimerEvent: {}
[32.691473] (-) TimerEvent: {}
[32.791746] (-) TimerEvent: {}
[32.892020] (-) TimerEvent: {}
[32.992294] (-) TimerEvent: {}
[33.092566] (-) TimerEvent: {}
[33.192805] (-) TimerEvent: {}
[33.293075] (-) TimerEvent: {}
[33.393289] (-) TimerEvent: {}
[33.493527] (-) TimerEvent: {}
[33.593796] (-) TimerEvent: {}
[33.694068] (-) TimerEvent: {}
[33.794342] (-) TimerEvent: {}
[33.894580] (-) TimerEvent: {}
[33.994816] (-) TimerEvent: {}
[34.095092] (-) TimerEvent: {}
[34.195346] (-) TimerEvent: {}
[34.295652] (-) TimerEvent: {}
[34.395934] (-) TimerEvent: {}
[34.496177] (-) TimerEvent: {}
[34.596431] (-) TimerEvent: {}
[34.696716] (-) TimerEvent: {}
[34.797010] (-) TimerEvent: {}
[34.897307] (-) TimerEvent: {}
[34.997562] (-) TimerEvent: {}
[35.097870] (-) TimerEvent: {}
[35.198221] (-) TimerEvent: {}
[35.298505] (-) TimerEvent: {}
[35.398774] (-) TimerEvent: {}
[35.499036] (-) TimerEvent: {}
[35.599303] (-) TimerEvent: {}
[35.699569] (-) TimerEvent: {}
[35.799838] (-) TimerEvent: {}
[35.900103] (-) TimerEvent: {}
[36.000337] (-) TimerEvent: {}
[36.100600] (-) TimerEvent: {}
[36.200924] (-) TimerEvent: {}
[36.301201] (-) TimerEvent: {}
[36.401473] (-) TimerEvent: {}
[36.501734] (-) TimerEvent: {}
[36.602002] (-) TimerEvent: {}
[36.702288] (-) TimerEvent: {}
[36.802603] (-) TimerEvent: {}
[36.902911] (-) TimerEvent: {}
[37.003231] (-) TimerEvent: {}
[37.103567] (-) TimerEvent: {}
[37.203929] (-) TimerEvent: {}
[37.304287] (-) TimerEvent: {}
[37.404612] (-) TimerEvent: {}
[37.504878] (-) TimerEvent: {}
[37.605143] (-) TimerEvent: {}
[37.705413] (-) TimerEvent: {}
[37.805676] (-) TimerEvent: {}
[37.905950] (-) TimerEvent: {}
[38.006211] (-) TimerEvent: {}
[38.106483] (-) TimerEvent: {}
[38.206751] (-) TimerEvent: {}
[38.307010] (-) TimerEvent: {}
[38.407285] (-) TimerEvent: {}
[38.507513] (-) TimerEvent: {}
[38.607775] (-) TimerEvent: {}
[38.708040] (-) TimerEvent: {}
[38.808308] (-) TimerEvent: {}
[38.908569] (-) TimerEvent: {}
[39.008833] (-) TimerEvent: {}
[39.109093] (-) TimerEvent: {}
[39.209366] (-) TimerEvent: {}
[39.309626] (-) TimerEvent: {}
[39.409891] (-) TimerEvent: {}
[39.510152] (-) TimerEvent: {}
[39.610389] (-) TimerEvent: {}
[39.710651] (-) TimerEvent: {}
[39.810917] (-) TimerEvent: {}
[39.911192] (-) TimerEvent: {}
[40.011488] (-) TimerEvent: {}
[40.111757] (-) TimerEvent: {}
[40.212032] (-) TimerEvent: {}
[40.312297] (-) TimerEvent: {}
[40.412604] (-) TimerEvent: {}
[40.512948] (-) TimerEvent: {}
[40.613245] (-) TimerEvent: {}
[40.699154] (perception) StdoutLine: {'line': b'[100%] \x1b[32m\x1b[1mLinking CXX executable perception_process\x1b[0m\n'}
[40.713291] (-) TimerEvent: {}
[40.813588] (-) TimerEvent: {}
[40.913894] (-) TimerEvent: {}
[41.014210] (-) TimerEvent: {}
[41.114531] (-) TimerEvent: {}
[41.214829] (-) TimerEvent: {}
[41.315168] (-) TimerEvent: {}
[41.323515] (perception) StdoutLine: {'line': b'[100%] Built target perception_process\n'}
[41.328165] (perception) CommandEnded: {'returncode': 0}
[41.329083] (perception) JobProgress: {'identifier': 'perception', 'progress': 'install'}
[41.329459] (perception) Command: {'cmd': ['/usr/local/bin/cmake', '--install', '/home/abc/perception_with_ros2/build/perception'], 'cwd': '/home/abc/perception_with_ros2/build/perception', 'env': OrderedDict([('PYTHON_BASIC_REPL', '1'), ('LESSOPEN', '| /usr/bin/lesspipe %s'), ('LANGUAGE', 'en_US:en'), ('USER', 'abc'), ('LC_TIME', 'zh_CN.UTF-8'), ('XDG_SESSION_TYPE', 'x11'), ('GIT_ASKPASS', '/usr/share/code/resources/app/extensions/git/dist/askpass.sh'), ('SHLVL', '2'), ('LD_LIBRARY_PATH', '/home/abc/perception_with_ros2/install/base_msgs_per/lib:/home/abc/perception_with_ros2/install/perception/lib:/home/abc/planning_with_ros2/install/planning/lib:/home/abc/planning_with_ros2/install/planning/lib:/home/abc/planning_with_ros2/install/planning/lib:/home/abc/planning_with_ros2/install/planning/lib:/home/abc/planning_with_ros2/install/base_msgs/lib:/usr/lib/x86_64-linux-gnu/gazebo-11/plugins:/opt/ros/humble/opt/rviz_ogre_vendor/lib:/opt/ros/humble/lib/x86_64-linux-gnu:/opt/ros/humble/lib'), ('HOME', '/home/abc'), ('CHROME_DESKTOP', 'code.desktop'), ('OLDPWD', '/home/abc/perception_with_ros2/src'), ('TERM_PROGRAM_VERSION', '1.107.1'), ('DESKTOP_SESSION', 'ubuntu'), ('ROS_PYTHON_VERSION', '3'), ('GNOME_SHELL_SESSION_MODE', 'ubuntu'), ('GTK_MODULES', 'gail:atk-bridge'), ('VSCODE_GIT_ASKPASS_MAIN', '/usr/share/code/resources/app/extensions/git/dist/askpass-main.js'), ('LC_MONETARY', 'zh_CN.UTF-8'), ('VSCODE_GIT_ASKPASS_NODE', '/usr/share/code/code'), ('PYDEVD_DISABLE_FILE_VALIDATION', '1'), ('SYSTEMD_EXEC_PID', '1608'), ('BUNDLED_DEBUGPY_PATH', '/home/abc/.vscode/extensions/ms-python.debugpy-2025.18.0-linux-x64/bundled/libs/debugpy'), ('VSCODE_PYTHON_AUTOACTIVATE_GUARD', '1'), ('DBUS_SESSION_BUS_ADDRESS', 'unix:path=/run/user/1000/bus'), ('COLORTERM', 'truecolor'), ('COLCON_PREFIX_PATH', '/home/abc/perception_with_ros2/install:/home/abc/planning_with_ros2/install'), ('ROS_DISTRO', 'humble'), ('GTK_IM_MODULE', 'ibus'), ('LOGNAME', 'abc'), ('_', '/usr/bin/colcon'), ('ROS_VERSION', '2'), ('XDG_SESSION_CLASS', 'user'), ('USERNAME', 'abc'), ('TERM', 'xterm-256color'), ('GNOME_DESKTOP_SESSION_ID', 'this-is-deprecated'), ('ROS2_PLANNING_COURSE_INSTALL', '/home/abc/planning_with_ros2/install'), ('FC_FONTATIONS', '1'), ('ROS_LOCALHOST_ONLY', '0'), ('WINDOWPATH', '2'), ('PATH', '/home/abc/.config/Code/User/globalStorage/github.copilot-chat/debugCommand:/home/abc/.config/Code/User/globalStorage/github.copilot-chat/copilotCli:/opt/ros/humble/bin:/usr/local/sbin:/usr/local/bin:/usr/sbin:/usr/bin:/sbin:/bin:/usr/games:/usr/local/games:/snap/bin:/snap/bin:/home/abc/.vscode/extensions/ms-python.debugpy-2025.18.0-linux-x64/bundled/scripts/noConfigScripts'), ('SESSION_MANAGER', 'local/abc-G3-3500:@/tmp/.ICE-unix/1581,unix/abc-G3-3500:/tmp/.ICE-unix/1581'), ('PAPERSIZE', 'a4'), ('XDG_MENU_PREFIX', 'gnome-'), ('LC_ADDRESS', 'zh_CN.UTF-8'), ('GNOME_TERMINAL_SCREEN', '/org/gnome/Terminal/screen/de2f66bf_038d_4af9_a3ae_168c2f219a0f'), ('XDG_RUNTIME_DIR', '/run/user/1000'), ('GDK_BACKEND', 'x11'), ('DISPLAY', ':0'), ('VSCODE_DEBUGPY_ADAPTER_ENDPOINTS', '/home/abc/.vscode/extensions/ms-python.debugpy-2025.18.0-linux-x64/.noConfigDebugAdapterEndpoints/endpoint-0370d1c5f2548263.txt'), ('LANG', 'en_US.UTF-8'), ('XDG_CURRENT_DESKTOP', 'ubuntu:GNOME'), ('PYTHONSTARTUP', '/home/abc/.config/Code/User/workspaceStorage/28936fba8b94055b776ffa577577e387/ms-python.python/pythonrc.py'), ('LC_TELEPHONE', 'zh_CN.UTF-8'), ('XMODIFIERS', '@im=ibus'), ('XDG_SESSION_DESKTOP', 'ubuntu'), ('XAUTHORITY', '/run/user/1000/gdm/Xauthority'), ('LS_COLORS', 'rs=0:di=01;34:ln=01;36:mh=00:pi=40;33:so=01;35:do=01;35:bd=40;33;01:cd=40;33;01:or=40;31;01:mi=00:su=37;41:sg=30;43:ca=30;41:tw=30;42:ow=34;42:st=37;44:ex=01;32:*.tar=01;31:*.tgz=01;31:*.arc=01;31:*.arj=01;31:*.taz=01;31:*.lha=01;31:*.lz4=01;31:*.lzh=01;31:*.lzma=01;31:*.tlz=01;31:*.txz=01;31:*.tzo=01;31:*.t7z=01;31:*.zip=01;31:*.z=01;31:*.dz=01;31:*.gz=01;31:*.lrz=01;31:*.lz=01;31:*.lzo=01;31:*.xz=01;31:*.zst=01;31:*.tzst=01;31:*.bz2=01;31:*.bz=01;31:*.tbz=01;31:*.tbz2=01;31:*.tz=01;31:*.deb=01;31:*.rpm=01;31:*.jar=01;31:*.war=01;31:*.ear=01;31:*.sar=01;31:*.rar=01;31:*.alz=01;31:*.ace=01;31:*.zoo=01;31:*.cpio=01;31:*.7z=01;31:*.rz=01;31:*.cab=01;31:*.wim=01;31:*.swm=01;31:*.dwm=01;31:*.esd=01;31:*.jpg=01;35:*.jpeg=01;35:*.mjpg=01;35:*.mjpeg=01;35:*.gif=01;35:*.bmp=01;35:*.pbm=01;35:*.pgm=01;35:*.ppm=01;35:*.tga=01;35:*.xbm=01;35:*.xpm=01;35:*.tif=01;35:*.tiff=01;35:*.png=01;35:*.svg=01;35:*.svgz=01;35:*.mng=01;35:*.pcx=01;35:*.mov=01;35:*.mpg=01;35:*.mpeg=01;35:*.m2v=01;35:*.mkv=01;35:*.webm=01;35:*.webp=01;35:*.ogm=01;35:*.mp4=01;35:*.m4v=01;35:*.mp4v=01;35:*.vob=01;35:*.qt=01;35:*.nuv=01;35:*.wmv=01;35:*.asf=01;35:*.rm=01;35:*.rmvb=01;35:*.flc=01;35:*.avi=01;35:*.fli=01;35:*.flv=01;35:*.gl=01;35:*.dl=01;35:*.xcf=01;35:*.xwd=01;35:*.yuv=01;35:*.cgm=01;35:*.emf=01;35:*.ogv=01;35:*.ogx=01;35:*.aac=00;36:*.au=00;36:*.flac=00;36:*.m4a=00;36:*.mid=00;36:*.midi=00;36:*.mka=00;36:*.mp3=00;36:*.mpc=00;36:*.ogg=00;36:*.ra=00;36:*.wav=00;36:*.oga=00;36:*.opus=00;36:*.spx=00;36:*.xspf=00;36:'), ('ROS2_PERCEPTION_COURSE_INSTALL', '/home/abc/perception_with_ros2/install'), ('VSCODE_GIT_IPC_HANDLE', '/run/user/1000/vscode-git-5e4b9a72ca.sock'), ('GNOME_TERMINAL_SERVICE', ':1.525'), ('TERM_PROGRAM', 'vscode'), ('SSH_AGENT_LAUNCHER', 'gnome-keyring'), ('SSH_AUTH_SOCK', '/run/user/1000/keyring/ssh'), ('ROS_DOMAIN_ID', '2'), ('AMENT_PREFIX_PATH', '/home/abc/perception_with_ros2/install/perception:/home/abc/perception_with_ros2/install/data_plot_per:/home/abc/perception_with_ros2/install/base_msgs_per:/home/abc/planning_with_ros2/install/planning:/home/abc/planning_with_ros2/install/data_plot:/home/abc/planning_with_ros2/install/base_msgs:/opt/ros/humble'), ('SHELL', '/bin/bash'), ('LC_NAME', 'zh_CN.UTF-8'), ('QT_ACCESSIBILITY', '1'), ('GDMSESSION', 'ubuntu'), ('LESSCLOSE', '/usr/bin/lesspipe %s %s'), ('LC_MEASUREMENT', 'zh_CN.UTF-8'), ('GPG_AGENT_INFO', '/run/user/1000/gnupg/S.gpg-agent:0:1'), ('LC_IDENTIFICATION', 'zh_CN.UTF-8'), ('VSCODE_GIT_ASKPASS_EXTRA_ARGS', ''), ('QT_IM_MODULE', 'ibus'), ('PWD', '/home/abc/perception_with_ros2/build/perception'), ('LC_ALL', 'en_US.UTF-8'), ('XDG_CONFIG_DIRS', '/etc/xdg/xdg-ubuntu:/etc/xdg'), ('XDG_DATA_DIRS', '/usr/share/ubuntu:/usr/share/gnome:/usr/local/share/:/usr/share/:/var/lib/snapd/desktop'), ('PYTHONPATH', '/home/abc/perception_with_ros2/install/base_msgs_per/local/lib/python3.10/dist-packages:/home/abc/perception_with_ros2/install/data_plot_per/lib/python3.10/site-packages:/home/abc/planning_with_ros2/install/data_plot/lib/python3.10/site-packages:/home/abc/planning_with_ros2/install/base_msgs/local/lib/python3.10/dist-packages:/opt/ros/humble/lib/python3.10/site-packages:/opt/ros/humble/local/lib/python3.10/dist-packages'), ('LC_NUMERIC', 'zh_CN.UTF-8'), ('LC_PAPER', 'zh_CN.UTF-8'), ('COLCON', '1'), ('VTE_VERSION', '6800'), ('CMAKE_PREFIX_PATH', '/home/abc/perception_with_ros2/install/base_msgs_per:/home/abc/perception_with_ros2/install/perception:/home/abc/planning_with_ros2/install/planning:/home/abc/planning_with_ros2/install/base_msgs:/home/abc/perception_with_ros2/install/data_plot_per:/home/abc/planning_with_ros2/install/data_plot:/opt/ros/humble')]), 'shell': False}
[41.332333] (perception) StdoutLine: {'line': b'-- Install configuration: ""\n'}
[41.332644] (perception) StdoutLine: {'line': b'-- Installing: /home/abc/perception_with_ros2/install/perception/lib/libconfig_reader.so\n'}
[41.333347] (perception) StdoutLine: {'line': b'-- Set non-toolchain portion of runtime path of "/home/abc/perception_with_ros2/install/perception/lib/libconfig_reader.so" to ""\n'}
[41.333472] (perception) StdoutLine: {'line': b'-- Installing: /home/abc/perception_with_ros2/install/perception/lib/libmathlibs.so\n'}
[41.338021] (perception) StdoutLine: {'line': b'-- Set non-toolchain portion of runtime path of "/home/abc/perception_with_ros2/install/perception/lib/libmathlibs.so" to ""\n'}
[41.338214] (perception) StdoutLine: {'line': b'-- Installing: /home/abc/perception_with_ros2/install/perception/lib/libdecision_center.so\n'}
[41.338690] (perception) StdoutLine: {'line': b'-- Set non-toolchain portion of runtime path of "/home/abc/perception_with_ros2/install/perception/lib/libdecision_center.so" to ""\n'}
[41.338890] (perception) StdoutLine: {'line': b'-- Installing: /home/abc/perception_with_ros2/install/perception/lib/libpnc_map_creator.so\n'}
[41.339456] (perception) StdoutLine: {'line': b'-- Set non-toolchain portion of runtime path of "/home/abc/perception_with_ros2/install/perception/lib/libpnc_map_creator.so" to ""\n'}
[41.339587] (perception) StdoutLine: {'line': b'-- Installing: /home/abc/perception_with_ros2/install/perception/lib/perception/pnc_map_server\n'}
[41.340920] (perception) StdoutLine: {'line': b'-- Set non-toolchain portion of runtime path of "/home/abc/perception_with_ros2/install/perception/lib/perception/pnc_map_server" to ""\n'}
[41.341174] (perception) StdoutLine: {'line': b'-- Installing: /home/abc/perception_with_ros2/install/perception/lib/libglobal_planner.so\n'}
[41.341549] (perception) StdoutLine: {'line': b'-- Set non-toolchain portion of runtime path of "/home/abc/perception_with_ros2/install/perception/lib/libglobal_planner.so" to ""\n'}
[41.341656] (perception) StdoutLine: {'line': b'-- Installing: /home/abc/perception_with_ros2/install/perception/lib/perception/global_path_server\n'}
[41.343079] (perception) StdoutLine: {'line': b'-- Set non-toolchain portion of runtime path of "/home/abc/perception_with_ros2/install/perception/lib/perception/global_path_server" to ""\n'}
[41.343373] (perception) StdoutLine: {'line': b'-- Installing: /home/abc/perception_with_ros2/install/perception/lib/liblocal_planner.so\n'}
[41.344055] (perception) StdoutLine: {'line': b'-- Set non-toolchain portion of runtime path of "/home/abc/perception_with_ros2/install/perception/lib/liblocal_planner.so" to ""\n'}
[41.344204] (perception) StdoutLine: {'line': b'-- Installing: /home/abc/perception_with_ros2/install/perception/lib/libreference_line.so\n'}
[41.345227] (perception) StdoutLine: {'line': b'-- Set non-toolchain portion of runtime path of "/home/abc/perception_with_ros2/install/perception/lib/libreference_line.so" to ""\n'}
[41.345515] (perception) StdoutLine: {'line': b'-- Installing: /home/abc/perception_with_ros2/install/perception/lib/perception/osqp_test\n'}
[41.345976] (perception) StdoutLine: {'line': b'-- Set non-toolchain portion of runtime path of "/home/abc/perception_with_ros2/install/perception/lib/perception/osqp_test" to ""\n'}
[41.346082] (perception) StdoutLine: {'line': b'-- Installing: /home/abc/perception_with_ros2/install/perception/lib/perception/newton_test\n'}
[41.346378] (perception) StdoutLine: {'line': b'-- Set non-toolchain portion of runtime path of "/home/abc/perception_with_ros2/install/perception/lib/perception/newton_test" to ""\n'}
[41.346618] (perception) StdoutLine: {'line': b'-- Installing: /home/abc/perception_with_ros2/install/perception/lib/libvehicle_info.so\n'}
[41.347025] (perception) StdoutLine: {'line': b'-- Set non-toolchain portion of runtime path of "/home/abc/perception_with_ros2/install/perception/lib/libvehicle_info.so" to ""\n'}
[41.347176] (perception) StdoutLine: {'line': b'-- Installing: /home/abc/perception_with_ros2/install/perception/lib/perception/perception_process\n'}
[41.351484] (perception) StdoutLine: {'line': b'-- Set non-toolchain portion of runtime path of "/home/abc/perception_with_ros2/install/perception/lib/perception/perception_process" to ""\n'}
[41.351734] (perception) StdoutLine: {'line': b'-- Installing: /home/abc/perception_with_ros2/install/perception/lib/perception/car_move_cmd\n'}
[41.354484] (perception) StdoutLine: {'line': b'-- Set non-toolchain portion of runtime path of "/home/abc/perception_with_ros2/install/perception/lib/perception/car_move_cmd" to ""\n'}
[41.354607] (perception) StdoutLine: {'line': b'-- Installing: /home/abc/perception_with_ros2/install/perception/lib/perception/obs_move_cmd\n'}
[41.355436] (perception) StdoutLine: {'line': b'-- Set non-toolchain portion of runtime path of "/home/abc/perception_with_ros2/install/perception/lib/perception/obs_move_cmd" to ""\n'}
[41.355620] (perception) StdoutLine: {'line': b'-- Installing: /home/abc/perception_with_ros2/install/perception/share/perception/config\n'}
[41.356206] (perception) StdoutLine: {'line': b'-- Installing: /home/abc/perception_with_ros2/install/perception/share/perception/config/perception_static_obs_config.yaml\n'}
[41.356412] (perception) StdoutLine: {'line': b'-- Installing: /home/abc/perception_with_ros2/install/perception/share/perception/config/perception_dynamic_obs_config.yaml\n'}
[41.356508] (perception) StdoutLine: {'line': b'-- Installing: /home/abc/perception_with_ros2/install/perception/share/perception/launch\n'}
[41.356605] (perception) StdoutLine: {'line': b'-- Installing: /home/abc/perception_with_ros2/install/perception/share/perception/launch/perception_launch.py\n'}
[41.356706] (perception) StdoutLine: {'line': b'-- Installing: /home/abc/perception_with_ros2/install/perception/share/perception/launch/move_cmd_launch.py\n'}
[41.356787] (perception) StdoutLine: {'line': b'-- Installing: /home/abc/perception_with_ros2/install/perception/share/perception/urdf\n'}
[41.356848] (perception) StdoutLine: {'line': b'-- Installing: /home/abc/perception_with_ros2/install/perception/share/perception/urdf/main_car\n'}
[41.356933] (perception) StdoutLine: {'line': b'-- Installing: /home/abc/perception_with_ros2/install/perception/share/perception/urdf/main_car/car_camera.xacro\n'}
[41.357020] (perception) StdoutLine: {'line': b'-- Installing: /home/abc/perception_with_ros2/install/perception/share/perception/urdf/main_car/car_base.xacro\n'}
[41.357108] (perception) StdoutLine: {'line': b'-- Installing: /home/abc/perception_with_ros2/install/perception/share/perception/urdf/main_car/car_radar.xacro\n'}
[41.357214] (perception) StdoutLine: {'line': b'-- Installing: /home/abc/perception_with_ros2/install/perception/share/perception/urdf/main_car/car.xacro\n'}
[41.357319] (perception) StdoutLine: {'line': b'-- Installing: /home/abc/perception_with_ros2/install/perception/share/perception/urdf/main_car/car_wheels.xacro\n'}
[41.357383] (perception) StdoutLine: {'line': b'-- Installing: /home/abc/perception_with_ros2/install/perception/share/perception/urdf/obs_car\n'}
[41.357467] (perception) StdoutLine: {'line': b'-- Installing: /home/abc/perception_with_ros2/install/perception/share/perception/urdf/obs_car/obs_car.xacro\n'}
[41.357558] (perception) StdoutLine: {'line': b'-- Installing: /home/abc/perception_with_ros2/install/perception/share/perception/rviz\n'}
[41.357616] (perception) StdoutLine: {'line': b'-- Installing: /home/abc/perception_with_ros2/install/perception/share/perception/rviz/perception.rviz\n'}
[41.357699] (perception) StdoutLine: {'line': b'-- Installing: /home/abc/perception_with_ros2/install/perception/share/ament_index/resource_index/package_run_dependencies/perception\n'}
[41.357835] (perception) StdoutLine: {'line': b'-- Installing: /home/abc/perception_with_ros2/install/perception/share/ament_index/resource_index/parent_prefix_path/perception\n'}
[41.357968] (perception) StdoutLine: {'line': b'-- Installing: /home/abc/perception_with_ros2/install/perception/share/perception/environment/ament_prefix_path.sh\n'}
[41.358067] (perception) StdoutLine: {'line': b'-- Installing: /home/abc/perception_with_ros2/install/perception/share/perception/environment/ament_prefix_path.dsv\n'}
[41.358167] (perception) StdoutLine: {'line': b'-- Installing: /home/abc/perception_with_ros2/install/perception/share/perception/environment/path.sh\n'}
[41.358289] (perception) StdoutLine: {'line': b'-- Installing: /home/abc/perception_with_ros2/install/perception/share/perception/environment/path.dsv\n'}
[41.358384] (perception) StdoutLine: {'line': b'-- Installing: /home/abc/perception_with_ros2/install/perception/share/perception/local_setup.bash\n'}
[41.358479] (perception) StdoutLine: {'line': b'-- Installing: /home/abc/perception_with_ros2/install/perception/share/perception/local_setup.sh\n'}
[41.358580] (perception) StdoutLine: {'line': b'-- Installing: /home/abc/perception_with_ros2/install/perception/share/perception/local_setup.zsh\n'}
[41.358677] (perception) StdoutLine: {'line': b'-- Installing: /home/abc/perception_with_ros2/install/perception/share/perception/local_setup.dsv\n'}
[41.358769] (perception) StdoutLine: {'line': b'-- Installing: /home/abc/perception_with_ros2/install/perception/share/perception/package.dsv\n'}
[41.358901] (perception) StdoutLine: {'line': b'-- Installing: /home/abc/perception_with_ros2/install/perception/share/ament_index/resource_index/packages/perception\n'}
[41.359020] (perception) StdoutLine: {'line': b'-- Installing: /home/abc/perception_with_ros2/install/perception/share/perception/cmake/perceptionConfig.cmake\n'}
[41.359094] (perception) StdoutLine: {'line': b'-- Installing: /home/abc/perception_with_ros2/install/perception/share/perception/cmake/perceptionConfig-version.cmake\n'}
[41.359184] (perception) StdoutLine: {'line': b'-- Installing: /home/abc/perception_with_ros2/install/perception/share/perception/package.xml\n'}
[41.360276] (perception) CommandEnded: {'returncode': 0}
[41.374251] (perception) JobEnded: {'identifier': 'perception', 'rc': 0}
[41.374888] (-) EventReactorShutdown: {}
