[0.000000] (-) TimerEvent: {}
[0.000369] (base_msgs_per) JobQueued: {'identifier': 'base_msgs_per', 'dependencies': OrderedDict()}
[0.000559] (data_plot_per) JobQueued: {'identifier': 'data_plot_per', 'dependencies': OrderedDict()}
[0.000578] (perception) JobQueued: {'identifier': 'perception', 'dependencies': OrderedDict([('base_msgs_per', '/home/abc/perception_with_ros2/install/base_msgs_per')])}
[0.000599] (base_msgs_per) JobStarted: {'identifier': 'base_msgs_per'}
[0.005989] (data_plot_per) JobStarted: {'identifier': 'data_plot_per'}
[0.011601] (base_msgs_per) JobProgress: {'identifier': 'base_msgs_per', 'progress': 'cmake'}
[0.011943] (base_msgs_per) Command: {'cmd': ['/usr/local/bin/cmake', '/home/abc/perception_with_ros2/src/base_msgs_per', '-DCMAKE_INSTALL_PREFIX=/home/abc/perception_with_ros2/install/base_msgs_per'], 'cwd': '/home/abc/perception_with_ros2/build/base_msgs_per', 'env': OrderedDict([('GJS_DEBUG_TOPICS', 'JS ERROR;JS LOG'), ('PYTHON_BASIC_REPL', '1'), ('LESSOPEN', '| /usr/bin/lesspipe %s'), ('LANGUAGE', 'en_US:en'), ('USER', 'abc'), ('LC_TIME', 'zh_CN.UTF-8'), ('XDG_SESSION_TYPE', 'x11'), ('GIT_ASKPASS', '/usr/share/code/resources/app/extensions/git/dist/askpass.sh'), ('SHLVL', '1'), ('LD_LIBRARY_PATH', '/home/abc/perception_with_ros2/install/perception/lib:/home/abc/perception_with_ros2/install/perception/lib:/home/abc/perception_with_ros2/install/perception/lib:/home/abc/perception_with_ros2/install/base_msgs_per/lib:/home/abc/planning_with_ros2/install/planning/lib:/home/abc/planning_with_ros2/install/base_msgs/lib:/usr/lib/x86_64-linux-gnu/gazebo-11/plugins:/opt/ros/humble/opt/rviz_ogre_vendor/lib:/opt/ros/humble/lib/x86_64-linux-gnu:/opt/ros/humble/lib'), ('HOME', '/home/abc'), ('CHROME_DESKTOP', 'code.desktop'), ('TERM_PROGRAM_VERSION', '1.107.1'), ('DESKTOP_SESSION', 'ubuntu'), ('GIO_LAUNCHED_DESKTOP_FILE', '/usr/share/applications/code.desktop'), ('ROS_PYTHON_VERSION', '3'), ('GNOME_SHELL_SESSION_MODE', 'ubuntu'), ('GTK_MODULES', 'gail:atk-bridge'), ('VSCODE_GIT_ASKPASS_MAIN', '/usr/share/code/resources/app/extensions/git/dist/askpass-main.js'), ('LC_MONETARY', 'zh_CN.UTF-8'), ('VSCODE_GIT_ASKPASS_NODE', '/usr/share/code/code'), ('MANAGERPID', '1149'), ('PYDEVD_DISABLE_FILE_VALIDATION', '1'), ('SYSTEMD_EXEC_PID', '1608'), ('BUNDLED_DEBUGPY_PATH', '/home/abc/.vscode/extensions/ms-python.debugpy-2025.18.0-linux-x64/bundled/libs/debugpy'), ('VSCODE_PYTHON_AUTOACTIVATE_GUARD', '1'), ('DBUS_SESSION_BUS_ADDRESS', 'unix:path=/run/user/1000/bus'), ('COLORTERM', 'truecolor'), ('GIO_LAUNCHED_DESKTOP_FILE_PID', '317710'), ('COLCON_PREFIX_PATH', '/home/abc/perception_with_ros2/install:/home/abc/planning_with_ros2/install'), ('ROS_DISTRO', 'humble'), ('GTK_IM_MODULE', 'ibus'), ('LOGNAME', 'abc'), ('JOURNAL_STREAM', '8:909'), ('_', '/usr/bin/colcon'), ('ROS_VERSION', '2'), ('XDG_SESSION_CLASS', 'user'), ('USERNAME', 'abc'), ('TERM', 'xterm-256color'), ('GNOME_DESKTOP_SESSION_ID', 'this-is-deprecated'), ('FC_FONTATIONS', '1'), ('ROS_LOCALHOST_ONLY', '0'), ('WINDOWPATH', '2'), ('PATH', '/home/abc/.config/Code/User/globalStorage/github.copilot-chat/debugCommand:/home/abc/.config/Code/User/globalStorage/github.copilot-chat/copilotCli:/opt/ros/humble/bin:/usr/local/sbin:/usr/local/bin:/usr/sbin:/usr/bin:/sbin:/bin:/usr/games:/usr/local/games:/snap/bin:/snap/bin:/home/abc/.vscode/extensions/ms-python.debugpy-2025.18.0-linux-x64/bundled/scripts/noConfigScripts'), ('SESSION_MANAGER', 'local/abc-G3-3500:@/tmp/.ICE-unix/1581,unix/abc-G3-3500:/tmp/.ICE-unix/1581'), ('INVOCATION_ID', 'c5577e6a91294bed97fcbd6a37e1442b'), ('PAPERSIZE', 'a4'), ('XDG_MENU_PREFIX', 'gnome-'), ('LC_ADDRESS', 'zh_CN.UTF-8'), ('XDG_RUNTIME_DIR', '/run/user/1000'), ('GDK_BACKEND', 'x11'), ('DISPLAY', ':0'), ('VSCODE_DEBUGPY_ADAPTER_ENDPOINTS', '/home/abc/.vscode/extensions/ms-python.debugpy-2025.18.0-linux-x64/.noConfigDebugAdapterEndpoints/endpoint-0370d1c5f2548263.txt'), ('LANG', 'en_US.UTF-8'), ('XDG_CURRENT_DESKTOP', 'ubuntu:GNOME'), ('PYTHONSTARTUP', '/home/abc/.config/Code/User/workspaceStorage/28936fba8b94055b776ffa577577e387/ms-python.python/pythonrc.py'), ('LC_TELEPHONE', 'zh_CN.UTF-8'), ('XMODIFIERS', '@im=ibus'), ('XDG_SESSION_DESKTOP', 'ubuntu'), ('XAUTHORITY', '/run/user/1000/gdm/Xauthority'), ('LS_COLORS', 'rs=0:di=01;34:ln=01;36:mh=00:pi=40;33:so=01;35:do=01;35:bd=40;33;01:cd=40;33;01:or=40;31;01:mi=00:su=37;41:sg=30;43:ca=30;41:tw=30;42:ow=34;42:st=37;44:ex=01;32:*.tar=01;31:*.tgz=01;31:*.arc=01;31:*.arj=01;31:*.taz=01;31:*.lha=01;31:*.lz4=01;31:*.lzh=01;31:*.lzma=01;31:*.tlz=01;31:*.txz=01;31:*.tzo=01;31:*.t7z=01;31:*.zip=01;31:*.z=01;31:*.dz=01;31:*.gz=01;31:*.lrz=01;31:*.lz=01;31:*.lzo=01;31:*.xz=01;31:*.zst=01;31:*.tzst=01;31:*.bz2=01;31:*.bz=01;31:*.tbz=01;31:*.tbz2=01;31:*.tz=01;31:*.deb=01;31:*.rpm=01;31:*.jar=01;31:*.war=01;31:*.ear=01;31:*.sar=01;31:*.rar=01;31:*.alz=01;31:*.ace=01;31:*.zoo=01;31:*.cpio=01;31:*.7z=01;31:*.rz=01;31:*.cab=01;31:*.wim=01;31:*.swm=01;31:*.dwm=01;31:*.esd=01;31:*.jpg=01;35:*.jpeg=01;35:*.mjpg=01;35:*.mjpeg=01;35:*.gif=01;35:*.bmp=01;35:*.pbm=01;35:*.pgm=01;35:*.ppm=01;35:*.tga=01;35:*.xbm=01;35:*.xpm=01;35:*.tif=01;35:*.tiff=01;35:*.png=01;35:*.svg=01;35:*.svgz=01;35:*.mng=01;35:*.pcx=01;35:*.mov=01;35:*.mpg=01;35:*.mpeg=01;35:*.m2v=01;35:*.mkv=01;35:*.webm=01;35:*.webp=01;35:*.ogm=01;35:*.mp4=01;35:*.m4v=01;35:*.mp4v=01;35:*.vob=01;35:*.qt=01;35:*.nuv=01;35:*.wmv=01;35:*.asf=01;35:*.rm=01;35:*.rmvb=01;35:*.flc=01;35:*.avi=01;35:*.fli=01;35:*.flv=01;35:*.gl=01;35:*.dl=01;35:*.xcf=01;35:*.xwd=01;35:*.yuv=01;35:*.cgm=01;35:*.emf=01;35:*.ogv=01;35:*.ogx=01;35:*.aac=00;36:*.au=00;36:*.flac=00;36:*.m4a=00;36:*.mid=00;36:*.midi=00;36:*.mka=00;36:*.mp3=00;36:*.mpc=00;36:*.ogg=00;36:*.ra=00;36:*.wav=00;36:*.oga=00;36:*.opus=00;36:*.spx=00;36:*.xspf=00;36:'), ('ROS2_PERCEPTION_COURSE_INSTALL', '/home/abc/perception_with_ros2/install'), ('VSCODE_GIT_IPC_HANDLE', '/run/user/1000/vscode-git-5e4b9a72ca.sock'), ('TERM_PROGRAM', 'vscode'), ('SSH_AGENT_LAUNCHER', 'gnome-keyring'), ('SSH_AUTH_SOCK', '/run/user/1000/keyring/ssh'), ('ROS_DOMAIN_ID', '2'), ('AMENT_PREFIX_PATH', '/home/abc/perception_with_ros2/install/perception:/home/abc/perception_with_ros2/install/data_plot_per:/home/abc/perception_with_ros2/install/base_msgs_per:/home/abc/planning_with_ros2/install/planning:/home/abc/planning_with_ros2/install/data_plot:/home/abc/planning_with_ros2/install/base_msgs:/opt/ros/humble'), ('SHELL', '/bin/bash'), ('LC_NAME', 'zh_CN.UTF-8'), ('QT_ACCESSIBILITY', '1'), ('GDMSESSION', 'ubuntu'), ('LESSCLOSE', '/usr/bin/lesspipe %s %s'), ('LC_MEASUREMENT', 'zh_CN.UTF-8'), ('GPG_AGENT_INFO', '/run/user/1000/gnupg/S.gpg-agent:0:1'), ('GJS_DEBUG_OUTPUT', 'stderr'), ('LC_IDENTIFICATION', 'zh_CN.UTF-8'), ('VSCODE_GIT_ASKPASS_EXTRA_ARGS', ''), ('QT_IM_MODULE', 'ibus'), ('PWD', '/home/abc/perception_with_ros2/build/base_msgs_per'), ('LC_ALL', 'en_US.UTF-8'), ('XDG_CONFIG_DIRS', '/etc/xdg/xdg-ubuntu:/etc/xdg'), ('XDG_DATA_DIRS', '/usr/share/ubuntu:/usr/share/gnome:/usr/local/share/:/usr/share/:/var/lib/snapd/desktop'), ('PYTHONPATH', '/home/abc/perception_with_ros2/install/data_plot_per/lib/python3.10/site-packages:/home/abc/perception_with_ros2/install/base_msgs_per/local/lib/python3.10/dist-packages:/home/abc/planning_with_ros2/install/data_plot/lib/python3.10/site-packages:/home/abc/planning_with_ros2/install/base_msgs/local/lib/python3.10/dist-packages:/opt/ros/humble/lib/python3.10/site-packages:/opt/ros/humble/local/lib/python3.10/dist-packages'), ('LC_NUMERIC', 'zh_CN.UTF-8'), ('LC_PAPER', 'zh_CN.UTF-8'), ('COLCON', '1'), ('CMAKE_PREFIX_PATH', '/home/abc/perception_with_ros2/install/perception:/home/abc/perception_with_ros2/install/base_msgs_per:/home/abc/planning_with_ros2/install/planning:/home/abc/planning_with_ros2/install/base_msgs:/home/abc/perception_with_ros2/install/data_plot_per:/home/abc/planning_with_ros2/install/data_plot:/opt/ros/humble')]), 'shell': False}
[0.056986] (base_msgs_per) StdoutLine: {'line': b'-- The C compiler identification is GNU 11.4.0\n'}
[0.099777] (-) TimerEvent: {}
[0.108763] (base_msgs_per) StdoutLine: {'line': b'-- The CXX compiler identification is GNU 11.4.0\n'}
[0.116375] (base_msgs_per) StdoutLine: {'line': b'-- Detecting C compiler ABI info\n'}
[0.194449] (base_msgs_per) StdoutLine: {'line': b'-- Detecting C compiler ABI info - done\n'}
[0.199883] (-) TimerEvent: {}
[0.219315] (base_msgs_per) StdoutLine: {'line': b'-- Check for working C compiler: /usr/bin/cc - skipped\n'}
[0.219932] (base_msgs_per) StdoutLine: {'line': b'-- Detecting C compile features\n'}
[0.220857] (base_msgs_per) StdoutLine: {'line': b'-- Detecting C compile features - done\n'}
[0.234668] (base_msgs_per) StdoutLine: {'line': b'-- Detecting CXX compiler ABI info\n'}
[0.299442] (base_msgs_per) StdoutLine: {'line': b'-- Detecting CXX compiler ABI info - done\n'}
[0.299950] (-) TimerEvent: {}
[0.319475] (base_msgs_per) StdoutLine: {'line': b'-- Check for working CXX compiler: /usr/bin/c++ - skipped\n'}
[0.319872] (base_msgs_per) StdoutLine: {'line': b'-- Detecting CXX compile features\n'}
[0.320535] (base_msgs_per) StdoutLine: {'line': b'-- Detecting CXX compile features - done\n'}
[0.326803] (base_msgs_per) StdoutLine: {'line': b'-- Found ament_cmake: 1.3.12 (/opt/ros/humble/share/ament_cmake/cmake)\n'}
[0.400054] (-) TimerEvent: {}
[0.450729] (base_msgs_per) StdoutLine: {'line': b'-- Found Python3: /usr/bin/python3 (found version "3.10.12") found components: Interpreter\n'}
[0.500166] (-) TimerEvent: {}
[0.534095] (base_msgs_per) StdoutLine: {'line': b'-- Found rosidl_default_generators: 1.2.0 (/opt/ros/humble/share/rosidl_default_generators/cmake)\n'}
[0.537686] (base_msgs_per) StdoutLine: {'line': b'-- Using all available rosidl_typesupport_c: rosidl_typesupport_fastrtps_c;rosidl_typesupport_introspection_c\n'}
[0.544642] (base_msgs_per) StdoutLine: {'line': b'-- Found rosidl_adapter: 3.1.7 (/opt/ros/humble/share/rosidl_adapter/cmake)\n'}
[0.591182] (base_msgs_per) StdoutLine: {'line': b'-- Using all available rosidl_typesupport_cpp: rosidl_typesupport_fastrtps_cpp;rosidl_typesupport_introspection_cpp\n'}
[0.600267] (-) TimerEvent: {}
[0.634885] (base_msgs_per) StdoutLine: {'line': b'-- Found visualization_msgs: 4.9.0 (/opt/ros/humble/share/visualization_msgs/cmake)\n'}
[0.673036] (data_plot_per) Command: {'cmd': ['/usr/bin/python3', '-W', 'ignore:setup.py install is deprecated', '-W', 'ignore:easy_install command is deprecated', 'setup.py', 'egg_info', '--egg-base', '../../build/data_plot_per', 'build', '--build-base', '/home/abc/perception_with_ros2/build/data_plot_per/build', 'install', '--record', '/home/abc/perception_with_ros2/build/data_plot_per/install.log', '--single-version-externally-managed', 'install_data'], 'cwd': '/home/abc/perception_with_ros2/src/data_plot_per', 'env': {'GJS_DEBUG_TOPICS': 'JS ERROR;JS LOG', 'PYTHON_BASIC_REPL': '1', 'LESSOPEN': '| /usr/bin/lesspipe %s', 'LANGUAGE': 'en_US:en', 'USER': 'abc', 'LC_TIME': 'zh_CN.UTF-8', 'XDG_SESSION_TYPE': 'x11', 'GIT_ASKPASS': '/usr/share/code/resources/app/extensions/git/dist/askpass.sh', 'SHLVL': '1', 'LD_LIBRARY_PATH': '/home/abc/perception_with_ros2/install/perception/lib:/home/abc/perception_with_ros2/install/perception/lib:/home/abc/perception_with_ros2/install/perception/lib:/home/abc/perception_with_ros2/install/base_msgs_per/lib:/home/abc/planning_with_ros2/install/planning/lib:/home/abc/planning_with_ros2/install/base_msgs/lib:/usr/lib/x86_64-linux-gnu/gazebo-11/plugins:/opt/ros/humble/opt/rviz_ogre_vendor/lib:/opt/ros/humble/lib/x86_64-linux-gnu:/opt/ros/humble/lib', 'HOME': '/home/abc', 'CHROME_DESKTOP': 'code.desktop', 'TERM_PROGRAM_VERSION': '1.107.1', 'DESKTOP_SESSION': 'ubuntu', 'GIO_LAUNCHED_DESKTOP_FILE': '/usr/share/applications/code.desktop', 'ROS_PYTHON_VERSION': '3', 'GNOME_SHELL_SESSION_MODE': 'ubuntu', 'GTK_MODULES': 'gail:atk-bridge', 'VSCODE_GIT_ASKPASS_MAIN': '/usr/share/code/resources/app/extensions/git/dist/askpass-main.js', 'LC_MONETARY': 'zh_CN.UTF-8', 'VSCODE_GIT_ASKPASS_NODE': '/usr/share/code/code', 'MANAGERPID': '1149', 'PYDEVD_DISABLE_FILE_VALIDATION': '1', 'SYSTEMD_EXEC_PID': '1608', 'BUNDLED_DEBUGPY_PATH': '/home/abc/.vscode/extensions/ms-python.debugpy-2025.18.0-linux-x64/bundled/libs/debugpy', 'VSCODE_PYTHON_AUTOACTIVATE_GUARD': '1', 'DBUS_SESSION_BUS_ADDRESS': 'unix:path=/run/user/1000/bus', 'COLORTERM': 'truecolor', 'GIO_LAUNCHED_DESKTOP_FILE_PID': '317710', 'COLCON_PREFIX_PATH': '/home/abc/perception_with_ros2/install:/home/abc/planning_with_ros2/install', 'ROS_DISTRO': 'humble', 'GTK_IM_MODULE': 'ibus', 'LOGNAME': 'abc', 'JOURNAL_STREAM': '8:909', '_': '/usr/bin/colcon', 'ROS_VERSION': '2', 'XDG_SESSION_CLASS': 'user', 'USERNAME': 'abc', 'TERM': 'xterm-256color', 'GNOME_DESKTOP_SESSION_ID': 'this-is-deprecated', 'FC_FONTATIONS': '1', 'ROS_LOCALHOST_ONLY': '0', 'WINDOWPATH': '2', 'PATH': '/home/abc/.config/Code/User/globalStorage/github.copilot-chat/debugCommand:/home/abc/.config/Code/User/globalStorage/github.copilot-chat/copilotCli:/opt/ros/humble/bin:/usr/local/sbin:/usr/local/bin:/usr/sbin:/usr/bin:/sbin:/bin:/usr/games:/usr/local/games:/snap/bin:/snap/bin:/home/abc/.vscode/extensions/ms-python.debugpy-2025.18.0-linux-x64/bundled/scripts/noConfigScripts', 'SESSION_MANAGER': 'local/abc-G3-3500:@/tmp/.ICE-unix/1581,unix/abc-G3-3500:/tmp/.ICE-unix/1581', 'INVOCATION_ID': 'c5577e6a91294bed97fcbd6a37e1442b', 'PAPERSIZE': 'a4', 'XDG_MENU_PREFIX': 'gnome-', 'LC_ADDRESS': 'zh_CN.UTF-8', 'XDG_RUNTIME_DIR': '/run/user/1000', 'GDK_BACKEND': 'x11', 'DISPLAY': ':0', 'VSCODE_DEBUGPY_ADAPTER_ENDPOINTS': '/home/abc/.vscode/extensions/ms-python.debugpy-2025.18.0-linux-x64/.noConfigDebugAdapterEndpoints/endpoint-0370d1c5f2548263.txt', 'LANG': 'en_US.UTF-8', 'XDG_CURRENT_DESKTOP': 'ubuntu:GNOME', 'PYTHONSTARTUP': '/home/abc/.config/Code/User/workspaceStorage/28936fba8b94055b776ffa577577e387/ms-python.python/pythonrc.py', 'LC_TELEPHONE': 'zh_CN.UTF-8', 'XMODIFIERS': '@im=ibus', 'XDG_SESSION_DESKTOP': 'ubuntu', 'XAUTHORITY': '/run/user/1000/gdm/Xauthority', 'LS_COLORS': 'rs=0:di=01;34:ln=01;36:mh=00:pi=40;33:so=01;35:do=01;35:bd=40;33;01:cd=40;33;01:or=40;31;01:mi=00:su=37;41:sg=30;43:ca=30;41:tw=30;42:ow=34;42:st=37;44:ex=01;32:*.tar=01;31:*.tgz=01;31:*.arc=01;31:*.arj=01;31:*.taz=01;31:*.lha=01;31:*.lz4=01;31:*.lzh=01;31:*.lzma=01;31:*.tlz=01;31:*.txz=01;31:*.tzo=01;31:*.t7z=01;31:*.zip=01;31:*.z=01;31:*.dz=01;31:*.gz=01;31:*.lrz=01;31:*.lz=01;31:*.lzo=01;31:*.xz=01;31:*.zst=01;31:*.tzst=01;31:*.bz2=01;31:*.bz=01;31:*.tbz=01;31:*.tbz2=01;31:*.tz=01;31:*.deb=01;31:*.rpm=01;31:*.jar=01;31:*.war=01;31:*.ear=01;31:*.sar=01;31:*.rar=01;31:*.alz=01;31:*.ace=01;31:*.zoo=01;31:*.cpio=01;31:*.7z=01;31:*.rz=01;31:*.cab=01;31:*.wim=01;31:*.swm=01;31:*.dwm=01;31:*.esd=01;31:*.jpg=01;35:*.jpeg=01;35:*.mjpg=01;35:*.mjpeg=01;35:*.gif=01;35:*.bmp=01;35:*.pbm=01;35:*.pgm=01;35:*.ppm=01;35:*.tga=01;35:*.xbm=01;35:*.xpm=01;35:*.tif=01;35:*.tiff=01;35:*.png=01;35:*.svg=01;35:*.svgz=01;35:*.mng=01;35:*.pcx=01;35:*.mov=01;35:*.mpg=01;35:*.mpeg=01;35:*.m2v=01;35:*.mkv=01;35:*.webm=01;35:*.webp=01;35:*.ogm=01;35:*.mp4=01;35:*.m4v=01;35:*.mp4v=01;35:*.vob=01;35:*.qt=01;35:*.nuv=01;35:*.wmv=01;35:*.asf=01;35:*.rm=01;35:*.rmvb=01;35:*.flc=01;35:*.avi=01;35:*.fli=01;35:*.flv=01;35:*.gl=01;35:*.dl=01;35:*.xcf=01;35:*.xwd=01;35:*.yuv=01;35:*.cgm=01;35:*.emf=01;35:*.ogv=01;35:*.ogx=01;35:*.aac=00;36:*.au=00;36:*.flac=00;36:*.m4a=00;36:*.mid=00;36:*.midi=00;36:*.mka=00;36:*.mp3=00;36:*.mpc=00;36:*.ogg=00;36:*.ra=00;36:*.wav=00;36:*.oga=00;36:*.opus=00;36:*.spx=00;36:*.xspf=00;36:', 'ROS2_PERCEPTION_COURSE_INSTALL': '/home/abc/perception_with_ros2/install', 'VSCODE_GIT_IPC_HANDLE': '/run/user/1000/vscode-git-5e4b9a72ca.sock', 'TERM_PROGRAM': 'vscode', 'SSH_AGENT_LAUNCHER': 'gnome-keyring', 'SSH_AUTH_SOCK': '/run/user/1000/keyring/ssh', 'ROS_DOMAIN_ID': '2', 'AMENT_PREFIX_PATH': '/home/abc/perception_with_ros2/install/perception:/home/abc/perception_with_ros2/install/data_plot_per:/home/abc/perception_with_ros2/install/base_msgs_per:/home/abc/planning_with_ros2/install/planning:/home/abc/planning_with_ros2/install/data_plot:/home/abc/planning_with_ros2/install/base_msgs:/opt/ros/humble', 'SHELL': '/bin/bash', 'LC_NAME': 'zh_CN.UTF-8', 'QT_ACCESSIBILITY': '1', 'GDMSESSION': 'ubuntu', 'LESSCLOSE': '/usr/bin/lesspipe %s %s', 'LC_MEASUREMENT': 'zh_CN.UTF-8', 'GPG_AGENT_INFO': '/run/user/1000/gnupg/S.gpg-agent:0:1', 'GJS_DEBUG_OUTPUT': 'stderr', 'LC_IDENTIFICATION': 'zh_CN.UTF-8', 'VSCODE_GIT_ASKPASS_EXTRA_ARGS': '', 'QT_IM_MODULE': 'ibus', 'PWD': '/home/abc/perception_with_ros2/build/data_plot_per', 'LC_ALL': 'en_US.UTF-8', 'XDG_CONFIG_DIRS': '/etc/xdg/xdg-ubuntu:/etc/xdg', 'XDG_DATA_DIRS': '/usr/share/ubuntu:/usr/share/gnome:/usr/local/share/:/usr/share/:/var/lib/snapd/desktop', 'PYTHONPATH': '/home/abc/perception_with_ros2/build/data_plot_per/prefix_override:/usr/lib/python3/dist-packages/colcon_core/task/python/colcon_distutils_commands:/home/abc/perception_with_ros2/install/data_plot_per/lib/python3.10/site-packages:/home/abc/perception_with_ros2/install/data_plot_per/lib/python3.10/site-packages:/home/abc/perception_with_ros2/install/base_msgs_per/local/lib/python3.10/dist-packages:/home/abc/planning_with_ros2/install/data_plot/lib/python3.10/site-packages:/home/abc/planning_with_ros2/install/base_msgs/local/lib/python3.10/dist-packages:/opt/ros/humble/lib/python3.10/site-packages:/opt/ros/humble/local/lib/python3.10/dist-packages', 'LC_NUMERIC': 'zh_CN.UTF-8', 'LC_PAPER': 'zh_CN.UTF-8', 'COLCON': '1', 'CMAKE_PREFIX_PATH': '/home/abc/perception_with_ros2/install/perception:/home/abc/perception_with_ros2/install/base_msgs_per:/home/abc/planning_with_ros2/install/planning:/home/abc/planning_with_ros2/install/base_msgs'}, 'shell': False}
[0.700336] (-) TimerEvent: {}
[0.788390] (base_msgs_per) StdoutLine: {'line': b'-- Found nav_msgs: 4.9.0 (/opt/ros/humble/share/nav_msgs/cmake)\n'}
[0.800448] (-) TimerEvent: {}
[0.900708] (-) TimerEvent: {}
[0.964143] (data_plot_per) StdoutLine: {'line': b'running egg_info\n'}
[0.965799] (data_plot_per) StdoutLine: {'line': b'creating ../../build/data_plot_per/data_plot_per.egg-info\n'}
[0.965974] (data_plot_per) StdoutLine: {'line': b'writing ../../build/data_plot_per/data_plot_per.egg-info/PKG-INFO\n'}
[0.966138] (data_plot_per) StdoutLine: {'line': b'writing dependency_links to ../../build/data_plot_per/data_plot_per.egg-info/dependency_links.txt\n'}
[0.966275] (data_plot_per) StdoutLine: {'line': b'writing entry points to ../../build/data_plot_per/data_plot_per.egg-info/entry_points.txt\n'}
[0.966416] (data_plot_per) StdoutLine: {'line': b'writing requirements to ../../build/data_plot_per/data_plot_per.egg-info/requires.txt\n'}
[0.966533] (data_plot_per) StdoutLine: {'line': b'writing top-level names to ../../build/data_plot_per/data_plot_per.egg-info/top_level.txt\n'}
[0.966900] (data_plot_per) StdoutLine: {'line': b"writing manifest file '../../build/data_plot_per/data_plot_per.egg-info/SOURCES.txt'\n"}
[0.969468] (data_plot_per) StdoutLine: {'line': b"reading manifest file '../../build/data_plot_per/data_plot_per.egg-info/SOURCES.txt'\n"}
[0.970161] (data_plot_per) StdoutLine: {'line': b"writing manifest file '../../build/data_plot_per/data_plot_per.egg-info/SOURCES.txt'\n"}
[0.970321] (data_plot_per) StdoutLine: {'line': b'running build\n'}
[0.970406] (data_plot_per) StdoutLine: {'line': b'running build_py\n'}
[0.970504] (data_plot_per) StdoutLine: {'line': b'creating /home/abc/perception_with_ros2/build/data_plot_per/build\n'}
[0.970622] (data_plot_per) StdoutLine: {'line': b'creating /home/abc/perception_with_ros2/build/data_plot_per/build/lib\n'}
[0.970684] (data_plot_per) StdoutLine: {'line': b'creating /home/abc/perception_with_ros2/build/data_plot_per/build/lib/data_plot_per\n'}
[0.970743] (data_plot_per) StdoutLine: {'line': b'copying data_plot_per/__init__.py -> /home/abc/perception_with_ros2/build/data_plot_per/build/lib/data_plot_per\n'}
[0.970801] (data_plot_per) StdoutLine: {'line': b'copying data_plot_per/data_plot_per.py -> /home/abc/perception_with_ros2/build/data_plot_per/build/lib/data_plot_per\n'}
[0.970898] (data_plot_per) StdoutLine: {'line': b'running install\n'}
[0.971140] (data_plot_per) StdoutLine: {'line': b'running install_lib\n'}
[0.971814] (data_plot_per) StdoutLine: {'line': b'creating /home/abc/perception_with_ros2/install/data_plot_per/lib/python3.10/site-packages/data_plot_per\n'}
[0.971905] (data_plot_per) StdoutLine: {'line': b'copying /home/abc/perception_with_ros2/build/data_plot_per/build/lib/data_plot_per/__init__.py -> /home/abc/perception_with_ros2/install/data_plot_per/lib/python3.10/site-packages/data_plot_per\n'}
[0.971997] (data_plot_per) StdoutLine: {'line': b'copying /home/abc/perception_with_ros2/build/data_plot_per/build/lib/data_plot_per/data_plot_per.py -> /home/abc/perception_with_ros2/install/data_plot_per/lib/python3.10/site-packages/data_plot_per\n'}
[0.972475] (data_plot_per) StdoutLine: {'line': b'byte-compiling /home/abc/perception_with_ros2/install/data_plot_per/lib/python3.10/site-packages/data_plot_per/__init__.py to __init__.cpython-310.pyc\n'}
[0.972667] (data_plot_per) StdoutLine: {'line': b'byte-compiling /home/abc/perception_with_ros2/install/data_plot_per/lib/python3.10/site-packages/data_plot_per/data_plot_per.py to data_plot_per.cpython-310.pyc\n'}
[0.972991] (data_plot_per) StdoutLine: {'line': b'running install_data\n'}
[0.973143] (data_plot_per) StdoutLine: {'line': b'creating /home/abc/perception_with_ros2/install/data_plot_per/share/ament_index\n'}
[0.973288] (data_plot_per) StdoutLine: {'line': b'creating /home/abc/perception_with_ros2/install/data_plot_per/share/ament_index/resource_index\n'}
[0.973434] (data_plot_per) StdoutLine: {'line': b'creating /home/abc/perception_with_ros2/install/data_plot_per/share/ament_index/resource_index/packages\n'}
[0.973520] (data_plot_per) StdoutLine: {'line': b'copying resource/data_plot_per -> /home/abc/perception_with_ros2/install/data_plot_per/share/ament_index/resource_index/packages\n'}
[0.973634] (data_plot_per) StdoutLine: {'line': b'copying package.xml -> /home/abc/perception_with_ros2/install/data_plot_per/share/data_plot_per\n'}
[0.973753] (data_plot_per) StdoutLine: {'line': b'running install_egg_info\n'}
[0.976223] (data_plot_per) StdoutLine: {'line': b'Copying ../../build/data_plot_per/data_plot_per.egg-info to /home/abc/perception_with_ros2/install/data_plot_per/lib/python3.10/site-packages/data_plot_per-0.0.0-py3.10.egg-info\n'}
[0.976999] (data_plot_per) StdoutLine: {'line': b'running install_scripts\n'}
[1.000789] (-) TimerEvent: {}
[1.001218] (data_plot_per) StdoutLine: {'line': b'Installing data_plot_per script to /home/abc/perception_with_ros2/install/data_plot_per/lib/data_plot_per\n'}
[1.001736] (data_plot_per) StdoutLine: {'line': b"writing list of installed files to '/home/abc/perception_with_ros2/build/data_plot_per/install.log'\n"}
[1.037736] (data_plot_per) CommandEnded: {'returncode': 0}
[1.049721] (data_plot_per) JobEnded: {'identifier': 'data_plot_per', 'rc': 0}
[1.100886] (-) TimerEvent: {}
[1.201114] (-) TimerEvent: {}
[1.301400] (-) TimerEvent: {}
[1.401722] (-) TimerEvent: {}
[1.493775] (base_msgs_per) StdoutLine: {'line': b'-- Found ament_cmake_ros: 0.10.0 (/opt/ros/humble/share/ament_cmake_ros/cmake)\n'}
[1.501821] (-) TimerEvent: {}
[1.602035] (-) TimerEvent: {}
[1.702278] (-) TimerEvent: {}
[1.802531] (-) TimerEvent: {}
[1.902771] (-) TimerEvent: {}
[2.003008] (-) TimerEvent: {}
[2.064900] (base_msgs_per) StdoutLine: {'line': b'-- Using all available rosidl_typesupport_c: rosidl_typesupport_fastrtps_c;rosidl_typesupport_introspection_c\n'}
[2.103110] (-) TimerEvent: {}
[2.203330] (-) TimerEvent: {}
[2.303573] (-) TimerEvent: {}
[2.403785] (-) TimerEvent: {}
[2.504027] (-) TimerEvent: {}
[2.604233] (-) TimerEvent: {}
[2.704479] (-) TimerEvent: {}
[2.804721] (-) TimerEvent: {}
[2.819394] (base_msgs_per) StdoutLine: {'line': b'-- Using all available rosidl_typesupport_cpp: rosidl_typesupport_fastrtps_cpp;rosidl_typesupport_introspection_cpp\n'}
[2.842191] (base_msgs_per) StdoutLine: {'line': b'-- Found PythonInterp: /usr/bin/python3 (found suitable version "3.10.12", minimum required is "3.6")\n'}
[2.843707] (base_msgs_per) StdoutLine: {'line': b'-- Found python_cmake_module: 0.10.0 (/opt/ros/humble/share/python_cmake_module/cmake)\n'}
[2.869213] (base_msgs_per) StdoutLine: {'line': b'-- Found PythonLibs: /usr/lib/x86_64-linux-gnu/libpython3.10.so (found suitable version "3.10.12", minimum required is "3.5")\n'}
[2.869348] (base_msgs_per) StdoutLine: {'line': b'-- Using PYTHON_EXECUTABLE: /usr/bin/python3\n'}
[2.869429] (base_msgs_per) StdoutLine: {'line': b'-- Using PYTHON_INCLUDE_DIRS: /usr/include/python3.10\n'}
[2.869491] (base_msgs_per) StdoutLine: {'line': b'-- Using PYTHON_LIBRARIES: /usr/lib/x86_64-linux-gnu/libpython3.10.so\n'}
[2.888426] (base_msgs_per) StdoutLine: {'line': b'-- Found PythonExtra: .so\n'}
[2.904788] (-) TimerEvent: {}
[3.001283] (base_msgs_per) StdoutLine: {'line': b'-- Found ament_lint_auto: 0.12.14 (/opt/ros/humble/share/ament_lint_auto/cmake)\n'}
[3.004859] (-) TimerEvent: {}
[3.020374] (base_msgs_per) StdoutLine: {'line': b"-- Added test 'lint_cmake' to check CMake code style\n"}
[3.021760] (base_msgs_per) StdoutLine: {'line': b"-- Added test 'xmllint' to check XML markup files\n"}
[3.024556] (base_msgs_per) StdoutLine: {'line': b'-- Configuring done (3.0s)\n'}
[3.096695] (base_msgs_per) StdoutLine: {'line': b'-- Generating done (0.1s)\n'}
[3.104930] (-) TimerEvent: {}
[3.107925] (base_msgs_per) StdoutLine: {'line': b'-- Build files have been written to: /home/abc/perception_with_ros2/build/base_msgs_per\n'}
[3.117743] (base_msgs_per) CommandEnded: {'returncode': 0}
[3.118338] (base_msgs_per) JobProgress: {'identifier': 'base_msgs_per', 'progress': 'build'}
[3.119069] (base_msgs_per) Command: {'cmd': ['/usr/local/bin/cmake', '--build', '/home/abc/perception_with_ros2/build/base_msgs_per', '--', '-j12', '-l12'], 'cwd': '/home/abc/perception_with_ros2/build/base_msgs_per', 'env': OrderedDict([('GJS_DEBUG_TOPICS', 'JS ERROR;JS LOG'), ('PYTHON_BASIC_REPL', '1'), ('LESSOPEN', '| /usr/bin/lesspipe %s'), ('LANGUAGE', 'en_US:en'), ('USER', 'abc'), ('LC_TIME', 'zh_CN.UTF-8'), ('XDG_SESSION_TYPE', 'x11'), ('GIT_ASKPASS', '/usr/share/code/resources/app/extensions/git/dist/askpass.sh'), ('SHLVL', '1'), ('LD_LIBRARY_PATH', '/home/abc/perception_with_ros2/install/perception/lib:/home/abc/perception_with_ros2/install/perception/lib:/home/abc/perception_with_ros2/install/perception/lib:/home/abc/perception_with_ros2/install/base_msgs_per/lib:/home/abc/planning_with_ros2/install/planning/lib:/home/abc/planning_with_ros2/install/base_msgs/lib:/usr/lib/x86_64-linux-gnu/gazebo-11/plugins:/opt/ros/humble/opt/rviz_ogre_vendor/lib:/opt/ros/humble/lib/x86_64-linux-gnu:/opt/ros/humble/lib'), ('HOME', '/home/abc'), ('CHROME_DESKTOP', 'code.desktop'), ('TERM_PROGRAM_VERSION', '1.107.1'), ('DESKTOP_SESSION', 'ubuntu'), ('GIO_LAUNCHED_DESKTOP_FILE', '/usr/share/applications/code.desktop'), ('ROS_PYTHON_VERSION', '3'), ('GNOME_SHELL_SESSION_MODE', 'ubuntu'), ('GTK_MODULES', 'gail:atk-bridge'), ('VSCODE_GIT_ASKPASS_MAIN', '/usr/share/code/resources/app/extensions/git/dist/askpass-main.js'), ('LC_MONETARY', 'zh_CN.UTF-8'), ('VSCODE_GIT_ASKPASS_NODE', '/usr/share/code/code'), ('MANAGERPID', '1149'), ('PYDEVD_DISABLE_FILE_VALIDATION', '1'), ('SYSTEMD_EXEC_PID', '1608'), ('BUNDLED_DEBUGPY_PATH', '/home/abc/.vscode/extensions/ms-python.debugpy-2025.18.0-linux-x64/bundled/libs/debugpy'), ('VSCODE_PYTHON_AUTOACTIVATE_GUARD', '1'), ('DBUS_SESSION_BUS_ADDRESS', 'unix:path=/run/user/1000/bus'), ('COLORTERM', 'truecolor'), ('GIO_LAUNCHED_DESKTOP_FILE_PID', '317710'), ('COLCON_PREFIX_PATH', '/home/abc/perception_with_ros2/install:/home/abc/planning_with_ros2/install'), ('ROS_DISTRO', 'humble'), ('GTK_IM_MODULE', 'ibus'), ('LOGNAME', 'abc'), ('JOURNAL_STREAM', '8:909'), ('_', '/usr/bin/colcon'), ('ROS_VERSION', '2'), ('XDG_SESSION_CLASS', 'user'), ('USERNAME', 'abc'), ('TERM', 'xterm-256color'), ('GNOME_DESKTOP_SESSION_ID', 'this-is-deprecated'), ('FC_FONTATIONS', '1'), ('ROS_LOCALHOST_ONLY', '0'), ('WINDOWPATH', '2'), ('PATH', '/home/abc/.config/Code/User/globalStorage/github.copilot-chat/debugCommand:/home/abc/.config/Code/User/globalStorage/github.copilot-chat/copilotCli:/opt/ros/humble/bin:/usr/local/sbin:/usr/local/bin:/usr/sbin:/usr/bin:/sbin:/bin:/usr/games:/usr/local/games:/snap/bin:/snap/bin:/home/abc/.vscode/extensions/ms-python.debugpy-2025.18.0-linux-x64/bundled/scripts/noConfigScripts'), ('SESSION_MANAGER', 'local/abc-G3-3500:@/tmp/.ICE-unix/1581,unix/abc-G3-3500:/tmp/.ICE-unix/1581'), ('INVOCATION_ID', 'c5577e6a91294bed97fcbd6a37e1442b'), ('PAPERSIZE', 'a4'), ('XDG_MENU_PREFIX', 'gnome-'), ('LC_ADDRESS', 'zh_CN.UTF-8'), ('XDG_RUNTIME_DIR', '/run/user/1000'), ('GDK_BACKEND', 'x11'), ('DISPLAY', ':0'), ('VSCODE_DEBUGPY_ADAPTER_ENDPOINTS', '/home/abc/.vscode/extensions/ms-python.debugpy-2025.18.0-linux-x64/.noConfigDebugAdapterEndpoints/endpoint-0370d1c5f2548263.txt'), ('LANG', 'en_US.UTF-8'), ('XDG_CURRENT_DESKTOP', 'ubuntu:GNOME'), ('PYTHONSTARTUP', '/home/abc/.config/Code/User/workspaceStorage/28936fba8b94055b776ffa577577e387/ms-python.python/pythonrc.py'), ('LC_TELEPHONE', 'zh_CN.UTF-8'), ('XMODIFIERS', '@im=ibus'), ('XDG_SESSION_DESKTOP', 'ubuntu'), ('XAUTHORITY', '/run/user/1000/gdm/Xauthority'), ('LS_COLORS', 'rs=0:di=01;34:ln=01;36:mh=00:pi=40;33:so=01;35:do=01;35:bd=40;33;01:cd=40;33;01:or=40;31;01:mi=00:su=37;41:sg=30;43:ca=30;41:tw=30;42:ow=34;42:st=37;44:ex=01;32:*.tar=01;31:*.tgz=01;31:*.arc=01;31:*.arj=01;31:*.taz=01;31:*.lha=01;31:*.lz4=01;31:*.lzh=01;31:*.lzma=01;31:*.tlz=01;31:*.txz=01;31:*.tzo=01;31:*.t7z=01;31:*.zip=01;31:*.z=01;31:*.dz=01;31:*.gz=01;31:*.lrz=01;31:*.lz=01;31:*.lzo=01;31:*.xz=01;31:*.zst=01;31:*.tzst=01;31:*.bz2=01;31:*.bz=01;31:*.tbz=01;31:*.tbz2=01;31:*.tz=01;31:*.deb=01;31:*.rpm=01;31:*.jar=01;31:*.war=01;31:*.ear=01;31:*.sar=01;31:*.rar=01;31:*.alz=01;31:*.ace=01;31:*.zoo=01;31:*.cpio=01;31:*.7z=01;31:*.rz=01;31:*.cab=01;31:*.wim=01;31:*.swm=01;31:*.dwm=01;31:*.esd=01;31:*.jpg=01;35:*.jpeg=01;35:*.mjpg=01;35:*.mjpeg=01;35:*.gif=01;35:*.bmp=01;35:*.pbm=01;35:*.pgm=01;35:*.ppm=01;35:*.tga=01;35:*.xbm=01;35:*.xpm=01;35:*.tif=01;35:*.tiff=01;35:*.png=01;35:*.svg=01;35:*.svgz=01;35:*.mng=01;35:*.pcx=01;35:*.mov=01;35:*.mpg=01;35:*.mpeg=01;35:*.m2v=01;35:*.mkv=01;35:*.webm=01;35:*.webp=01;35:*.ogm=01;35:*.mp4=01;35:*.m4v=01;35:*.mp4v=01;35:*.vob=01;35:*.qt=01;35:*.nuv=01;35:*.wmv=01;35:*.asf=01;35:*.rm=01;35:*.rmvb=01;35:*.flc=01;35:*.avi=01;35:*.fli=01;35:*.flv=01;35:*.gl=01;35:*.dl=01;35:*.xcf=01;35:*.xwd=01;35:*.yuv=01;35:*.cgm=01;35:*.emf=01;35:*.ogv=01;35:*.ogx=01;35:*.aac=00;36:*.au=00;36:*.flac=00;36:*.m4a=00;36:*.mid=00;36:*.midi=00;36:*.mka=00;36:*.mp3=00;36:*.mpc=00;36:*.ogg=00;36:*.ra=00;36:*.wav=00;36:*.oga=00;36:*.opus=00;36:*.spx=00;36:*.xspf=00;36:'), ('ROS2_PERCEPTION_COURSE_INSTALL', '/home/abc/perception_with_ros2/install'), ('VSCODE_GIT_IPC_HANDLE', '/run/user/1000/vscode-git-5e4b9a72ca.sock'), ('TERM_PROGRAM', 'vscode'), ('SSH_AGENT_LAUNCHER', 'gnome-keyring'), ('SSH_AUTH_SOCK', '/run/user/1000/keyring/ssh'), ('ROS_DOMAIN_ID', '2'), ('AMENT_PREFIX_PATH', '/home/abc/perception_with_ros2/install/perception:/home/abc/perception_with_ros2/install/data_plot_per:/home/abc/perception_with_ros2/install/base_msgs_per:/home/abc/planning_with_ros2/install/planning:/home/abc/planning_with_ros2/install/data_plot:/home/abc/planning_with_ros2/install/base_msgs:/opt/ros/humble'), ('SHELL', '/bin/bash'), ('LC_NAME', 'zh_CN.UTF-8'), ('QT_ACCESSIBILITY', '1'), ('GDMSESSION', 'ubuntu'), ('LESSCLOSE', '/usr/bin/lesspipe %s %s'), ('LC_MEASUREMENT', 'zh_CN.UTF-8'), ('GPG_AGENT_INFO', '/run/user/1000/gnupg/S.gpg-agent:0:1'), ('GJS_DEBUG_OUTPUT', 'stderr'), ('LC_IDENTIFICATION', 'zh_CN.UTF-8'), ('VSCODE_GIT_ASKPASS_EXTRA_ARGS', ''), ('QT_IM_MODULE', 'ibus'), ('PWD', '/home/abc/perception_with_ros2/build/base_msgs_per'), ('LC_ALL', 'en_US.UTF-8'), ('XDG_CONFIG_DIRS', '/etc/xdg/xdg-ubuntu:/etc/xdg'), ('XDG_DATA_DIRS', '/usr/share/ubuntu:/usr/share/gnome:/usr/local/share/:/usr/share/:/var/lib/snapd/desktop'), ('PYTHONPATH', '/home/abc/perception_with_ros2/install/data_plot_per/lib/python3.10/site-packages:/home/abc/perception_with_ros2/install/base_msgs_per/local/lib/python3.10/dist-packages:/home/abc/planning_with_ros2/install/data_plot/lib/python3.10/site-packages:/home/abc/planning_with_ros2/install/base_msgs/local/lib/python3.10/dist-packages:/opt/ros/humble/lib/python3.10/site-packages:/opt/ros/humble/local/lib/python3.10/dist-packages'), ('LC_NUMERIC', 'zh_CN.UTF-8'), ('LC_PAPER', 'zh_CN.UTF-8'), ('COLCON', '1'), ('CMAKE_PREFIX_PATH', '/home/abc/perception_with_ros2/install/perception:/home/abc/perception_with_ros2/install/base_msgs_per:/home/abc/planning_with_ros2/install/planning:/home/abc/planning_with_ros2/install/base_msgs:/home/abc/perception_with_ros2/install/data_plot_per:/home/abc/planning_with_ros2/install/data_plot:/opt/ros/humble')]), 'shell': False}
[3.137971] (base_msgs_per) StdoutLine: {'line': b'[  1%] \x1b[34m\x1b[1mGenerating C code for ROS interfaces\x1b[0m\n'}
[3.141711] (base_msgs_per) StdoutLine: {'line': b'[  1%] \x1b[34m\x1b[1mGenerating C++ code for ROS interfaces\x1b[0m\n'}
[3.141894] (base_msgs_per) StdoutLine: {'line': b'[  1%] Built target ament_cmake_python_copy_base_msgs_per\n'}
[3.205053] (-) TimerEvent: {}
[3.305273] (-) TimerEvent: {}
[3.375512] (base_msgs_per) StdoutLine: {'line': b'running egg_info\n'}
[3.376053] (base_msgs_per) StdoutLine: {'line': b'creating base_msgs_per.egg-info\n'}
[3.376159] (base_msgs_per) StdoutLine: {'line': b'writing base_msgs_per.egg-info/PKG-INFO\n'}
[3.376311] (base_msgs_per) StdoutLine: {'line': b'writing dependency_links to base_msgs_per.egg-info/dependency_links.txt\n'}
[3.376485] (base_msgs_per) StdoutLine: {'line': b'writing top-level names to base_msgs_per.egg-info/top_level.txt\n'}
[3.376645] (base_msgs_per) StdoutLine: {'line': b"writing manifest file 'base_msgs_per.egg-info/SOURCES.txt'\n"}
[3.378251] (base_msgs_per) StdoutLine: {'line': b"reading manifest file 'base_msgs_per.egg-info/SOURCES.txt'\n"}
[3.378803] (base_msgs_per) StdoutLine: {'line': b"writing manifest file 'base_msgs_per.egg-info/SOURCES.txt'\n"}
[3.395270] (base_msgs_per) StdoutLine: {'line': b'[  1%] Built target ament_cmake_python_build_base_msgs_per_egg\n'}
[3.405377] (-) TimerEvent: {}
[3.505588] (-) TimerEvent: {}
[3.605815] (-) TimerEvent: {}
[3.706045] (-) TimerEvent: {}
[3.806283] (-) TimerEvent: {}
[3.906505] (-) TimerEvent: {}
[4.006710] (-) TimerEvent: {}
[4.106938] (-) TimerEvent: {}
[4.207169] (-) TimerEvent: {}
[4.307378] (-) TimerEvent: {}
[4.407615] (-) TimerEvent: {}
[4.507847] (-) TimerEvent: {}
[4.608357] (-) TimerEvent: {}
[4.708668] (-) TimerEvent: {}
[4.709213] (base_msgs_per) StdoutLine: {'line': b'[  1%] Built target base_msgs_per__cpp\n'}
[4.713364] (base_msgs_per) StdoutLine: {'line': b'[  2%] \x1b[34m\x1b[1mGenerating C++ type support dispatch for ROS interfaces\x1b[0m\n'}
[4.713571] (base_msgs_per) StdoutLine: {'line': b'[  3%] \x1b[34m\x1b[1mGenerating C++ introspection for ROS interfaces\x1b[0m\n'}
[4.713701] (base_msgs_per) StdoutLine: {'line': b'[  3%] \x1b[34m\x1b[1mGenerating C++ type support for eProsima Fast-RTPS\x1b[0m\n'}
[4.745047] (base_msgs_per) StdoutLine: {'line': b'[  4%] \x1b[32mBuilding C object CMakeFiles/base_msgs_per__rosidl_generator_c.dir/rosidl_generator_c/base_msgs_per/srv/detail/global_path_service__functions.c.o\x1b[0m\n'}
[4.745328] (base_msgs_per) StdoutLine: {'line': b'[  4%] \x1b[32mBuilding C object CMakeFiles/base_msgs_per__rosidl_generator_c.dir/rosidl_generator_c/base_msgs_per/srv/detail/pnc_map_service__functions.c.o\x1b[0m\n'}
[4.745522] (base_msgs_per) StdoutLine: {'line': b'[  5%] \x1b[32mBuilding C object CMakeFiles/base_msgs_per__rosidl_generator_c.dir/rosidl_generator_c/base_msgs_per/msg/detail/pnc_map__functions.c.o\x1b[0m\n'}
[4.745686] (base_msgs_per) StdoutLine: {'line': b'[  6%] \x1b[32mBuilding C object CMakeFiles/base_msgs_per__rosidl_generator_c.dir/rosidl_generator_c/base_msgs_per/msg/detail/referline_point__functions.c.o\x1b[0m\n'}
[4.745801] (base_msgs_per) StdoutLine: {'line': b'[  7%] \x1b[32mBuilding C object CMakeFiles/base_msgs_per__rosidl_generator_c.dir/rosidl_generator_c/base_msgs_per/msg/detail/referline__functions.c.o\x1b[0m\n'}
[4.745963] (base_msgs_per) StdoutLine: {'line': b'[  8%] \x1b[32mBuilding C object CMakeFiles/base_msgs_per__rosidl_generator_c.dir/rosidl_generator_c/base_msgs_per/msg/detail/local_path_point__functions.c.o\x1b[0m\n'}
[4.746114] (base_msgs_per) StdoutLine: {'line': b'[  9%] \x1b[32mBuilding C object CMakeFiles/base_msgs_per__rosidl_generator_c.dir/rosidl_generator_c/base_msgs_per/msg/detail/local_speeds_point__functions.c.o\x1b[0m\n'}
[4.746219] (base_msgs_per) StdoutLine: {'line': b'[  9%] \x1b[32mBuilding C object CMakeFiles/base_msgs_per__rosidl_generator_c.dir/rosidl_generator_c/base_msgs_per/msg/detail/local_path__functions.c.o\x1b[0m\n'}
[4.746325] (base_msgs_per) StdoutLine: {'line': b'[ 10%] \x1b[32mBuilding C object CMakeFiles/base_msgs_per__rosidl_generator_c.dir/rosidl_generator_c/base_msgs_per/msg/detail/local_speeds__functions.c.o\x1b[0m\n'}
[4.806765] (base_msgs_per) StdoutLine: {'line': b'[ 12%] \x1b[32mBuilding C object CMakeFiles/base_msgs_per__rosidl_generator_c.dir/rosidl_generator_c/base_msgs_per/msg/detail/local_trajectory__functions.c.o\x1b[0m\n'}
[4.806989] (base_msgs_per) StdoutLine: {'line': b'[ 12%] \x1b[32mBuilding C object CMakeFiles/base_msgs_per__rosidl_generator_c.dir/rosidl_generator_c/base_msgs_per/msg/detail/obs_info__functions.c.o\x1b[0m\n'}
[4.807100] (base_msgs_per) StdoutLine: {'line': b'[ 12%] \x1b[32mBuilding C object CMakeFiles/base_msgs_per__rosidl_generator_c.dir/rosidl_generator_c/base_msgs_per/msg/detail/local_trajectory_point__functions.c.o\x1b[0m\n'}
[4.808705] (base_msgs_per) StdoutLine: {'line': b'[ 13%] \x1b[32mBuilding C object CMakeFiles/base_msgs_per__rosidl_generator_c.dir/rosidl_generator_c/base_msgs_per/msg/detail/plot_info__functions.c.o\x1b[0m\n'}
[4.808877] (-) TimerEvent: {}
[4.871487] (base_msgs_per) StdoutLine: {'line': b'[ 14%] \x1b[32m\x1b[1mLinking C shared library libbase_msgs_per__rosidl_generator_c.so\x1b[0m\n'}
[4.897860] (base_msgs_per) StdoutLine: {'line': b'[ 14%] Built target base_msgs_per__rosidl_generator_c\n'}
[4.902166] (base_msgs_per) StdoutLine: {'line': b'[ 16%] \x1b[34m\x1b[1mGenerating C type support for eProsima Fast-RTPS\x1b[0m\n'}
[4.902368] (base_msgs_per) StdoutLine: {'line': b'[ 16%] \x1b[34m\x1b[1mGenerating C introspection for ROS interfaces\x1b[0m\n'}
[4.902587] (base_msgs_per) StdoutLine: {'line': b'[ 17%] \x1b[34m\x1b[1mGenerating C type support dispatch for ROS interfaces\x1b[0m\n'}
[4.908977] (-) TimerEvent: {}
[5.009246] (-) TimerEvent: {}
[5.109518] (-) TimerEvent: {}
[5.209780] (-) TimerEvent: {}
[5.310037] (-) TimerEvent: {}
[5.410310] (-) TimerEvent: {}
[5.510544] (-) TimerEvent: {}
[5.610823] (-) TimerEvent: {}
[5.711093] (-) TimerEvent: {}
[5.811356] (-) TimerEvent: {}
[5.904145] (base_msgs_per) StdoutLine: {'line': b'[ 18%] \x1b[32mBuilding CXX object CMakeFiles/base_msgs_per__rosidl_typesupport_cpp.dir/rosidl_typesupport_cpp/base_msgs_per/srv/global_path_service__type_support.cpp.o\x1b[0m\n'}
[5.904836] (base_msgs_per) StdoutLine: {'line': b'[ 19%] \x1b[32mBuilding CXX object CMakeFiles/base_msgs_per__rosidl_typesupport_cpp.dir/rosidl_typesupport_cpp/base_msgs_per/srv/pnc_map_service__type_support.cpp.o\x1b[0m\n'}
[5.904977] (base_msgs_per) StdoutLine: {'line': b'[ 19%] \x1b[32mBuilding CXX object CMakeFiles/base_msgs_per__rosidl_typesupport_cpp.dir/rosidl_typesupport_cpp/base_msgs_per/msg/pnc_map__type_support.cpp.o\x1b[0m\n'}
[5.905658] (base_msgs_per) StdoutLine: {'line': b'[ 20%] \x1b[32mBuilding CXX object CMakeFiles/base_msgs_per__rosidl_typesupport_cpp.dir/rosidl_typesupport_cpp/base_msgs_per/msg/referline_point__type_support.cpp.o\x1b[0m\n'}
[5.905781] (base_msgs_per) StdoutLine: {'line': b'[ 21%] \x1b[32mBuilding CXX object CMakeFiles/base_msgs_per__rosidl_typesupport_cpp.dir/rosidl_typesupport_cpp/base_msgs_per/msg/referline__type_support.cpp.o\x1b[0m\n'}
[5.905893] (base_msgs_per) StdoutLine: {'line': b'[ 23%] \x1b[32mBuilding CXX object CMakeFiles/base_msgs_per__rosidl_typesupport_cpp.dir/rosidl_typesupport_cpp/base_msgs_per/msg/local_path_point__type_support.cpp.o\x1b[0m\n'}
[5.905994] (base_msgs_per) StdoutLine: {'line': b'[ 23%] \x1b[32mBuilding CXX object CMakeFiles/base_msgs_per__rosidl_typesupport_cpp.dir/rosidl_typesupport_cpp/base_msgs_per/msg/local_path__type_support.cpp.o\x1b[0m\n'}
[5.914358] (-) TimerEvent: {}
[6.014636] (-) TimerEvent: {}
[6.114923] (-) TimerEvent: {}
[6.204143] (base_msgs_per) StdoutLine: {'line': b'[ 23%] \x1b[32mBuilding CXX object CMakeFiles/base_msgs_per__rosidl_typesupport_c.dir/rosidl_typesupport_c/base_msgs_per/srv/global_path_service__type_support.cpp.o\x1b[0m\n'}
[6.215028] (-) TimerEvent: {}
[6.258419] (base_msgs_per) StdoutLine: {'line': b'[ 24%] \x1b[32mBuilding CXX object CMakeFiles/base_msgs_per__rosidl_typesupport_c.dir/rosidl_typesupport_c/base_msgs_per/srv/pnc_map_service__type_support.cpp.o\x1b[0m\n'}
[6.284761] (base_msgs_per) StdoutLine: {'line': b'[ 25%] \x1b[32mBuilding CXX object CMakeFiles/base_msgs_per__rosidl_typesupport_introspection_cpp.dir/rosidl_typesupport_introspection_cpp/base_msgs_per/srv/detail/global_path_service__type_support.cpp.o\x1b[0m\n'}
[6.305170] (base_msgs_per) StdoutLine: {'line': b'[ 26%] \x1b[32mBuilding CXX object CMakeFiles/base_msgs_per__rosidl_typesupport_c.dir/rosidl_typesupport_c/base_msgs_per/msg/pnc_map__type_support.cpp.o\x1b[0m\n'}
[6.315121] (-) TimerEvent: {}
[6.324157] (base_msgs_per) StdoutLine: {'line': b'[ 27%] \x1b[32mBuilding CXX object CMakeFiles/base_msgs_per__rosidl_typesupport_introspection_cpp.dir/rosidl_typesupport_introspection_cpp/base_msgs_per/srv/detail/pnc_map_service__type_support.cpp.o\x1b[0m\n'}
[6.338241] (base_msgs_per) StdoutLine: {'line': b'[ 28%] \x1b[32mBuilding CXX object CMakeFiles/base_msgs_per__rosidl_typesupport_c.dir/rosidl_typesupport_c/base_msgs_per/msg/referline_point__type_support.cpp.o\x1b[0m\n'}
[6.339335] (base_msgs_per) StdoutLine: {'line': b'[ 29%] \x1b[32mBuilding CXX object CMakeFiles/base_msgs_per__rosidl_typesupport_introspection_cpp.dir/rosidl_typesupport_introspection_cpp/base_msgs_per/msg/detail/pnc_map__type_support.cpp.o\x1b[0m\n'}
[6.349319] (base_msgs_per) StdoutLine: {'line': b'[ 30%] \x1b[32mBuilding CXX object CMakeFiles/base_msgs_per__rosidl_typesupport_introspection_cpp.dir/rosidl_typesupport_introspection_cpp/base_msgs_per/msg/detail/referline_point__type_support.cpp.o\x1b[0m\n'}
[6.351160] (base_msgs_per) StdoutLine: {'line': b'[ 31%] \x1b[32mBuilding CXX object CMakeFiles/base_msgs_per__rosidl_typesupport_c.dir/rosidl_typesupport_c/base_msgs_per/msg/referline__type_support.cpp.o\x1b[0m\n'}
[6.351586] (base_msgs_per) StdoutLine: {'line': b'[ 31%] \x1b[32mBuilding CXX object CMakeFiles/base_msgs_per__rosidl_typesupport_c.dir/rosidl_typesupport_c/base_msgs_per/msg/local_path_point__type_support.cpp.o\x1b[0m\n'}
[6.351781] (base_msgs_per) StdoutLine: {'line': b'[ 31%] \x1b[32mBuilding CXX object CMakeFiles/base_msgs_per__rosidl_typesupport_cpp.dir/rosidl_typesupport_cpp/base_msgs_per/msg/local_speeds_point__type_support.cpp.o\x1b[0m\n'}
[6.374577] (base_msgs_per) StdoutLine: {'line': b'[ 32%] \x1b[32mBuilding CXX object CMakeFiles/base_msgs_per__rosidl_typesupport_cpp.dir/rosidl_typesupport_cpp/base_msgs_per/msg/local_speeds__type_support.cpp.o\x1b[0m\n'}
[6.382968] (base_msgs_per) StdoutLine: {'line': b'[ 32%] \x1b[32mBuilding CXX object CMakeFiles/base_msgs_per__rosidl_typesupport_introspection_cpp.dir/rosidl_typesupport_introspection_cpp/base_msgs_per/msg/detail/referline__type_support.cpp.o\x1b[0m\n'}
[6.384330] (base_msgs_per) StdoutLine: {'line': b'[ 33%] \x1b[32mBuilding CXX object CMakeFiles/base_msgs_per__rosidl_typesupport_introspection_cpp.dir/rosidl_typesupport_introspection_cpp/base_msgs_per/msg/detail/local_path_point__type_support.cpp.o\x1b[0m\n'}
[6.385364] (base_msgs_per) StdoutLine: {'line': b'[ 34%] \x1b[32mBuilding CXX object CMakeFiles/base_msgs_per__rosidl_typesupport_c.dir/rosidl_typesupport_c/base_msgs_per/msg/local_path__type_support.cpp.o\x1b[0m\n'}
[6.415218] (-) TimerEvent: {}
[6.420551] (base_msgs_per) StdoutLine: {'line': b'[ 35%] \x1b[32mBuilding CXX object CMakeFiles/base_msgs_per__rosidl_typesupport_c.dir/rosidl_typesupport_c/base_msgs_per/msg/local_speeds_point__type_support.cpp.o\x1b[0m\n'}
[6.455096] (base_msgs_per) StdoutLine: {'line': b'[ 36%] \x1b[32mBuilding CXX object CMakeFiles/base_msgs_per__rosidl_typesupport_c.dir/rosidl_typesupport_c/base_msgs_per/msg/local_speeds__type_support.cpp.o\x1b[0m\n'}
[6.487688] (base_msgs_per) StdoutLine: {'line': b'[ 37%] \x1b[32mBuilding CXX object CMakeFiles/base_msgs_per__rosidl_typesupport_fastrtps_cpp.dir/rosidl_typesupport_fastrtps_cpp/base_msgs_per/srv/detail/dds_fastrtps/global_path_service__type_support.cpp.o\x1b[0m\n'}
[6.488680] (base_msgs_per) StdoutLine: {'line': b'[ 38%] \x1b[32mBuilding CXX object CMakeFiles/base_msgs_per__rosidl_typesupport_c.dir/rosidl_typesupport_c/base_msgs_per/msg/local_trajectory_point__type_support.cpp.o\x1b[0m\n'}
[6.515326] (-) TimerEvent: {}
[6.524932] (base_msgs_per) StdoutLine: {'line': b'[ 38%] \x1b[32mBuilding CXX object CMakeFiles/base_msgs_per__rosidl_typesupport_c.dir/rosidl_typesupport_c/base_msgs_per/msg/local_trajectory__type_support.cpp.o\x1b[0m\n'}
[6.551776] (base_msgs_per) StdoutLine: {'line': b'[ 39%] \x1b[32mBuilding C object CMakeFiles/base_msgs_per__rosidl_typesupport_introspection_c.dir/rosidl_typesupport_introspection_c/base_msgs_per/srv/detail/global_path_service__type_support.c.o\x1b[0m\n'}
[6.568791] (base_msgs_per) StdoutLine: {'line': b'[ 40%] \x1b[32mBuilding CXX object CMakeFiles/base_msgs_per__rosidl_typesupport_c.dir/rosidl_typesupport_c/base_msgs_per/msg/obs_info__type_support.cpp.o\x1b[0m\n'}
[6.600741] (base_msgs_per) StdoutLine: {'line': b'[ 41%] \x1b[32mBuilding C object CMakeFiles/base_msgs_per__rosidl_typesupport_introspection_c.dir/rosidl_typesupport_introspection_c/base_msgs_per/srv/detail/pnc_map_service__type_support.c.o\x1b[0m\n'}
[6.608367] (base_msgs_per) StdoutLine: {'line': b'[ 42%] \x1b[32mBuilding CXX object CMakeFiles/base_msgs_per__rosidl_typesupport_c.dir/rosidl_typesupport_c/base_msgs_per/msg/plot_info__type_support.cpp.o\x1b[0m\n'}
[6.615438] (-) TimerEvent: {}
[6.653487] (base_msgs_per) StdoutLine: {'line': b'[ 43%] \x1b[32m\x1b[1mLinking CXX shared library libbase_msgs_per__rosidl_typesupport_c.so\x1b[0m\n'}
[6.654676] (base_msgs_per) StdoutLine: {'line': b'[ 43%] \x1b[32mBuilding C object CMakeFiles/base_msgs_per__rosidl_typesupport_introspection_c.dir/rosidl_typesupport_introspection_c/base_msgs_per/msg/detail/pnc_map__type_support.c.o\x1b[0m\n'}
[6.707495] (base_msgs_per) StdoutLine: {'line': b'[ 43%] Built target base_msgs_per__rosidl_typesupport_c\n'}
[6.711180] (base_msgs_per) StdoutLine: {'line': b'[ 45%] \x1b[32mBuilding C object CMakeFiles/base_msgs_per__rosidl_typesupport_introspection_c.dir/rosidl_typesupport_introspection_c/base_msgs_per/msg/detail/referline_point__type_support.c.o\x1b[0m\n'}
[6.711434] (base_msgs_per) StdoutLine: {'line': b'[ 45%] \x1b[32mBuilding C object CMakeFiles/base_msgs_per__rosidl_typesupport_introspection_c.dir/rosidl_typesupport_introspection_c/base_msgs_per/msg/detail/referline__type_support.c.o\x1b[0m\n'}
[6.715542] (-) TimerEvent: {}
[6.749922] (base_msgs_per) StdoutLine: {'line': b'[ 46%] \x1b[32mBuilding CXX object CMakeFiles/base_msgs_per__rosidl_typesupport_fastrtps_c.dir/rosidl_typesupport_fastrtps_c/base_msgs_per/srv/detail/global_path_service__type_support_c.cpp.o\x1b[0m\n'}
[6.763569] (base_msgs_per) StdoutLine: {'line': b'[ 47%] \x1b[32mBuilding C object CMakeFiles/base_msgs_per__rosidl_typesupport_introspection_c.dir/rosidl_typesupport_introspection_c/base_msgs_per/msg/detail/local_path_point__type_support.c.o\x1b[0m\n'}
[6.772872] (base_msgs_per) StdoutLine: {'line': b'[ 48%] \x1b[32mBuilding CXX object CMakeFiles/base_msgs_per__rosidl_typesupport_cpp.dir/rosidl_typesupport_cpp/base_msgs_per/msg/local_trajectory_point__type_support.cpp.o\x1b[0m\n'}
[6.778377] (base_msgs_per) StdoutLine: {'line': b'[ 49%] \x1b[32mBuilding C object CMakeFiles/base_msgs_per__rosidl_typesupport_introspection_c.dir/rosidl_typesupport_introspection_c/base_msgs_per/msg/detail/local_path__type_support.c.o\x1b[0m\n'}
[6.809874] (base_msgs_per) StdoutLine: {'line': b'[ 50%] \x1b[32mBuilding CXX object CMakeFiles/base_msgs_per__rosidl_typesupport_introspection_cpp.dir/rosidl_typesupport_introspection_cpp/base_msgs_per/msg/detail/local_path__type_support.cpp.o\x1b[0m\n'}
[6.816362] (base_msgs_per) StdoutLine: {'line': b'[ 51%] \x1b[32mBuilding CXX object CMakeFiles/base_msgs_per__rosidl_typesupport_introspection_cpp.dir/rosidl_typesupport_introspection_cpp/base_msgs_per/msg/detail/local_speeds_point__type_support.cpp.o\x1b[0m\n'}
[6.816611] (-) TimerEvent: {}
[6.829080] (base_msgs_per) StdoutLine: {'line': b'[ 51%] \x1b[32mBuilding C object CMakeFiles/base_msgs_per__rosidl_typesupport_introspection_c.dir/rosidl_typesupport_introspection_c/base_msgs_per/msg/detail/local_speeds_point__type_support.c.o\x1b[0m\n'}
[6.874996] (base_msgs_per) StdoutLine: {'line': b'[ 52%] \x1b[32mBuilding C object CMakeFiles/base_msgs_per__rosidl_typesupport_introspection_c.dir/rosidl_typesupport_introspection_c/base_msgs_per/msg/detail/local_speeds__type_support.c.o\x1b[0m\n'}
[6.916728] (-) TimerEvent: {}
[6.923187] (base_msgs_per) StdoutLine: {'line': b'[ 53%] \x1b[32mBuilding C object CMakeFiles/base_msgs_per__rosidl_typesupport_introspection_c.dir/rosidl_typesupport_introspection_c/base_msgs_per/msg/detail/local_trajectory_point__type_support.c.o\x1b[0m\n'}
[6.971403] (base_msgs_per) StdoutLine: {'line': b'[ 54%] \x1b[32mBuilding CXX object CMakeFiles/base_msgs_per__rosidl_typesupport_introspection_cpp.dir/rosidl_typesupport_introspection_cpp/base_msgs_per/msg/detail/local_speeds__type_support.cpp.o\x1b[0m\n'}
[6.975665] (base_msgs_per) StdoutLine: {'line': b'[ 55%] \x1b[32mBuilding C object CMakeFiles/base_msgs_per__rosidl_typesupport_introspection_c.dir/rosidl_typesupport_introspection_c/base_msgs_per/msg/detail/local_trajectory__type_support.c.o\x1b[0m\n'}
[7.016834] (-) TimerEvent: {}
[7.026261] (base_msgs_per) StdoutLine: {'line': b'[ 56%] \x1b[32mBuilding C object CMakeFiles/base_msgs_per__rosidl_typesupport_introspection_c.dir/rosidl_typesupport_introspection_c/base_msgs_per/msg/detail/obs_info__type_support.c.o\x1b[0m\n'}
[7.049583] (base_msgs_per) StdoutLine: {'line': b'[ 56%] \x1b[32mBuilding CXX object CMakeFiles/base_msgs_per__rosidl_typesupport_introspection_cpp.dir/rosidl_typesupport_introspection_cpp/base_msgs_per/msg/detail/local_trajectory_point__type_support.cpp.o\x1b[0m\n'}
[7.053549] (base_msgs_per) StdoutLine: {'line': b'[ 57%] \x1b[32mBuilding CXX object CMakeFiles/base_msgs_per__rosidl_typesupport_fastrtps_cpp.dir/rosidl_typesupport_fastrtps_cpp/base_msgs_per/srv/detail/dds_fastrtps/pnc_map_service__type_support.cpp.o\x1b[0m\n'}
[7.061468] (base_msgs_per) StdoutLine: {'line': b'[ 57%] \x1b[32mBuilding C object CMakeFiles/base_msgs_per__rosidl_typesupport_introspection_c.dir/rosidl_typesupport_introspection_c/base_msgs_per/msg/detail/plot_info__type_support.c.o\x1b[0m\n'}
[7.071397] (base_msgs_per) StdoutLine: {'line': b'[ 58%] \x1b[32mBuilding CXX object CMakeFiles/base_msgs_per__rosidl_typesupport_cpp.dir/rosidl_typesupport_cpp/base_msgs_per/msg/local_trajectory__type_support.cpp.o\x1b[0m\n'}
[7.113358] (base_msgs_per) StdoutLine: {'line': b'[ 59%] \x1b[32m\x1b[1mLinking C shared library libbase_msgs_per__rosidl_typesupport_introspection_c.so\x1b[0m\n'}
[7.117003] (-) TimerEvent: {}
[7.117657] (base_msgs_per) StdoutLine: {'line': b'[ 59%] \x1b[32mBuilding CXX object CMakeFiles/base_msgs_per__rosidl_typesupport_fastrtps_c.dir/rosidl_typesupport_fastrtps_c/base_msgs_per/srv/detail/pnc_map_service__type_support_c.cpp.o\x1b[0m\n'}
[7.137905] (base_msgs_per) StdoutLine: {'line': b'[ 60%] \x1b[32mBuilding CXX object CMakeFiles/base_msgs_per__rosidl_typesupport_fastrtps_c.dir/rosidl_typesupport_fastrtps_c/base_msgs_per/msg/detail/pnc_map__type_support_c.cpp.o\x1b[0m\n'}
[7.154355] (base_msgs_per) StdoutLine: {'line': b'[ 60%] Built target base_msgs_per__rosidl_typesupport_introspection_c\n'}
[7.158223] (base_msgs_per) StdoutLine: {'line': b'[ 61%] \x1b[32mBuilding CXX object CMakeFiles/base_msgs_per__rosidl_typesupport_fastrtps_cpp.dir/rosidl_typesupport_fastrtps_cpp/base_msgs_per/msg/detail/dds_fastrtps/pnc_map__type_support.cpp.o\x1b[0m\n'}
[7.189311] (base_msgs_per) StdoutLine: {'line': b'[ 61%] \x1b[32mBuilding CXX object CMakeFiles/base_msgs_per__rosidl_typesupport_fastrtps_cpp.dir/rosidl_typesupport_fastrtps_cpp/base_msgs_per/msg/detail/dds_fastrtps/referline_point__type_support.cpp.o\x1b[0m\n'}
[7.215398] (base_msgs_per) StdoutLine: {'line': b'[ 62%] \x1b[32mBuilding CXX object CMakeFiles/base_msgs_per__rosidl_typesupport_fastrtps_cpp.dir/rosidl_typesupport_fastrtps_cpp/base_msgs_per/msg/detail/dds_fastrtps/referline__type_support.cpp.o\x1b[0m\n'}
[7.219399] (-) TimerEvent: {}
[7.319741] (-) TimerEvent: {}
[7.403925] (base_msgs_per) StdoutLine: {'line': b'[ 63%] \x1b[32mBuilding CXX object CMakeFiles/base_msgs_per__rosidl_typesupport_fastrtps_c.dir/rosidl_typesupport_fastrtps_c/base_msgs_per/msg/detail/referline_point__type_support_c.cpp.o\x1b[0m\n'}
[7.419848] (-) TimerEvent: {}
[7.442479] (base_msgs_per) StdoutLine: {'line': b'[ 64%] \x1b[32mBuilding CXX object CMakeFiles/base_msgs_per__rosidl_typesupport_fastrtps_c.dir/rosidl_typesupport_fastrtps_c/base_msgs_per/msg/detail/referline__type_support_c.cpp.o\x1b[0m\n'}
[7.519956] (-) TimerEvent: {}
[7.526014] (base_msgs_per) StdoutLine: {'line': b'[ 65%] \x1b[32mBuilding CXX object CMakeFiles/base_msgs_per__rosidl_typesupport_fastrtps_c.dir/rosidl_typesupport_fastrtps_c/base_msgs_per/msg/detail/local_path_point__type_support_c.cpp.o\x1b[0m\n'}
[7.541371] (base_msgs_per) StdoutLine: {'line': b'[ 66%] \x1b[32mBuilding CXX object CMakeFiles/base_msgs_per__rosidl_typesupport_cpp.dir/rosidl_typesupport_cpp/base_msgs_per/msg/obs_info__type_support.cpp.o\x1b[0m\n'}
[7.620065] (-) TimerEvent: {}
[7.651194] (base_msgs_per) StdoutLine: {'line': b'[ 67%] \x1b[32mBuilding CXX object CMakeFiles/base_msgs_per__rosidl_typesupport_fastrtps_cpp.dir/rosidl_typesupport_fastrtps_cpp/base_msgs_per/msg/detail/dds_fastrtps/local_path_point__type_support.cpp.o\x1b[0m\n'}
[7.708675] (base_msgs_per) StdoutLine: {'line': b'[ 67%] \x1b[32mBuilding CXX object CMakeFiles/base_msgs_per__rosidl_typesupport_fastrtps_c.dir/rosidl_typesupport_fastrtps_c/base_msgs_per/msg/detail/local_path__type_support_c.cpp.o\x1b[0m\n'}
[7.720175] (-) TimerEvent: {}
[7.744046] (base_msgs_per) StdoutLine: {'line': b'[ 67%] \x1b[32mBuilding CXX object CMakeFiles/base_msgs_per__rosidl_typesupport_cpp.dir/rosidl_typesupport_cpp/base_msgs_per/msg/plot_info__type_support.cpp.o\x1b[0m\n'}
[7.772097] (base_msgs_per) StdoutLine: {'line': b'[ 68%] \x1b[32mBuilding CXX object CMakeFiles/base_msgs_per__rosidl_typesupport_introspection_cpp.dir/rosidl_typesupport_introspection_cpp/base_msgs_per/msg/detail/local_trajectory__type_support.cpp.o\x1b[0m\n'}
[7.800460] (base_msgs_per) StdoutLine: {'line': b'[ 69%] \x1b[32mBuilding CXX object CMakeFiles/base_msgs_per__rosidl_typesupport_fastrtps_c.dir/rosidl_typesupport_fastrtps_c/base_msgs_per/msg/detail/local_speeds_point__type_support_c.cpp.o\x1b[0m\n'}
[7.820277] (-) TimerEvent: {}
[7.842630] (base_msgs_per) StdoutLine: {'line': b'[ 70%] \x1b[32mBuilding CXX object CMakeFiles/base_msgs_per__rosidl_typesupport_fastrtps_c.dir/rosidl_typesupport_fastrtps_c/base_msgs_per/msg/detail/local_speeds__type_support_c.cpp.o\x1b[0m\n'}
[7.864629] (base_msgs_per) StdoutLine: {'line': b'[ 71%] \x1b[32mBuilding CXX object CMakeFiles/base_msgs_per__rosidl_typesupport_fastrtps_c.dir/rosidl_typesupport_fastrtps_c/base_msgs_per/msg/detail/local_trajectory_point__type_support_c.cpp.o\x1b[0m\n'}
[7.920368] (-) TimerEvent: {}
[7.939672] (base_msgs_per) StdoutLine: {'line': b'[ 72%] \x1b[32mBuilding CXX object CMakeFiles/base_msgs_per__rosidl_typesupport_fastrtps_c.dir/rosidl_typesupport_fastrtps_c/base_msgs_per/msg/detail/local_trajectory__type_support_c.cpp.o\x1b[0m\n'}
[7.976203] (base_msgs_per) StdoutLine: {'line': b'[ 73%] \x1b[32mBuilding CXX object CMakeFiles/base_msgs_per__rosidl_typesupport_introspection_cpp.dir/rosidl_typesupport_introspection_cpp/base_msgs_per/msg/detail/obs_info__type_support.cpp.o\x1b[0m\n'}
[7.981533] (base_msgs_per) StdoutLine: {'line': b'[ 74%] \x1b[32mBuilding CXX object CMakeFiles/base_msgs_per__rosidl_typesupport_introspection_cpp.dir/rosidl_typesupport_introspection_cpp/base_msgs_per/msg/detail/plot_info__type_support.cpp.o\x1b[0m\n'}
[7.993437] (base_msgs_per) StdoutLine: {'line': b'[ 75%] \x1b[32mBuilding CXX object CMakeFiles/base_msgs_per__rosidl_typesupport_fastrtps_cpp.dir/rosidl_typesupport_fastrtps_cpp/base_msgs_per/msg/detail/dds_fastrtps/local_path__type_support.cpp.o\x1b[0m\n'}
[8.020469] (-) TimerEvent: {}
[8.076340] (base_msgs_per) StdoutLine: {'line': b'[ 76%] \x1b[32mBuilding CXX object CMakeFiles/base_msgs_per__rosidl_typesupport_fastrtps_cpp.dir/rosidl_typesupport_fastrtps_cpp/base_msgs_per/msg/detail/dds_fastrtps/local_speeds_point__type_support.cpp.o\x1b[0m\n'}
[8.120696] (-) TimerEvent: {}
[8.203786] (base_msgs_per) StdoutLine: {'line': b'[ 77%] \x1b[32m\x1b[1mLinking CXX shared library libbase_msgs_per__rosidl_typesupport_cpp.so\x1b[0m\n'}
[8.220804] (-) TimerEvent: {}
[8.247418] (base_msgs_per) StdoutLine: {'line': b'[ 77%] \x1b[32mBuilding CXX object CMakeFiles/base_msgs_per__rosidl_typesupport_fastrtps_cpp.dir/rosidl_typesupport_fastrtps_cpp/base_msgs_per/msg/detail/dds_fastrtps/local_speeds__type_support.cpp.o\x1b[0m\n'}
[8.258161] (base_msgs_per) StdoutLine: {'line': b'[ 77%] Built target base_msgs_per__rosidl_typesupport_cpp\n'}
[8.263387] (base_msgs_per) StdoutLine: {'line': b'[ 77%] \x1b[32mBuilding CXX object CMakeFiles/base_msgs_per__rosidl_typesupport_fastrtps_c.dir/rosidl_typesupport_fastrtps_c/base_msgs_per/msg/detail/obs_info__type_support_c.cpp.o\x1b[0m\n'}
[8.289548] (base_msgs_per) StdoutLine: {'line': b'[ 78%] \x1b[32mBuilding CXX object CMakeFiles/base_msgs_per__rosidl_typesupport_fastrtps_cpp.dir/rosidl_typesupport_fastrtps_cpp/base_msgs_per/msg/detail/dds_fastrtps/local_trajectory_point__type_support.cpp.o\x1b[0m\n'}
[8.320911] (-) TimerEvent: {}
[8.359074] (base_msgs_per) StdoutLine: {'line': b'[ 79%] \x1b[32mBuilding CXX object CMakeFiles/base_msgs_per__rosidl_typesupport_fastrtps_c.dir/rosidl_typesupport_fastrtps_c/base_msgs_per/msg/detail/plot_info__type_support_c.cpp.o\x1b[0m\n'}
[8.372133] (base_msgs_per) StdoutLine: {'line': b'[ 80%] \x1b[32mBuilding CXX object CMakeFiles/base_msgs_per__rosidl_typesupport_fastrtps_cpp.dir/rosidl_typesupport_fastrtps_cpp/base_msgs_per/msg/detail/dds_fastrtps/local_trajectory__type_support.cpp.o\x1b[0m\n'}
[8.421564] (base_msgs_per) StdoutLine: {'line': b'[ 81%] \x1b[32mBuilding CXX object CMakeFiles/base_msgs_per__rosidl_typesupport_fastrtps_cpp.dir/rosidl_typesupport_fastrtps_cpp/base_msgs_per/msg/detail/dds_fastrtps/obs_info__type_support.cpp.o\x1b[0m\n'}
[8.421796] (-) TimerEvent: {}
[8.486106] (base_msgs_per) StdoutLine: {'line': b'[ 82%] \x1b[32mBuilding CXX object CMakeFiles/base_msgs_per__rosidl_typesupport_fastrtps_cpp.dir/rosidl_typesupport_fastrtps_cpp/base_msgs_per/msg/detail/dds_fastrtps/plot_info__type_support.cpp.o\x1b[0m\n'}
[8.521917] (-) TimerEvent: {}
[8.622240] (-) TimerEvent: {}
[8.698666] (base_msgs_per) StdoutLine: {'line': b'[ 83%] \x1b[32m\x1b[1mLinking CXX shared library libbase_msgs_per__rosidl_typesupport_introspection_cpp.so\x1b[0m\n'}
[8.722359] (-) TimerEvent: {}
[8.822674] (-) TimerEvent: {}
[8.829654] (base_msgs_per) StdoutLine: {'line': b'[ 83%] Built target base_msgs_per__rosidl_typesupport_introspection_cpp\n'}
[8.875754] (base_msgs_per) StdoutLine: {'line': b'[ 84%] \x1b[32m\x1b[1mLinking CXX shared library libbase_msgs_per__rosidl_typesupport_fastrtps_c.so\x1b[0m\n'}
[8.922785] (-) TimerEvent: {}
[8.946581] (base_msgs_per) StdoutLine: {'line': b'[ 84%] Built target base_msgs_per__rosidl_typesupport_fastrtps_c\n'}
[9.022903] (-) TimerEvent: {}
[9.066422] (base_msgs_per) StdoutLine: {'line': b'[ 84%] \x1b[32m\x1b[1mLinking CXX shared library libbase_msgs_per__rosidl_typesupport_fastrtps_cpp.so\x1b[0m\n'}
[9.123034] (-) TimerEvent: {}
[9.124878] (base_msgs_per) StdoutLine: {'line': b'[ 84%] Built target base_msgs_per__rosidl_typesupport_fastrtps_cpp\n'}
[9.132336] (base_msgs_per) StdoutLine: {'line': b'[ 84%] Built target base_msgs_per\n'}
[9.141679] (base_msgs_per) StdoutLine: {'line': b'[ 85%] \x1b[34m\x1b[1mGenerating Python code for ROS interfaces\x1b[0m\n'}
[9.223150] (-) TimerEvent: {}
[9.323389] (-) TimerEvent: {}
[9.423631] (-) TimerEvent: {}
[9.523864] (-) TimerEvent: {}
[9.624109] (-) TimerEvent: {}
[9.724356] (-) TimerEvent: {}
[9.824593] (-) TimerEvent: {}
[9.924824] (-) TimerEvent: {}
[10.025060] (-) TimerEvent: {}
[10.125266] (-) TimerEvent: {}
[10.225500] (-) TimerEvent: {}
[10.325713] (-) TimerEvent: {}
[10.425955] (-) TimerEvent: {}
[10.526193] (-) TimerEvent: {}
[10.626443] (-) TimerEvent: {}
[10.726677] (-) TimerEvent: {}
[10.826904] (-) TimerEvent: {}
[10.927101] (-) TimerEvent: {}
[11.027342] (-) TimerEvent: {}
[11.127578] (-) TimerEvent: {}
[11.227850] (-) TimerEvent: {}
[11.328091] (-) TimerEvent: {}
[11.428335] (-) TimerEvent: {}
[11.528573] (-) TimerEvent: {}
[11.628812] (-) TimerEvent: {}
[11.729043] (-) TimerEvent: {}
[11.812363] (base_msgs_per) StdoutLine: {'line': b'[ 85%] Built target base_msgs_per__py\n'}
[11.819649] (base_msgs_per) StdoutLine: {'line': b'[ 86%] \x1b[32mBuilding C object CMakeFiles/base_msgs_per__rosidl_generator_py.dir/rosidl_generator_py/base_msgs_per/srv/_global_path_service_s.c.o\x1b[0m\n'}
[11.819851] (base_msgs_per) StdoutLine: {'line': b'[ 86%] \x1b[32mBuilding C object CMakeFiles/base_msgs_per__rosidl_generator_py.dir/rosidl_generator_py/base_msgs_per/srv/_pnc_map_service_s.c.o\x1b[0m\n'}
[11.820018] (base_msgs_per) StdoutLine: {'line': b'[ 87%] \x1b[32mBuilding C object CMakeFiles/base_msgs_per__rosidl_generator_py.dir/rosidl_generator_py/base_msgs_per/msg/_pnc_map_s.c.o\x1b[0m\n'}
[11.820162] (base_msgs_per) StdoutLine: {'line': b'[ 88%] \x1b[32mBuilding C object CMakeFiles/base_msgs_per__rosidl_generator_py.dir/rosidl_generator_py/base_msgs_per/msg/_referline_point_s.c.o\x1b[0m\n'}
[11.820575] (base_msgs_per) StdoutLine: {'line': b'[ 89%] \x1b[32mBuilding C object CMakeFiles/base_msgs_per__rosidl_generator_py.dir/rosidl_generator_py/base_msgs_per/msg/_referline_s.c.o\x1b[0m\n'}
[11.821067] (base_msgs_per) StdoutLine: {'line': b'[ 90%] \x1b[32mBuilding C object CMakeFiles/base_msgs_per__rosidl_generator_py.dir/rosidl_generator_py/base_msgs_per/msg/_local_path_point_s.c.o\x1b[0m\n'}
[11.821199] (base_msgs_per) StdoutLine: {'line': b'[ 90%] \x1b[32mBuilding C object CMakeFiles/base_msgs_per__rosidl_generator_py.dir/rosidl_generator_py/base_msgs_per/msg/_local_path_s.c.o\x1b[0m\n'}
[11.821377] (base_msgs_per) StdoutLine: {'line': b'[ 91%] \x1b[32mBuilding C object CMakeFiles/base_msgs_per__rosidl_generator_py.dir/rosidl_generator_py/base_msgs_per/msg/_local_speeds_point_s.c.o\x1b[0m\n'}
[11.821494] (base_msgs_per) StdoutLine: {'line': b'[ 92%] \x1b[32mBuilding C object CMakeFiles/base_msgs_per__rosidl_generator_py.dir/rosidl_generator_py/base_msgs_per/msg/_local_speeds_s.c.o\x1b[0m\n'}
[11.821827] (base_msgs_per) StdoutLine: {'line': b'[ 93%] \x1b[32mBuilding C object CMakeFiles/base_msgs_per__rosidl_generator_py.dir/rosidl_generator_py/base_msgs_per/msg/_local_trajectory_point_s.c.o\x1b[0m\n'}
[11.821996] (base_msgs_per) StdoutLine: {'line': b'[ 94%] \x1b[32mBuilding C object CMakeFiles/base_msgs_per__rosidl_generator_py.dir/rosidl_generator_py/base_msgs_per/msg/_local_trajectory_s.c.o\x1b[0m\n'}
[11.825752] (base_msgs_per) StdoutLine: {'line': b'[ 94%] \x1b[32mBuilding C object CMakeFiles/base_msgs_per__rosidl_generator_py.dir/rosidl_generator_py/base_msgs_per/msg/_obs_info_s.c.o\x1b[0m\n'}
[11.829158] (-) TimerEvent: {}
[11.931480] (-) TimerEvent: {}
[11.974397] (base_msgs_per) StdoutLine: {'line': b'[ 95%] \x1b[32mBuilding C object CMakeFiles/base_msgs_per__rosidl_generator_py.dir/rosidl_generator_py/base_msgs_per/msg/_plot_info_s.c.o\x1b[0m\n'}
[12.031568] (-) TimerEvent: {}
[12.068845] (base_msgs_per) StdoutLine: {'line': b'[ 96%] \x1b[32m\x1b[1mLinking C shared library rosidl_generator_py/base_msgs_per/libbase_msgs_per__rosidl_generator_py.so\x1b[0m\n'}
[12.097939] (base_msgs_per) StdoutLine: {'line': b'[ 96%] Built target base_msgs_per__rosidl_generator_py\n'}
[12.104678] (base_msgs_per) StdoutLine: {'line': b'[ 97%] \x1b[32mBuilding C object CMakeFiles/base_msgs_per__rosidl_typesupport_fastrtps_c__pyext.dir/rosidl_generator_py/base_msgs_per/_base_msgs_per_s.ep.rosidl_typesupport_fastrtps_c.c.o\x1b[0m\n'}
[12.104875] (base_msgs_per) StdoutLine: {'line': b'[ 99%] \x1b[32mBuilding C object CMakeFiles/base_msgs_per__rosidl_typesupport_c__pyext.dir/rosidl_generator_py/base_msgs_per/_base_msgs_per_s.ep.rosidl_typesupport_c.c.o\x1b[0m\n'}
[12.105024] (base_msgs_per) StdoutLine: {'line': b'[ 99%] \x1b[32mBuilding C object CMakeFiles/base_msgs_per__rosidl_typesupport_introspection_c__pyext.dir/rosidl_generator_py/base_msgs_per/_base_msgs_per_s.ep.rosidl_typesupport_introspection_c.c.o\x1b[0m\n'}
[12.131667] (-) TimerEvent: {}
[12.231943] (base_msgs_per) StdoutLine: {'line': b'[100%] \x1b[32m\x1b[1mLinking C shared library rosidl_generator_py/base_msgs_per/base_msgs_per_s__rosidl_typesupport_c.cpython-310-x86_64-linux-gnu.so\x1b[0m\n'}
[12.232135] (-) TimerEvent: {}
[12.232244] (base_msgs_per) StdoutLine: {'line': b'[100%] \x1b[32m\x1b[1mLinking C shared library rosidl_generator_py/base_msgs_per/base_msgs_per_s__rosidl_typesupport_fastrtps_c.cpython-310-x86_64-linux-gnu.so\x1b[0m\n'}
[12.232335] (base_msgs_per) StdoutLine: {'line': b'[100%] \x1b[32m\x1b[1mLinking C shared library rosidl_generator_py/base_msgs_per/base_msgs_per_s__rosidl_typesupport_introspection_c.cpython-310-x86_64-linux-gnu.so\x1b[0m\n'}
[12.265472] (base_msgs_per) StdoutLine: {'line': b'[100%] Built target base_msgs_per__rosidl_typesupport_introspection_c__pyext\n'}
[12.265706] (base_msgs_per) StdoutLine: {'line': b'[100%] Built target base_msgs_per__rosidl_typesupport_c__pyext\n'}
[12.265779] (base_msgs_per) StdoutLine: {'line': b'[100%] Built target base_msgs_per__rosidl_typesupport_fastrtps_c__pyext\n'}
[12.271055] (base_msgs_per) CommandEnded: {'returncode': 0}
[12.271867] (base_msgs_per) JobProgress: {'identifier': 'base_msgs_per', 'progress': 'install'}
[12.274006] (base_msgs_per) Command: {'cmd': ['/usr/local/bin/cmake', '--install', '/home/abc/perception_with_ros2/build/base_msgs_per'], 'cwd': '/home/abc/perception_with_ros2/build/base_msgs_per', 'env': OrderedDict([('GJS_DEBUG_TOPICS', 'JS ERROR;JS LOG'), ('PYTHON_BASIC_REPL', '1'), ('LESSOPEN', '| /usr/bin/lesspipe %s'), ('LANGUAGE', 'en_US:en'), ('USER', 'abc'), ('LC_TIME', 'zh_CN.UTF-8'), ('XDG_SESSION_TYPE', 'x11'), ('GIT_ASKPASS', '/usr/share/code/resources/app/extensions/git/dist/askpass.sh'), ('SHLVL', '1'), ('LD_LIBRARY_PATH', '/home/abc/perception_with_ros2/install/perception/lib:/home/abc/perception_with_ros2/install/perception/lib:/home/abc/perception_with_ros2/install/perception/lib:/home/abc/perception_with_ros2/install/base_msgs_per/lib:/home/abc/planning_with_ros2/install/planning/lib:/home/abc/planning_with_ros2/install/base_msgs/lib:/usr/lib/x86_64-linux-gnu/gazebo-11/plugins:/opt/ros/humble/opt/rviz_ogre_vendor/lib:/opt/ros/humble/lib/x86_64-linux-gnu:/opt/ros/humble/lib'), ('HOME', '/home/abc'), ('CHROME_DESKTOP', 'code.desktop'), ('TERM_PROGRAM_VERSION', '1.107.1'), ('DESKTOP_SESSION', 'ubuntu'), ('GIO_LAUNCHED_DESKTOP_FILE', '/usr/share/applications/code.desktop'), ('ROS_PYTHON_VERSION', '3'), ('GNOME_SHELL_SESSION_MODE', 'ubuntu'), ('GTK_MODULES', 'gail:atk-bridge'), ('VSCODE_GIT_ASKPASS_MAIN', '/usr/share/code/resources/app/extensions/git/dist/askpass-main.js'), ('LC_MONETARY', 'zh_CN.UTF-8'), ('VSCODE_GIT_ASKPASS_NODE', '/usr/share/code/code'), ('MANAGERPID', '1149'), ('PYDEVD_DISABLE_FILE_VALIDATION', '1'), ('SYSTEMD_EXEC_PID', '1608'), ('BUNDLED_DEBUGPY_PATH', '/home/abc/.vscode/extensions/ms-python.debugpy-2025.18.0-linux-x64/bundled/libs/debugpy'), ('VSCODE_PYTHON_AUTOACTIVATE_GUARD', '1'), ('DBUS_SESSION_BUS_ADDRESS', 'unix:path=/run/user/1000/bus'), ('COLORTERM', 'truecolor'), ('GIO_LAUNCHED_DESKTOP_FILE_PID', '317710'), ('COLCON_PREFIX_PATH', '/home/abc/perception_with_ros2/install:/home/abc/planning_with_ros2/install'), ('ROS_DISTRO', 'humble'), ('GTK_IM_MODULE', 'ibus'), ('LOGNAME', 'abc'), ('JOURNAL_STREAM', '8:909'), ('_', '/usr/bin/colcon'), ('ROS_VERSION', '2'), ('XDG_SESSION_CLASS', 'user'), ('USERNAME', 'abc'), ('TERM', 'xterm-256color'), ('GNOME_DESKTOP_SESSION_ID', 'this-is-deprecated'), ('FC_FONTATIONS', '1'), ('ROS_LOCALHOST_ONLY', '0'), ('WINDOWPATH', '2'), ('PATH', '/home/abc/.config/Code/User/globalStorage/github.copilot-chat/debugCommand:/home/abc/.config/Code/User/globalStorage/github.copilot-chat/copilotCli:/opt/ros/humble/bin:/usr/local/sbin:/usr/local/bin:/usr/sbin:/usr/bin:/sbin:/bin:/usr/games:/usr/local/games:/snap/bin:/snap/bin:/home/abc/.vscode/extensions/ms-python.debugpy-2025.18.0-linux-x64/bundled/scripts/noConfigScripts'), ('SESSION_MANAGER', 'local/abc-G3-3500:@/tmp/.ICE-unix/1581,unix/abc-G3-3500:/tmp/.ICE-unix/1581'), ('INVOCATION_ID', 'c5577e6a91294bed97fcbd6a37e1442b'), ('PAPERSIZE', 'a4'), ('XDG_MENU_PREFIX', 'gnome-'), ('LC_ADDRESS', 'zh_CN.UTF-8'), ('XDG_RUNTIME_DIR', '/run/user/1000'), ('GDK_BACKEND', 'x11'), ('DISPLAY', ':0'), ('VSCODE_DEBUGPY_ADAPTER_ENDPOINTS', '/home/abc/.vscode/extensions/ms-python.debugpy-2025.18.0-linux-x64/.noConfigDebugAdapterEndpoints/endpoint-0370d1c5f2548263.txt'), ('LANG', 'en_US.UTF-8'), ('XDG_CURRENT_DESKTOP', 'ubuntu:GNOME'), ('PYTHONSTARTUP', '/home/abc/.config/Code/User/workspaceStorage/28936fba8b94055b776ffa577577e387/ms-python.python/pythonrc.py'), ('LC_TELEPHONE', 'zh_CN.UTF-8'), ('XMODIFIERS', '@im=ibus'), ('XDG_SESSION_DESKTOP', 'ubuntu'), ('XAUTHORITY', '/run/user/1000/gdm/Xauthority'), ('LS_COLORS', 'rs=0:di=01;34:ln=01;36:mh=00:pi=40;33:so=01;35:do=01;35:bd=40;33;01:cd=40;33;01:or=40;31;01:mi=00:su=37;41:sg=30;43:ca=30;41:tw=30;42:ow=34;42:st=37;44:ex=01;32:*.tar=01;31:*.tgz=01;31:*.arc=01;31:*.arj=01;31:*.taz=01;31:*.lha=01;31:*.lz4=01;31:*.lzh=01;31:*.lzma=01;31:*.tlz=01;31:*.txz=01;31:*.tzo=01;31:*.t7z=01;31:*.zip=01;31:*.z=01;31:*.dz=01;31:*.gz=01;31:*.lrz=01;31:*.lz=01;31:*.lzo=01;31:*.xz=01;31:*.zst=01;31:*.tzst=01;31:*.bz2=01;31:*.bz=01;31:*.tbz=01;31:*.tbz2=01;31:*.tz=01;31:*.deb=01;31:*.rpm=01;31:*.jar=01;31:*.war=01;31:*.ear=01;31:*.sar=01;31:*.rar=01;31:*.alz=01;31:*.ace=01;31:*.zoo=01;31:*.cpio=01;31:*.7z=01;31:*.rz=01;31:*.cab=01;31:*.wim=01;31:*.swm=01;31:*.dwm=01;31:*.esd=01;31:*.jpg=01;35:*.jpeg=01;35:*.mjpg=01;35:*.mjpeg=01;35:*.gif=01;35:*.bmp=01;35:*.pbm=01;35:*.pgm=01;35:*.ppm=01;35:*.tga=01;35:*.xbm=01;35:*.xpm=01;35:*.tif=01;35:*.tiff=01;35:*.png=01;35:*.svg=01;35:*.svgz=01;35:*.mng=01;35:*.pcx=01;35:*.mov=01;35:*.mpg=01;35:*.mpeg=01;35:*.m2v=01;35:*.mkv=01;35:*.webm=01;35:*.webp=01;35:*.ogm=01;35:*.mp4=01;35:*.m4v=01;35:*.mp4v=01;35:*.vob=01;35:*.qt=01;35:*.nuv=01;35:*.wmv=01;35:*.asf=01;35:*.rm=01;35:*.rmvb=01;35:*.flc=01;35:*.avi=01;35:*.fli=01;35:*.flv=01;35:*.gl=01;35:*.dl=01;35:*.xcf=01;35:*.xwd=01;35:*.yuv=01;35:*.cgm=01;35:*.emf=01;35:*.ogv=01;35:*.ogx=01;35:*.aac=00;36:*.au=00;36:*.flac=00;36:*.m4a=00;36:*.mid=00;36:*.midi=00;36:*.mka=00;36:*.mp3=00;36:*.mpc=00;36:*.ogg=00;36:*.ra=00;36:*.wav=00;36:*.oga=00;36:*.opus=00;36:*.spx=00;36:*.xspf=00;36:'), ('ROS2_PERCEPTION_COURSE_INSTALL', '/home/abc/perception_with_ros2/install'), ('VSCODE_GIT_IPC_HANDLE', '/run/user/1000/vscode-git-5e4b9a72ca.sock'), ('TERM_PROGRAM', 'vscode'), ('SSH_AGENT_LAUNCHER', 'gnome-keyring'), ('SSH_AUTH_SOCK', '/run/user/1000/keyring/ssh'), ('ROS_DOMAIN_ID', '2'), ('AMENT_PREFIX_PATH', '/home/abc/perception_with_ros2/install/perception:/home/abc/perception_with_ros2/install/data_plot_per:/home/abc/perception_with_ros2/install/base_msgs_per:/home/abc/planning_with_ros2/install/planning:/home/abc/planning_with_ros2/install/data_plot:/home/abc/planning_with_ros2/install/base_msgs:/opt/ros/humble'), ('SHELL', '/bin/bash'), ('LC_NAME', 'zh_CN.UTF-8'), ('QT_ACCESSIBILITY', '1'), ('GDMSESSION', 'ubuntu'), ('LESSCLOSE', '/usr/bin/lesspipe %s %s'), ('LC_MEASUREMENT', 'zh_CN.UTF-8'), ('GPG_AGENT_INFO', '/run/user/1000/gnupg/S.gpg-agent:0:1'), ('GJS_DEBUG_OUTPUT', 'stderr'), ('LC_IDENTIFICATION', 'zh_CN.UTF-8'), ('VSCODE_GIT_ASKPASS_EXTRA_ARGS', ''), ('QT_IM_MODULE', 'ibus'), ('PWD', '/home/abc/perception_with_ros2/build/base_msgs_per'), ('LC_ALL', 'en_US.UTF-8'), ('XDG_CONFIG_DIRS', '/etc/xdg/xdg-ubuntu:/etc/xdg'), ('XDG_DATA_DIRS', '/usr/share/ubuntu:/usr/share/gnome:/usr/local/share/:/usr/share/:/var/lib/snapd/desktop'), ('PYTHONPATH', '/home/abc/perception_with_ros2/install/data_plot_per/lib/python3.10/site-packages:/home/abc/perception_with_ros2/install/base_msgs_per/local/lib/python3.10/dist-packages:/home/abc/planning_with_ros2/install/data_plot/lib/python3.10/site-packages:/home/abc/planning_with_ros2/install/base_msgs/local/lib/python3.10/dist-packages:/opt/ros/humble/lib/python3.10/site-packages:/opt/ros/humble/local/lib/python3.10/dist-packages'), ('LC_NUMERIC', 'zh_CN.UTF-8'), ('LC_PAPER', 'zh_CN.UTF-8'), ('COLCON', '1'), ('CMAKE_PREFIX_PATH', '/home/abc/perception_with_ros2/install/perception:/home/abc/perception_with_ros2/install/base_msgs_per:/home/abc/planning_with_ros2/install/planning:/home/abc/planning_with_ros2/install/base_msgs:/home/abc/perception_with_ros2/install/data_plot_per:/home/abc/planning_with_ros2/install/data_plot:/opt/ros/humble')]), 'shell': False}
[12.276533] (base_msgs_per) StdoutLine: {'line': b'-- Install configuration: ""\n'}
[12.276714] (base_msgs_per) StdoutLine: {'line': b'-- Installing: /home/abc/perception_with_ros2/install/base_msgs_per/share/ament_index/resource_index/rosidl_interfaces/base_msgs_per\n'}
[12.276839] (base_msgs_per) StdoutLine: {'line': b'-- Installing: /home/abc/perception_with_ros2/install/base_msgs_per/include/base_msgs_per/base_msgs_per\n'}
[12.276963] (base_msgs_per) StdoutLine: {'line': b'-- Installing: /home/abc/perception_with_ros2/install/base_msgs_per/include/base_msgs_per/base_msgs_per/msg\n'}
[12.277038] (base_msgs_per) StdoutLine: {'line': b'-- Installing: /home/abc/perception_with_ros2/install/base_msgs_per/include/base_msgs_per/base_msgs_per/msg/pnc_map.h\n'}
[12.277116] (base_msgs_per) StdoutLine: {'line': b'-- Installing: /home/abc/perception_with_ros2/install/base_msgs_per/include/base_msgs_per/base_msgs_per/msg/local_trajectory_point.h\n'}
[12.277208] (base_msgs_per) StdoutLine: {'line': b'-- Installing: /home/abc/perception_with_ros2/install/base_msgs_per/include/base_msgs_per/base_msgs_per/msg/plot_info.h\n'}
[12.277271] (base_msgs_per) StdoutLine: {'line': b'-- Installing: /home/abc/perception_with_ros2/install/base_msgs_per/include/base_msgs_per/base_msgs_per/msg/rosidl_generator_c__visibility_control.h\n'}
[12.277358] (base_msgs_per) StdoutLine: {'line': b'-- Installing: /home/abc/perception_with_ros2/install/base_msgs_per/include/base_msgs_per/base_msgs_per/msg/local_path.h\n'}
[12.277434] (base_msgs_per) StdoutLine: {'line': b'-- Installing: /home/abc/perception_with_ros2/install/base_msgs_per/include/base_msgs_per/base_msgs_per/msg/detail\n'}
[12.277516] (base_msgs_per) StdoutLine: {'line': b'-- Installing: /home/abc/perception_with_ros2/install/base_msgs_per/include/base_msgs_per/base_msgs_per/msg/detail/obs_info__type_support.h\n'}
[12.277573] (base_msgs_per) StdoutLine: {'line': b'-- Installing: /home/abc/perception_with_ros2/install/base_msgs_per/include/base_msgs_per/base_msgs_per/msg/detail/local_speeds__functions.c\n'}
[12.277648] (base_msgs_per) StdoutLine: {'line': b'-- Installing: /home/abc/perception_with_ros2/install/base_msgs_per/include/base_msgs_per/base_msgs_per/msg/detail/local_speeds_point__struct.h\n'}
[12.277727] (base_msgs_per) StdoutLine: {'line': b'-- Installing: /home/abc/perception_with_ros2/install/base_msgs_per/include/base_msgs_per/base_msgs_per/msg/detail/referline_point__type_support.h\n'}
[12.277806] (base_msgs_per) StdoutLine: {'line': b'-- Installing: /home/abc/perception_with_ros2/install/base_msgs_per/include/base_msgs_per/base_msgs_per/msg/detail/obs_info__struct.h\n'}
[12.277888] (base_msgs_per) StdoutLine: {'line': b'-- Installing: /home/abc/perception_with_ros2/install/base_msgs_per/include/base_msgs_per/base_msgs_per/msg/detail/referline__struct.h\n'}
[12.277944] (base_msgs_per) StdoutLine: {'line': b'-- Installing: /home/abc/perception_with_ros2/install/base_msgs_per/include/base_msgs_per/base_msgs_per/msg/detail/local_speeds__functions.h\n'}
[12.278010] (base_msgs_per) StdoutLine: {'line': b'-- Installing: /home/abc/perception_with_ros2/install/base_msgs_per/include/base_msgs_per/base_msgs_per/msg/detail/local_path_point__functions.h\n'}
[12.278083] (base_msgs_per) StdoutLine: {'line': b'-- Installing: /home/abc/perception_with_ros2/install/base_msgs_per/include/base_msgs_per/base_msgs_per/msg/detail/pnc_map__struct.h\n'}
[12.278161] (base_msgs_per) StdoutLine: {'line': b'-- Installing: /home/abc/perception_with_ros2/install/base_msgs_per/include/base_msgs_per/base_msgs_per/msg/detail/plot_info__struct.h\n'}
[12.278234] (base_msgs_per) StdoutLine: {'line': b'-- Installing: /home/abc/perception_with_ros2/install/base_msgs_per/include/base_msgs_per/base_msgs_per/msg/detail/local_path_point__struct.h\n'}
[12.278317] (base_msgs_per) StdoutLine: {'line': b'-- Installing: /home/abc/perception_with_ros2/install/base_msgs_per/include/base_msgs_per/base_msgs_per/msg/detail/local_path__struct.h\n'}
[12.278396] (base_msgs_per) StdoutLine: {'line': b'-- Installing: /home/abc/perception_with_ros2/install/base_msgs_per/include/base_msgs_per/base_msgs_per/msg/detail/obs_info__functions.h\n'}
[12.278472] (base_msgs_per) StdoutLine: {'line': b'-- Installing: /home/abc/perception_with_ros2/install/base_msgs_per/include/base_msgs_per/base_msgs_per/msg/detail/obs_info__functions.c\n'}
[12.278538] (base_msgs_per) StdoutLine: {'line': b'-- Installing: /home/abc/perception_with_ros2/install/base_msgs_per/include/base_msgs_per/base_msgs_per/msg/detail/local_speeds__struct.h\n'}
[12.278611] (base_msgs_per) StdoutLine: {'line': b'-- Installing: /home/abc/perception_with_ros2/install/base_msgs_per/include/base_msgs_per/base_msgs_per/msg/detail/referline__functions.h\n'}
[12.278687] (base_msgs_per) StdoutLine: {'line': b'-- Installing: /home/abc/perception_with_ros2/install/base_msgs_per/include/base_msgs_per/base_msgs_per/msg/detail/local_trajectory__type_support.h\n'}
[12.278763] (base_msgs_per) StdoutLine: {'line': b'-- Installing: /home/abc/perception_with_ros2/install/base_msgs_per/include/base_msgs_per/base_msgs_per/msg/detail/local_trajectory__functions.h\n'}
[12.278838] (base_msgs_per) StdoutLine: {'line': b'-- Installing: /home/abc/perception_with_ros2/install/base_msgs_per/include/base_msgs_per/base_msgs_per/msg/detail/local_path_point__type_support.h\n'}
[12.278913] (base_msgs_per) StdoutLine: {'line': b'-- Installing: /home/abc/perception_with_ros2/install/base_msgs_per/include/base_msgs_per/base_msgs_per/msg/detail/local_path_point__functions.c\n'}
[12.278983] (base_msgs_per) StdoutLine: {'line': b'-- Installing: /home/abc/perception_with_ros2/install/base_msgs_per/include/base_msgs_per/base_msgs_per/msg/detail/referline__type_support.h\n'}
[12.279056] (base_msgs_per) StdoutLine: {'line': b'-- Installing: /home/abc/perception_with_ros2/install/base_msgs_per/include/base_msgs_per/base_msgs_per/msg/detail/local_trajectory_point__functions.c\n'}
[12.279129] (base_msgs_per) StdoutLine: {'line': b'-- Installing: /home/abc/perception_with_ros2/install/base_msgs_per/include/base_msgs_per/base_msgs_per/msg/detail/local_trajectory_point__functions.h\n'}
[12.279210] (base_msgs_per) StdoutLine: {'line': b'-- Installing: /home/abc/perception_with_ros2/install/base_msgs_per/include/base_msgs_per/base_msgs_per/msg/detail/local_path__functions.h\n'}
[12.279283] (base_msgs_per) StdoutLine: {'line': b'-- Installing: /home/abc/perception_with_ros2/install/base_msgs_per/include/base_msgs_per/base_msgs_per/msg/detail/pnc_map__functions.c\n'}
[12.279366] (base_msgs_per) StdoutLine: {'line': b'-- Installing: /home/abc/perception_with_ros2/install/base_msgs_per/include/base_msgs_per/base_msgs_per/msg/detail/referline__functions.c\n'}
[12.279447] (base_msgs_per) StdoutLine: {'line': b'-- Installing: /home/abc/perception_with_ros2/install/base_msgs_per/include/base_msgs_per/base_msgs_per/msg/detail/referline_point__struct.h\n'}
[12.279522] (base_msgs_per) StdoutLine: {'line': b'-- Installing: /home/abc/perception_with_ros2/install/base_msgs_per/include/base_msgs_per/base_msgs_per/msg/detail/local_trajectory__struct.h\n'}
[12.279596] (base_msgs_per) StdoutLine: {'line': b'-- Installing: /home/abc/perception_with_ros2/install/base_msgs_per/include/base_msgs_per/base_msgs_per/msg/detail/local_speeds_point__type_support.h\n'}
[12.279668] (base_msgs_per) StdoutLine: {'line': b'-- Installing: /home/abc/perception_with_ros2/install/base_msgs_per/include/base_msgs_per/base_msgs_per/msg/detail/local_speeds_point__functions.h\n'}
[12.279740] (base_msgs_per) StdoutLine: {'line': b'-- Installing: /home/abc/perception_with_ros2/install/base_msgs_per/include/base_msgs_per/base_msgs_per/msg/detail/local_trajectory_point__struct.h\n'}
[12.279816] (base_msgs_per) StdoutLine: {'line': b'-- Installing: /home/abc/perception_with_ros2/install/base_msgs_per/include/base_msgs_per/base_msgs_per/msg/detail/local_path__functions.c\n'}
[12.279887] (base_msgs_per) StdoutLine: {'line': b'-- Installing: /home/abc/perception_with_ros2/install/base_msgs_per/include/base_msgs_per/base_msgs_per/msg/detail/plot_info__functions.c\n'}
[12.279965] (base_msgs_per) StdoutLine: {'line': b'-- Installing: /home/abc/perception_with_ros2/install/base_msgs_per/include/base_msgs_per/base_msgs_per/msg/detail/local_trajectory__functions.c\n'}
[12.280042] (base_msgs_per) StdoutLine: {'line': b'-- Installing: /home/abc/perception_with_ros2/install/base_msgs_per/include/base_msgs_per/base_msgs_per/msg/detail/local_speeds__type_support.h\n'}
[12.280116] (base_msgs_per) StdoutLine: {'line': b'-- Installing: /home/abc/perception_with_ros2/install/base_msgs_per/include/base_msgs_per/base_msgs_per/msg/detail/plot_info__type_support.h\n'}
[12.280190] (base_msgs_per) StdoutLine: {'line': b'-- Installing: /home/abc/perception_with_ros2/install/base_msgs_per/include/base_msgs_per/base_msgs_per/msg/detail/referline_point__functions.c\n'}
[12.280268] (base_msgs_per) StdoutLine: {'line': b'-- Installing: /home/abc/perception_with_ros2/install/base_msgs_per/include/base_msgs_per/base_msgs_per/msg/detail/local_path__type_support.h\n'}
[12.280359] (base_msgs_per) StdoutLine: {'line': b'-- Installing: /home/abc/perception_with_ros2/install/base_msgs_per/include/base_msgs_per/base_msgs_per/msg/detail/plot_info__functions.h\n'}
[12.280437] (base_msgs_per) StdoutLine: {'line': b'-- Installing: /home/abc/perception_with_ros2/install/base_msgs_per/include/base_msgs_per/base_msgs_per/msg/detail/pnc_map__type_support.h\n'}
[12.280511] (base_msgs_per) StdoutLine: {'line': b'-- Installing: /home/abc/perception_with_ros2/install/base_msgs_per/include/base_msgs_per/base_msgs_per/msg/detail/pnc_map__functions.h\n'}
[12.280586] (base_msgs_per) StdoutLine: {'line': b'-- Installing: /home/abc/perception_with_ros2/install/base_msgs_per/include/base_msgs_per/base_msgs_per/msg/detail/local_trajectory_point__type_support.h\n'}
[12.280659] (base_msgs_per) StdoutLine: {'line': b'-- Installing: /home/abc/perception_with_ros2/install/base_msgs_per/include/base_msgs_per/base_msgs_per/msg/detail/local_speeds_point__functions.c\n'}
[12.280741] (base_msgs_per) StdoutLine: {'line': b'-- Installing: /home/abc/perception_with_ros2/install/base_msgs_per/include/base_msgs_per/base_msgs_per/msg/detail/referline_point__functions.h\n'}
[12.280822] (base_msgs_per) StdoutLine: {'line': b'-- Installing: /home/abc/perception_with_ros2/install/base_msgs_per/include/base_msgs_per/base_msgs_per/msg/referline_point.h\n'}
[12.280895] (base_msgs_per) StdoutLine: {'line': b'-- Installing: /home/abc/perception_with_ros2/install/base_msgs_per/include/base_msgs_per/base_msgs_per/msg/obs_info.h\n'}
[12.280995] (base_msgs_per) StdoutLine: {'line': b'-- Installing: /home/abc/perception_with_ros2/install/base_msgs_per/include/base_msgs_per/base_msgs_per/msg/referline.h\n'}
[12.281080] (base_msgs_per) StdoutLine: {'line': b'-- Installing: /home/abc/perception_with_ros2/install/base_msgs_per/include/base_msgs_per/base_msgs_per/msg/local_speeds_point.h\n'}
[12.281166] (base_msgs_per) StdoutLine: {'line': b'-- Installing: /home/abc/perception_with_ros2/install/base_msgs_per/include/base_msgs_per/base_msgs_per/msg/local_speeds.h\n'}
[12.281256] (base_msgs_per) StdoutLine: {'line': b'-- Installing: /home/abc/perception_with_ros2/install/base_msgs_per/include/base_msgs_per/base_msgs_per/msg/local_trajectory.h\n'}
[12.281350] (base_msgs_per) StdoutLine: {'line': b'-- Installing: /home/abc/perception_with_ros2/install/base_msgs_per/include/base_msgs_per/base_msgs_per/msg/local_path_point.h\n'}
[12.281444] (base_msgs_per) StdoutLine: {'line': b'-- Installing: /home/abc/perception_with_ros2/install/base_msgs_per/include/base_msgs_per/base_msgs_per/srv\n'}
[12.281532] (base_msgs_per) StdoutLine: {'line': b'-- Installing: /home/abc/perception_with_ros2/install/base_msgs_per/include/base_msgs_per/base_msgs_per/srv/detail\n'}
[12.281616] (base_msgs_per) StdoutLine: {'line': b'-- Installing: /home/abc/perception_with_ros2/install/base_msgs_per/include/base_msgs_per/base_msgs_per/srv/detail/global_path_service__functions.h\n'}
[12.281699] (base_msgs_per) StdoutLine: {'line': b'-- Installing: /home/abc/perception_with_ros2/install/base_msgs_per/include/base_msgs_per/base_msgs_per/srv/detail/pnc_map_service__struct.h\n'}
[12.281785] (base_msgs_per) StdoutLine: {'line': b'-- Installing: /home/abc/perception_with_ros2/install/base_msgs_per/include/base_msgs_per/base_msgs_per/srv/detail/pnc_map_service__functions.c\n'}
[12.281875] (base_msgs_per) StdoutLine: {'line': b'-- Installing: /home/abc/perception_with_ros2/install/base_msgs_per/include/base_msgs_per/base_msgs_per/srv/detail/global_path_service__type_support.h\n'}
[12.281967] (base_msgs_per) StdoutLine: {'line': b'-- Installing: /home/abc/perception_with_ros2/install/base_msgs_per/include/base_msgs_per/base_msgs_per/srv/detail/global_path_service__struct.h\n'}
[12.282056] (base_msgs_per) StdoutLine: {'line': b'-- Installing: /home/abc/perception_with_ros2/install/base_msgs_per/include/base_msgs_per/base_msgs_per/srv/detail/pnc_map_service__type_support.h\n'}
[12.282144] (base_msgs_per) StdoutLine: {'line': b'-- Installing: /home/abc/perception_with_ros2/install/base_msgs_per/include/base_msgs_per/base_msgs_per/srv/detail/global_path_service__functions.c\n'}
[12.282245] (base_msgs_per) StdoutLine: {'line': b'-- Installing: /home/abc/perception_with_ros2/install/base_msgs_per/include/base_msgs_per/base_msgs_per/srv/detail/pnc_map_service__functions.h\n'}
[12.282340] (base_msgs_per) StdoutLine: {'line': b'-- Installing: /home/abc/perception_with_ros2/install/base_msgs_per/include/base_msgs_per/base_msgs_per/srv/pnc_map_service.h\n'}
[12.282432] (base_msgs_per) StdoutLine: {'line': b'-- Installing: /home/abc/perception_with_ros2/install/base_msgs_per/include/base_msgs_per/base_msgs_per/srv/global_path_service.h\n'}
[12.282607] (base_msgs_per) StdoutLine: {'line': b'-- Installing: /home/abc/perception_with_ros2/install/base_msgs_per/share/base_msgs_per/environment/library_path.sh\n'}
[12.282733] (base_msgs_per) StdoutLine: {'line': b'-- Installing: /home/abc/perception_with_ros2/install/base_msgs_per/share/base_msgs_per/environment/library_path.dsv\n'}
[12.282896] (base_msgs_per) StdoutLine: {'line': b'-- Installing: /home/abc/perception_with_ros2/install/base_msgs_per/lib/libbase_msgs_per__rosidl_generator_c.so\n'}
[12.283227] (base_msgs_per) StdoutLine: {'line': b'-- Set non-toolchain portion of runtime path of "/home/abc/perception_with_ros2/install/base_msgs_per/lib/libbase_msgs_per__rosidl_generator_c.so" to ""\n'}
[12.283365] (base_msgs_per) StdoutLine: {'line': b'-- Up-to-date: /home/abc/perception_with_ros2/install/base_msgs_per/include/base_msgs_per/base_msgs_per\n'}
[12.283500] (base_msgs_per) StdoutLine: {'line': b'-- Up-to-date: /home/abc/perception_with_ros2/install/base_msgs_per/include/base_msgs_per/base_msgs_per/msg\n'}
[12.283564] (base_msgs_per) StdoutLine: {'line': b'-- Installing: /home/abc/perception_with_ros2/install/base_msgs_per/include/base_msgs_per/base_msgs_per/msg/rosidl_typesupport_fastrtps_c__visibility_control.h\n'}
[12.283654] (base_msgs_per) StdoutLine: {'line': b'-- Up-to-date: /home/abc/perception_with_ros2/install/base_msgs_per/include/base_msgs_per/base_msgs_per/msg/detail\n'}
[12.283714] (base_msgs_per) StdoutLine: {'line': b'-- Installing: /home/abc/perception_with_ros2/install/base_msgs_per/include/base_msgs_per/base_msgs_per/msg/detail/obs_info__rosidl_typesupport_fastrtps_c.h\n'}
[12.283809] (base_msgs_per) StdoutLine: {'line': b'-- Installing: /home/abc/perception_with_ros2/install/base_msgs_per/include/base_msgs_per/base_msgs_per/msg/detail/local_trajectory_point__rosidl_typesupport_fastrtps_c.h\n'}
[12.283868] (base_msgs_per) StdoutLine: {'line': b'-- Installing: /home/abc/perception_with_ros2/install/base_msgs_per/include/base_msgs_per/base_msgs_per/msg/detail/local_speeds__rosidl_typesupport_fastrtps_c.h\n'}
[12.283944] (base_msgs_per) StdoutLine: {'line': b'-- Installing: /home/abc/perception_with_ros2/install/base_msgs_per/include/base_msgs_per/base_msgs_per/msg/detail/local_speeds_point__rosidl_typesupport_fastrtps_c.h\n'}
[12.284033] (base_msgs_per) StdoutLine: {'line': b'-- Installing: /home/abc/perception_with_ros2/install/base_msgs_per/include/base_msgs_per/base_msgs_per/msg/detail/plot_info__rosidl_typesupport_fastrtps_c.h\n'}
[12.284120] (base_msgs_per) StdoutLine: {'line': b'-- Installing: /home/abc/perception_with_ros2/install/base_msgs_per/include/base_msgs_per/base_msgs_per/msg/detail/local_trajectory__rosidl_typesupport_fastrtps_c.h\n'}
[12.284203] (base_msgs_per) StdoutLine: {'line': b'-- Installing: /home/abc/perception_with_ros2/install/base_msgs_per/include/base_msgs_per/base_msgs_per/msg/detail/local_path_point__rosidl_typesupport_fastrtps_c.h\n'}
[12.284286] (base_msgs_per) StdoutLine: {'line': b'-- Installing: /home/abc/perception_with_ros2/install/base_msgs_per/include/base_msgs_per/base_msgs_per/msg/detail/referline_point__rosidl_typesupport_fastrtps_c.h\n'}
[12.284400] (base_msgs_per) StdoutLine: {'line': b'-- Installing: /home/abc/perception_with_ros2/install/base_msgs_per/include/base_msgs_per/base_msgs_per/msg/detail/pnc_map__rosidl_typesupport_fastrtps_c.h\n'}
[12.284490] (base_msgs_per) StdoutLine: {'line': b'-- Installing: /home/abc/perception_with_ros2/install/base_msgs_per/include/base_msgs_per/base_msgs_per/msg/detail/referline__rosidl_typesupport_fastrtps_c.h\n'}
[12.284590] (base_msgs_per) StdoutLine: {'line': b'-- Installing: /home/abc/perception_with_ros2/install/base_msgs_per/include/base_msgs_per/base_msgs_per/msg/detail/local_path__rosidl_typesupport_fastrtps_c.h\n'}
[12.284678] (base_msgs_per) StdoutLine: {'line': b'-- Up-to-date: /home/abc/perception_with_ros2/install/base_msgs_per/include/base_msgs_per/base_msgs_per/srv\n'}
[12.284763] (base_msgs_per) StdoutLine: {'line': b'-- Up-to-date: /home/abc/perception_with_ros2/install/base_msgs_per/include/base_msgs_per/base_msgs_per/srv/detail\n'}
[12.284859] (base_msgs_per) StdoutLine: {'line': b'-- Installing: /home/abc/perception_with_ros2/install/base_msgs_per/include/base_msgs_per/base_msgs_per/srv/detail/pnc_map_service__rosidl_typesupport_fastrtps_c.h\n'}
[12.284916] (base_msgs_per) StdoutLine: {'line': b'-- Installing: /home/abc/perception_with_ros2/install/base_msgs_per/include/base_msgs_per/base_msgs_per/srv/detail/global_path_service__rosidl_typesupport_fastrtps_c.h\n'}
[12.285004] (base_msgs_per) StdoutLine: {'line': b'-- Installing: /home/abc/perception_with_ros2/install/base_msgs_per/lib/libbase_msgs_per__rosidl_typesupport_fastrtps_c.so\n'}
[12.285324] (base_msgs_per) StdoutLine: {'line': b'-- Set non-toolchain portion of runtime path of "/home/abc/perception_with_ros2/install/base_msgs_per/lib/libbase_msgs_per__rosidl_typesupport_fastrtps_c.so" to ""\n'}
[12.285460] (base_msgs_per) StdoutLine: {'line': b'-- Up-to-date: /home/abc/perception_with_ros2/install/base_msgs_per/include/base_msgs_per/base_msgs_per\n'}
[12.285608] (base_msgs_per) StdoutLine: {'line': b'-- Up-to-date: /home/abc/perception_with_ros2/install/base_msgs_per/include/base_msgs_per/base_msgs_per/msg\n'}
[12.285700] (base_msgs_per) StdoutLine: {'line': b'-- Installing: /home/abc/perception_with_ros2/install/base_msgs_per/include/base_msgs_per/base_msgs_per/msg/rosidl_typesupport_introspection_c__visibility_control.h\n'}
[12.285794] (base_msgs_per) StdoutLine: {'line': b'-- Up-to-date: /home/abc/perception_with_ros2/install/base_msgs_per/include/base_msgs_per/base_msgs_per/msg/detail\n'}
[12.285884] (base_msgs_per) StdoutLine: {'line': b'-- Installing: /home/abc/perception_with_ros2/install/base_msgs_per/include/base_msgs_per/base_msgs_per/msg/detail/local_trajectory__type_support.c\n'}
[12.285987] (base_msgs_per) StdoutLine: {'line': b'-- Installing: /home/abc/perception_with_ros2/install/base_msgs_per/include/base_msgs_per/base_msgs_per/msg/detail/local_path_point__rosidl_typesupport_introspection_c.h\n'}
[12.286065] (base_msgs_per) StdoutLine: {'line': b'-- Installing: /home/abc/perception_with_ros2/install/base_msgs_per/include/base_msgs_per/base_msgs_per/msg/detail/local_speeds_point__type_support.c\n'}
[12.286133] (base_msgs_per) StdoutLine: {'line': b'-- Installing: /home/abc/perception_with_ros2/install/base_msgs_per/include/base_msgs_per/base_msgs_per/msg/detail/referline__type_support.c\n'}
[12.286236] (base_msgs_per) StdoutLine: {'line': b'-- Installing: /home/abc/perception_with_ros2/install/base_msgs_per/include/base_msgs_per/base_msgs_per/msg/detail/pnc_map__rosidl_typesupport_introspection_c.h\n'}
[12.286331] (base_msgs_per) StdoutLine: {'line': b'-- Installing: /home/abc/perception_with_ros2/install/base_msgs_per/include/base_msgs_per/base_msgs_per/msg/detail/local_speeds_point__rosidl_typesupport_introspection_c.h\n'}
[12.286397] (base_msgs_per) StdoutLine: {'line': b'-- Installing: /home/abc/perception_with_ros2/install/base_msgs_per/include/base_msgs_per/base_msgs_per/msg/detail/local_trajectory__rosidl_typesupport_introspection_c.h\n'}
[12.286474] (base_msgs_per) StdoutLine: {'line': b'-- Installing: /home/abc/perception_with_ros2/install/base_msgs_per/include/base_msgs_per/base_msgs_per/msg/detail/local_speeds__type_support.c\n'}
[12.286548] (base_msgs_per) StdoutLine: {'line': b'-- Installing: /home/abc/perception_with_ros2/install/base_msgs_per/include/base_msgs_per/base_msgs_per/msg/detail/referline_point__type_support.c\n'}
[12.286641] (base_msgs_per) StdoutLine: {'line': b'-- Installing: /home/abc/perception_with_ros2/install/base_msgs_per/include/base_msgs_per/base_msgs_per/msg/detail/referline_point__rosidl_typesupport_introspection_c.h\n'}
[12.286723] (base_msgs_per) StdoutLine: {'line': b'-- Installing: /home/abc/perception_with_ros2/install/base_msgs_per/include/base_msgs_per/base_msgs_per/msg/detail/pnc_map__type_support.c\n'}
[12.286809] (base_msgs_per) StdoutLine: {'line': b'-- Installing: /home/abc/perception_with_ros2/install/base_msgs_per/include/base_msgs_per/base_msgs_per/msg/detail/referline__rosidl_typesupport_introspection_c.h\n'}
[12.286888] (base_msgs_per) StdoutLine: {'line': b'-- Installing: /home/abc/perception_with_ros2/install/base_msgs_per/include/base_msgs_per/base_msgs_per/msg/detail/local_trajectory_point__rosidl_typesupport_introspection_c.h\n'}
[12.286968] (base_msgs_per) StdoutLine: {'line': b'-- Installing: /home/abc/perception_with_ros2/install/base_msgs_per/include/base_msgs_per/base_msgs_per/msg/detail/obs_info__rosidl_typesupport_introspection_c.h\n'}
[12.287046] (base_msgs_per) StdoutLine: {'line': b'-- Installing: /home/abc/perception_with_ros2/install/base_msgs_per/include/base_msgs_per/base_msgs_per/msg/detail/obs_info__type_support.c\n'}
[12.287131] (base_msgs_per) StdoutLine: {'line': b'-- Installing: /home/abc/perception_with_ros2/install/base_msgs_per/include/base_msgs_per/base_msgs_per/msg/detail/local_path__type_support.c\n'}
[12.287222] (base_msgs_per) StdoutLine: {'line': b'-- Installing: /home/abc/perception_with_ros2/install/base_msgs_per/include/base_msgs_per/base_msgs_per/msg/detail/local_path_point__type_support.c\n'}
[12.287322] (base_msgs_per) StdoutLine: {'line': b'-- Installing: /home/abc/perception_with_ros2/install/base_msgs_per/include/base_msgs_per/base_msgs_per/msg/detail/local_trajectory_point__type_support.c\n'}
[12.287405] (base_msgs_per) StdoutLine: {'line': b'-- Installing: /home/abc/perception_with_ros2/install/base_msgs_per/include/base_msgs_per/base_msgs_per/msg/detail/plot_info__type_support.c\n'}
[12.287490] (base_msgs_per) StdoutLine: {'line': b'-- Installing: /home/abc/perception_with_ros2/install/base_msgs_per/include/base_msgs_per/base_msgs_per/msg/detail/local_speeds__rosidl_typesupport_introspection_c.h\n'}
[12.287568] (base_msgs_per) StdoutLine: {'line': b'-- Installing: /home/abc/perception_with_ros2/install/base_msgs_per/include/base_msgs_per/base_msgs_per/msg/detail/local_path__rosidl_typesupport_introspection_c.h\n'}
[12.287649] (base_msgs_per) StdoutLine: {'line': b'-- Installing: /home/abc/perception_with_ros2/install/base_msgs_per/include/base_msgs_per/base_msgs_per/msg/detail/plot_info__rosidl_typesupport_introspection_c.h\n'}
[12.287725] (base_msgs_per) StdoutLine: {'line': b'-- Up-to-date: /home/abc/perception_with_ros2/install/base_msgs_per/include/base_msgs_per/base_msgs_per/srv\n'}
[12.287808] (base_msgs_per) StdoutLine: {'line': b'-- Up-to-date: /home/abc/perception_with_ros2/install/base_msgs_per/include/base_msgs_per/base_msgs_per/srv/detail\n'}
[12.287865] (base_msgs_per) StdoutLine: {'line': b'-- Installing: /home/abc/perception_with_ros2/install/base_msgs_per/include/base_msgs_per/base_msgs_per/srv/detail/global_path_service__type_support.c\n'}
[12.287940] (base_msgs_per) StdoutLine: {'line': b'-- Installing: /home/abc/perception_with_ros2/install/base_msgs_per/include/base_msgs_per/base_msgs_per/srv/detail/global_path_service__rosidl_typesupport_introspection_c.h\n'}
[12.288016] (base_msgs_per) StdoutLine: {'line': b'-- Installing: /home/abc/perception_with_ros2/install/base_msgs_per/include/base_msgs_per/base_msgs_per/srv/detail/pnc_map_service__rosidl_typesupport_introspection_c.h\n'}
[12.288093] (base_msgs_per) StdoutLine: {'line': b'-- Installing: /home/abc/perception_with_ros2/install/base_msgs_per/include/base_msgs_per/base_msgs_per/srv/detail/pnc_map_service__type_support.c\n'}
[12.288174] (base_msgs_per) StdoutLine: {'line': b'-- Installing: /home/abc/perception_with_ros2/install/base_msgs_per/lib/libbase_msgs_per__rosidl_typesupport_introspection_c.so\n'}
[12.288517] (base_msgs_per) StdoutLine: {'line': b'-- Set non-toolchain portion of runtime path of "/home/abc/perception_with_ros2/install/base_msgs_per/lib/libbase_msgs_per__rosidl_typesupport_introspection_c.so" to ""\n'}
[12.288638] (base_msgs_per) StdoutLine: {'line': b'-- Installing: /home/abc/perception_with_ros2/install/base_msgs_per/lib/libbase_msgs_per__rosidl_typesupport_c.so\n'}
[12.288824] (base_msgs_per) StdoutLine: {'line': b'-- Set non-toolchain portion of runtime path of "/home/abc/perception_with_ros2/install/base_msgs_per/lib/libbase_msgs_per__rosidl_typesupport_c.so" to ""\n'}
[12.288950] (base_msgs_per) StdoutLine: {'line': b'-- Up-to-date: /home/abc/perception_with_ros2/install/base_msgs_per/include/base_msgs_per/base_msgs_per\n'}
[12.289045] (base_msgs_per) StdoutLine: {'line': b'-- Up-to-date: /home/abc/perception_with_ros2/install/base_msgs_per/include/base_msgs_per/base_msgs_per/msg\n'}
[12.289137] (base_msgs_per) StdoutLine: {'line': b'-- Installing: /home/abc/perception_with_ros2/install/base_msgs_per/include/base_msgs_per/base_msgs_per/msg/local_speeds.hpp\n'}
[12.289260] (base_msgs_per) StdoutLine: {'line': b'-- Installing: /home/abc/perception_with_ros2/install/base_msgs_per/include/base_msgs_per/base_msgs_per/msg/local_path_point.hpp\n'}
[12.289381] (base_msgs_per) StdoutLine: {'line': b'-- Up-to-date: /home/abc/perception_with_ros2/install/base_msgs_per/include/base_msgs_per/base_msgs_per/msg/detail\n'}
[12.289490] (base_msgs_per) StdoutLine: {'line': b'-- Installing: /home/abc/perception_with_ros2/install/base_msgs_per/include/base_msgs_per/base_msgs_per/msg/detail/pnc_map__traits.hpp\n'}
[12.289583] (base_msgs_per) StdoutLine: {'line': b'-- Installing: /home/abc/perception_with_ros2/install/base_msgs_per/include/base_msgs_per/base_msgs_per/msg/detail/local_trajectory_point__type_support.hpp\n'}
[12.289675] (base_msgs_per) StdoutLine: {'line': b'-- Installing: /home/abc/perception_with_ros2/install/base_msgs_per/include/base_msgs_per/base_msgs_per/msg/detail/obs_info__builder.hpp\n'}
[12.289792] (base_msgs_per) StdoutLine: {'line': b'-- Installing: /home/abc/perception_with_ros2/install/base_msgs_per/include/base_msgs_per/base_msgs_per/msg/detail/referline_point__type_support.hpp\n'}
[12.289887] (base_msgs_per) StdoutLine: {'line': b'-- Installing: /home/abc/perception_with_ros2/install/base_msgs_per/include/base_msgs_per/base_msgs_per/msg/detail/local_path__struct.hpp\n'}
[12.289979] (base_msgs_per) StdoutLine: {'line': b'-- Installing: /home/abc/perception_with_ros2/install/base_msgs_per/include/base_msgs_per/base_msgs_per/msg/detail/plot_info__struct.hpp\n'}
[12.290095] (base_msgs_per) StdoutLine: {'line': b'-- Installing: /home/abc/perception_with_ros2/install/base_msgs_per/include/base_msgs_per/base_msgs_per/msg/detail/pnc_map__builder.hpp\n'}
[12.290158] (base_msgs_per) StdoutLine: {'line': b'-- Installing: /home/abc/perception_with_ros2/install/base_msgs_per/include/base_msgs_per/base_msgs_per/msg/detail/plot_info__builder.hpp\n'}
[12.290215] (base_msgs_per) StdoutLine: {'line': b'-- Installing: /home/abc/perception_with_ros2/install/base_msgs_per/include/base_msgs_per/base_msgs_per/msg/detail/referline__traits.hpp\n'}
[12.290312] (base_msgs_per) StdoutLine: {'line': b'-- Installing: /home/abc/perception_with_ros2/install/base_msgs_per/include/base_msgs_per/base_msgs_per/msg/detail/local_speeds_point__struct.hpp\n'}
[12.290377] (base_msgs_per) StdoutLine: {'line': b'-- Installing: /home/abc/perception_with_ros2/install/base_msgs_per/include/base_msgs_per/base_msgs_per/msg/detail/local_trajectory__type_support.hpp\n'}
[12.290433] (base_msgs_per) StdoutLine: {'line': b'-- Installing: /home/abc/perception_with_ros2/install/base_msgs_per/include/base_msgs_per/base_msgs_per/msg/detail/local_path_point__struct.hpp\n'}
[12.290488] (base_msgs_per) StdoutLine: {'line': b'-- Installing: /home/abc/perception_with_ros2/install/base_msgs_per/include/base_msgs_per/base_msgs_per/msg/detail/local_speeds__builder.hpp\n'}
[12.290544] (base_msgs_per) StdoutLine: {'line': b'-- Installing: /home/abc/perception_with_ros2/install/base_msgs_per/include/base_msgs_per/base_msgs_per/msg/detail/local_path__traits.hpp\n'}
[12.290600] (base_msgs_per) StdoutLine: {'line': b'-- Installing: /home/abc/perception_with_ros2/install/base_msgs_per/include/base_msgs_per/base_msgs_per/msg/detail/local_trajectory__struct.hpp\n'}
[12.290676] (base_msgs_per) StdoutLine: {'line': b'-- Installing: /home/abc/perception_with_ros2/install/base_msgs_per/include/base_msgs_per/base_msgs_per/msg/detail/local_speeds_point__traits.hpp\n'}
[12.290775] (base_msgs_per) StdoutLine: {'line': b'-- Installing: /home/abc/perception_with_ros2/install/base_msgs_per/include/base_msgs_per/base_msgs_per/msg/detail/local_speeds_point__type_support.hpp\n'}
[12.290831] (base_msgs_per) StdoutLine: {'line': b'-- Installing: /home/abc/perception_with_ros2/install/base_msgs_per/include/base_msgs_per/base_msgs_per/msg/detail/local_path__builder.hpp\n'}
[12.290887] (base_msgs_per) StdoutLine: {'line': b'-- Installing: /home/abc/perception_with_ros2/install/base_msgs_per/include/base_msgs_per/base_msgs_per/msg/detail/plot_info__type_support.hpp\n'}
[12.290943] (base_msgs_per) StdoutLine: {'line': b'-- Installing: /home/abc/perception_with_ros2/install/base_msgs_per/include/base_msgs_per/base_msgs_per/msg/detail/referline_point__builder.hpp\n'}
[12.290998] (base_msgs_per) StdoutLine: {'line': b'-- Installing: /home/abc/perception_with_ros2/install/base_msgs_per/include/base_msgs_per/base_msgs_per/msg/detail/obs_info__type_support.hpp\n'}
[12.291073] (base_msgs_per) StdoutLine: {'line': b'-- Installing: /home/abc/perception_with_ros2/install/base_msgs_per/include/base_msgs_per/base_msgs_per/msg/detail/referline__builder.hpp\n'}
[12.291160] (base_msgs_per) StdoutLine: {'line': b'-- Installing: /home/abc/perception_with_ros2/install/base_msgs_per/include/base_msgs_per/base_msgs_per/msg/detail/pnc_map__struct.hpp\n'}
[12.291217] (base_msgs_per) StdoutLine: {'line': b'-- Installing: /home/abc/perception_with_ros2/install/base_msgs_per/include/base_msgs_per/base_msgs_per/msg/detail/local_path_point__traits.hpp\n'}
[12.291274] (base_msgs_per) StdoutLine: {'line': b'-- Installing: /home/abc/perception_with_ros2/install/base_msgs_per/include/base_msgs_per/base_msgs_per/msg/detail/local_speeds__type_support.hpp\n'}
[12.291357] (base_msgs_per) StdoutLine: {'line': b'-- Installing: /home/abc/perception_with_ros2/install/base_msgs_per/include/base_msgs_per/base_msgs_per/msg/detail/obs_info__traits.hpp\n'}
[12.291444] (base_msgs_per) StdoutLine: {'line': b'-- Installing: /home/abc/perception_with_ros2/install/base_msgs_per/include/base_msgs_per/base_msgs_per/msg/detail/local_trajectory__builder.hpp\n'}
[12.291505] (base_msgs_per) StdoutLine: {'line': b'-- Installing: /home/abc/perception_with_ros2/install/base_msgs_per/include/base_msgs_per/base_msgs_per/msg/detail/local_trajectory__traits.hpp\n'}
[12.291588] (base_msgs_per) StdoutLine: {'line': b'-- Installing: /home/abc/perception_with_ros2/install/base_msgs_per/include/base_msgs_per/base_msgs_per/msg/detail/referline__struct.hpp\n'}
[12.291645] (base_msgs_per) StdoutLine: {'line': b'-- Installing: /home/abc/perception_with_ros2/install/base_msgs_per/include/base_msgs_per/base_msgs_per/msg/detail/referline__type_support.hpp\n'}
[12.291717] (base_msgs_per) StdoutLine: {'line': b'-- Installing: /home/abc/perception_with_ros2/install/base_msgs_per/include/base_msgs_per/base_msgs_per/msg/detail/referline_point__struct.hpp\n'}
[12.291794] (base_msgs_per) StdoutLine: {'line': b'-- Installing: /home/abc/perception_with_ros2/install/base_msgs_per/include/base_msgs_per/base_msgs_per/msg/detail/plot_info__traits.hpp\n'}
[12.291871] (base_msgs_per) StdoutLine: {'line': b'-- Installing: /home/abc/perception_with_ros2/install/base_msgs_per/include/base_msgs_per/base_msgs_per/msg/detail/local_trajectory_point__builder.hpp\n'}
[12.291948] (base_msgs_per) StdoutLine: {'line': b'-- Installing: /home/abc/perception_with_ros2/install/base_msgs_per/include/base_msgs_per/base_msgs_per/msg/detail/local_speeds__traits.hpp\n'}
[12.292024] (base_msgs_per) StdoutLine: {'line': b'-- Installing: /home/abc/perception_with_ros2/install/base_msgs_per/include/base_msgs_per/base_msgs_per/msg/detail/local_trajectory_point__traits.hpp\n'}
[12.292101] (base_msgs_per) StdoutLine: {'line': b'-- Installing: /home/abc/perception_with_ros2/install/base_msgs_per/include/base_msgs_per/base_msgs_per/msg/detail/local_path__type_support.hpp\n'}
[12.292176] (base_msgs_per) StdoutLine: {'line': b'-- Installing: /home/abc/perception_with_ros2/install/base_msgs_per/include/base_msgs_per/base_msgs_per/msg/detail/local_path_point__type_support.hpp\n'}
[12.292252] (base_msgs_per) StdoutLine: {'line': b'-- Installing: /home/abc/perception_with_ros2/install/base_msgs_per/include/base_msgs_per/base_msgs_per/msg/detail/local_trajectory_point__struct.hpp\n'}
[12.292331] (base_msgs_per) StdoutLine: {'line': b'-- Installing: /home/abc/perception_with_ros2/install/base_msgs_per/include/base_msgs_per/base_msgs_per/msg/detail/obs_info__struct.hpp\n'}
[12.292413] (base_msgs_per) StdoutLine: {'line': b'-- Installing: /home/abc/perception_with_ros2/install/base_msgs_per/include/base_msgs_per/base_msgs_per/msg/detail/referline_point__traits.hpp\n'}
[12.292488] (base_msgs_per) StdoutLine: {'line': b'-- Installing: /home/abc/perception_with_ros2/install/base_msgs_per/include/base_msgs_per/base_msgs_per/msg/detail/local_speeds_point__builder.hpp\n'}
[12.292556] (base_msgs_per) StdoutLine: {'line': b'-- Installing: /home/abc/perception_with_ros2/install/base_msgs_per/include/base_msgs_per/base_msgs_per/msg/detail/pnc_map__type_support.hpp\n'}
[12.292626] (base_msgs_per) StdoutLine: {'line': b'-- Installing: /home/abc/perception_with_ros2/install/base_msgs_per/include/base_msgs_per/base_msgs_per/msg/detail/local_speeds__struct.hpp\n'}
[12.292708] (base_msgs_per) StdoutLine: {'line': b'-- Installing: /home/abc/perception_with_ros2/install/base_msgs_per/include/base_msgs_per/base_msgs_per/msg/detail/local_path_point__builder.hpp\n'}
[12.292791] (base_msgs_per) StdoutLine: {'line': b'-- Installing: /home/abc/perception_with_ros2/install/base_msgs_per/include/base_msgs_per/base_msgs_per/msg/local_path.hpp\n'}
[12.292865] (base_msgs_per) StdoutLine: {'line': b'-- Installing: /home/abc/perception_with_ros2/install/base_msgs_per/include/base_msgs_per/base_msgs_per/msg/rosidl_generator_cpp__visibility_control.hpp\n'}
[12.292937] (base_msgs_per) StdoutLine: {'line': b'-- Installing: /home/abc/perception_with_ros2/install/base_msgs_per/include/base_msgs_per/base_msgs_per/msg/referline.hpp\n'}
[12.293015] (base_msgs_per) StdoutLine: {'line': b'-- Installing: /home/abc/perception_with_ros2/install/base_msgs_per/include/base_msgs_per/base_msgs_per/msg/local_trajectory_point.hpp\n'}
[12.293089] (base_msgs_per) StdoutLine: {'line': b'-- Installing: /home/abc/perception_with_ros2/install/base_msgs_per/include/base_msgs_per/base_msgs_per/msg/obs_info.hpp\n'}
[12.293163] (base_msgs_per) StdoutLine: {'line': b'-- Installing: /home/abc/perception_with_ros2/install/base_msgs_per/include/base_msgs_per/base_msgs_per/msg/plot_info.hpp\n'}
[12.293237] (base_msgs_per) StdoutLine: {'line': b'-- Installing: /home/abc/perception_with_ros2/install/base_msgs_per/include/base_msgs_per/base_msgs_per/msg/local_trajectory.hpp\n'}
[12.293314] (base_msgs_per) StdoutLine: {'line': b'-- Installing: /home/abc/perception_with_ros2/install/base_msgs_per/include/base_msgs_per/base_msgs_per/msg/local_speeds_point.hpp\n'}
[12.293393] (base_msgs_per) StdoutLine: {'line': b'-- Installing: /home/abc/perception_with_ros2/install/base_msgs_per/include/base_msgs_per/base_msgs_per/msg/pnc_map.hpp\n'}
[12.293468] (base_msgs_per) StdoutLine: {'line': b'-- Installing: /home/abc/perception_with_ros2/install/base_msgs_per/include/base_msgs_per/base_msgs_per/msg/referline_point.hpp\n'}
[12.293544] (base_msgs_per) StdoutLine: {'line': b'-- Up-to-date: /home/abc/perception_with_ros2/install/base_msgs_per/include/base_msgs_per/base_msgs_per/srv\n'}
[12.293627] (base_msgs_per) StdoutLine: {'line': b'-- Installing: /home/abc/perception_with_ros2/install/base_msgs_per/include/base_msgs_per/base_msgs_per/srv/pnc_map_service.hpp\n'}
[12.293695] (base_msgs_per) StdoutLine: {'line': b'-- Up-to-date: /home/abc/perception_with_ros2/install/base_msgs_per/include/base_msgs_per/base_msgs_per/srv/detail\n'}
[12.293751] (base_msgs_per) StdoutLine: {'line': b'-- Installing: /home/abc/perception_with_ros2/install/base_msgs_per/include/base_msgs_per/base_msgs_per/srv/detail/global_path_service__builder.hpp\n'}
[12.293826] (base_msgs_per) StdoutLine: {'line': b'-- Installing: /home/abc/perception_with_ros2/install/base_msgs_per/include/base_msgs_per/base_msgs_per/srv/detail/pnc_map_service__traits.hpp\n'}
[12.293884] (base_msgs_per) StdoutLine: {'line': b'-- Installing: /home/abc/perception_with_ros2/install/base_msgs_per/include/base_msgs_per/base_msgs_per/srv/detail/pnc_map_service__type_support.hpp\n'}
[12.293965] (base_msgs_per) StdoutLine: {'line': b'-- Installing: /home/abc/perception_with_ros2/install/base_msgs_per/include/base_msgs_per/base_msgs_per/srv/detail/global_path_service__struct.hpp\n'}
[12.294021] (base_msgs_per) StdoutLine: {'line': b'-- Installing: /home/abc/perception_with_ros2/install/base_msgs_per/include/base_msgs_per/base_msgs_per/srv/detail/pnc_map_service__builder.hpp\n'}
[12.294097] (base_msgs_per) StdoutLine: {'line': b'-- Installing: /home/abc/perception_with_ros2/install/base_msgs_per/include/base_msgs_per/base_msgs_per/srv/detail/global_path_service__type_support.hpp\n'}
[12.294182] (base_msgs_per) StdoutLine: {'line': b'-- Installing: /home/abc/perception_with_ros2/install/base_msgs_per/include/base_msgs_per/base_msgs_per/srv/detail/global_path_service__traits.hpp\n'}
[12.294237] (base_msgs_per) StdoutLine: {'line': b'-- Installing: /home/abc/perception_with_ros2/install/base_msgs_per/include/base_msgs_per/base_msgs_per/srv/detail/pnc_map_service__struct.hpp\n'}
[12.294315] (base_msgs_per) StdoutLine: {'line': b'-- Installing: /home/abc/perception_with_ros2/install/base_msgs_per/include/base_msgs_per/base_msgs_per/srv/global_path_service.hpp\n'}
[12.294409] (base_msgs_per) StdoutLine: {'line': b'-- Up-to-date: /home/abc/perception_with_ros2/install/base_msgs_per/include/base_msgs_per/base_msgs_per\n'}
[12.294469] (base_msgs_per) StdoutLine: {'line': b'-- Up-to-date: /home/abc/perception_with_ros2/install/base_msgs_per/include/base_msgs_per/base_msgs_per/msg\n'}
[12.294554] (base_msgs_per) StdoutLine: {'line': b'-- Up-to-date: /home/abc/perception_with_ros2/install/base_msgs_per/include/base_msgs_per/base_msgs_per/msg/detail\n'}
[12.294612] (base_msgs_per) StdoutLine: {'line': b'-- Installing: /home/abc/perception_with_ros2/install/base_msgs_per/include/base_msgs_per/base_msgs_per/msg/detail/local_path__rosidl_typesupport_fastrtps_cpp.hpp\n'}
[12.294669] (base_msgs_per) StdoutLine: {'line': b'-- Installing: /home/abc/perception_with_ros2/install/base_msgs_per/include/base_msgs_per/base_msgs_per/msg/detail/referline__rosidl_typesupport_fastrtps_cpp.hpp\n'}
[12.294750] (base_msgs_per) StdoutLine: {'line': b'-- Installing: /home/abc/perception_with_ros2/install/base_msgs_per/include/base_msgs_per/base_msgs_per/msg/detail/local_trajectory__rosidl_typesupport_fastrtps_cpp.hpp\n'}
[12.294809] (base_msgs_per) StdoutLine: {'line': b'-- Installing: /home/abc/perception_with_ros2/install/base_msgs_per/include/base_msgs_per/base_msgs_per/msg/detail/local_trajectory_point__rosidl_typesupport_fastrtps_cpp.hpp\n'}
[12.294890] (base_msgs_per) StdoutLine: {'line': b'-- Installing: /home/abc/perception_with_ros2/install/base_msgs_per/include/base_msgs_per/base_msgs_per/msg/detail/obs_info__rosidl_typesupport_fastrtps_cpp.hpp\n'}
[12.294946] (base_msgs_per) StdoutLine: {'line': b'-- Installing: /home/abc/perception_with_ros2/install/base_msgs_per/include/base_msgs_per/base_msgs_per/msg/detail/local_path_point__rosidl_typesupport_fastrtps_cpp.hpp\n'}
[12.295027] (base_msgs_per) StdoutLine: {'line': b'-- Installing: /home/abc/perception_with_ros2/install/base_msgs_per/include/base_msgs_per/base_msgs_per/msg/detail/referline_point__rosidl_typesupport_fastrtps_cpp.hpp\n'}
[12.295082] (base_msgs_per) StdoutLine: {'line': b'-- Installing: /home/abc/perception_with_ros2/install/base_msgs_per/include/base_msgs_per/base_msgs_per/msg/detail/pnc_map__rosidl_typesupport_fastrtps_cpp.hpp\n'}
[12.295155] (base_msgs_per) StdoutLine: {'line': b'-- Installing: /home/abc/perception_with_ros2/install/base_msgs_per/include/base_msgs_per/base_msgs_per/msg/detail/local_speeds__rosidl_typesupport_fastrtps_cpp.hpp\n'}
[12.295230] (base_msgs_per) StdoutLine: {'line': b'-- Installing: /home/abc/perception_with_ros2/install/base_msgs_per/include/base_msgs_per/base_msgs_per/msg/detail/dds_fastrtps\n'}
[12.295307] (base_msgs_per) StdoutLine: {'line': b'-- Installing: /home/abc/perception_with_ros2/install/base_msgs_per/include/base_msgs_per/base_msgs_per/msg/detail/local_speeds_point__rosidl_typesupport_fastrtps_cpp.hpp\n'}
[12.295385] (base_msgs_per) StdoutLine: {'line': b'-- Installing: /home/abc/perception_with_ros2/install/base_msgs_per/include/base_msgs_per/base_msgs_per/msg/detail/plot_info__rosidl_typesupport_fastrtps_cpp.hpp\n'}
[12.295462] (base_msgs_per) StdoutLine: {'line': b'-- Installing: /home/abc/perception_with_ros2/install/base_msgs_per/include/base_msgs_per/base_msgs_per/msg/rosidl_typesupport_fastrtps_cpp__visibility_control.h\n'}
[12.295544] (base_msgs_per) StdoutLine: {'line': b'-- Up-to-date: /home/abc/perception_with_ros2/install/base_msgs_per/include/base_msgs_per/base_msgs_per/srv\n'}
[12.295604] (base_msgs_per) StdoutLine: {'line': b'-- Up-to-date: /home/abc/perception_with_ros2/install/base_msgs_per/include/base_msgs_per/base_msgs_per/srv/detail\n'}
[12.295684] (base_msgs_per) StdoutLine: {'line': b'-- Installing: /home/abc/perception_with_ros2/install/base_msgs_per/include/base_msgs_per/base_msgs_per/srv/detail/global_path_service__rosidl_typesupport_fastrtps_cpp.hpp\n'}
[12.295756] (base_msgs_per) StdoutLine: {'line': b'-- Installing: /home/abc/perception_with_ros2/install/base_msgs_per/include/base_msgs_per/base_msgs_per/srv/detail/pnc_map_service__rosidl_typesupport_fastrtps_cpp.hpp\n'}
[12.295811] (base_msgs_per) StdoutLine: {'line': b'-- Installing: /home/abc/perception_with_ros2/install/base_msgs_per/include/base_msgs_per/base_msgs_per/srv/detail/dds_fastrtps\n'}
[12.295907] (base_msgs_per) StdoutLine: {'line': b'-- Installing: /home/abc/perception_with_ros2/install/base_msgs_per/lib/libbase_msgs_per__rosidl_typesupport_fastrtps_cpp.so\n'}
[12.296258] (base_msgs_per) StdoutLine: {'line': b'-- Set non-toolchain portion of runtime path of "/home/abc/perception_with_ros2/install/base_msgs_per/lib/libbase_msgs_per__rosidl_typesupport_fastrtps_cpp.so" to ""\n'}
[12.296396] (base_msgs_per) StdoutLine: {'line': b'-- Up-to-date: /home/abc/perception_with_ros2/install/base_msgs_per/include/base_msgs_per/base_msgs_per\n'}
[12.296507] (base_msgs_per) StdoutLine: {'line': b'-- Up-to-date: /home/abc/perception_with_ros2/install/base_msgs_per/include/base_msgs_per/base_msgs_per/msg\n'}
[12.296598] (base_msgs_per) StdoutLine: {'line': b'-- Up-to-date: /home/abc/perception_with_ros2/install/base_msgs_per/include/base_msgs_per/base_msgs_per/msg/detail\n'}
[12.296690] (base_msgs_per) StdoutLine: {'line': b'-- Installing: /home/abc/perception_with_ros2/install/base_msgs_per/include/base_msgs_per/base_msgs_per/msg/detail/local_trajectory__type_support.cpp\n'}
[12.296814] (base_msgs_per) StdoutLine: {'line': b'-- Installing: /home/abc/perception_with_ros2/install/base_msgs_per/include/base_msgs_per/base_msgs_per/msg/detail/local_speeds_point__type_support.cpp\n'}
[12.296910] (base_msgs_per) StdoutLine: {'line': b'-- Installing: /home/abc/perception_with_ros2/install/base_msgs_per/include/base_msgs_per/base_msgs_per/msg/detail/local_speeds_point__rosidl_typesupport_introspection_cpp.hpp\n'}
[12.296985] (base_msgs_per) StdoutLine: {'line': b'-- Installing: /home/abc/perception_with_ros2/install/base_msgs_per/include/base_msgs_per/base_msgs_per/msg/detail/pnc_map__type_support.cpp\n'}
[12.297070] (base_msgs_per) StdoutLine: {'line': b'-- Installing: /home/abc/perception_with_ros2/install/base_msgs_per/include/base_msgs_per/base_msgs_per/msg/detail/referline__type_support.cpp\n'}
[12.297129] (base_msgs_per) StdoutLine: {'line': b'-- Installing: /home/abc/perception_with_ros2/install/base_msgs_per/include/base_msgs_per/base_msgs_per/msg/detail/obs_info__rosidl_typesupport_introspection_cpp.hpp\n'}
[12.297186] (base_msgs_per) StdoutLine: {'line': b'-- Installing: /home/abc/perception_with_ros2/install/base_msgs_per/include/base_msgs_per/base_msgs_per/msg/detail/referline__rosidl_typesupport_introspection_cpp.hpp\n'}
[12.297243] (base_msgs_per) StdoutLine: {'line': b'-- Installing: /home/abc/perception_with_ros2/install/base_msgs_per/include/base_msgs_per/base_msgs_per/msg/detail/local_speeds__type_support.cpp\n'}
[12.297326] (base_msgs_per) StdoutLine: {'line': b'-- Installing: /home/abc/perception_with_ros2/install/base_msgs_per/include/base_msgs_per/base_msgs_per/msg/detail/local_trajectory_point__rosidl_typesupport_introspection_cpp.hpp\n'}
[12.297407] (base_msgs_per) StdoutLine: {'line': b'-- Installing: /home/abc/perception_with_ros2/install/base_msgs_per/include/base_msgs_per/base_msgs_per/msg/detail/plot_info__type_support.cpp\n'}
[12.297466] (base_msgs_per) StdoutLine: {'line': b'-- Installing: /home/abc/perception_with_ros2/install/base_msgs_per/include/base_msgs_per/base_msgs_per/msg/detail/local_path__rosidl_typesupport_introspection_cpp.hpp\n'}
[12.297522] (base_msgs_per) StdoutLine: {'line': b'-- Installing: /home/abc/perception_with_ros2/install/base_msgs_per/include/base_msgs_per/base_msgs_per/msg/detail/local_path_point__type_support.cpp\n'}
[12.297597] (base_msgs_per) StdoutLine: {'line': b'-- Installing: /home/abc/perception_with_ros2/install/base_msgs_per/include/base_msgs_per/base_msgs_per/msg/detail/pnc_map__rosidl_typesupport_introspection_cpp.hpp\n'}
[12.297685] (base_msgs_per) StdoutLine: {'line': b'-- Installing: /home/abc/perception_with_ros2/install/base_msgs_per/include/base_msgs_per/base_msgs_per/msg/detail/plot_info__rosidl_typesupport_introspection_cpp.hpp\n'}
[12.297742] (base_msgs_per) StdoutLine: {'line': b'-- Installing: /home/abc/perception_with_ros2/install/base_msgs_per/include/base_msgs_per/base_msgs_per/msg/detail/local_trajectory__rosidl_typesupport_introspection_cpp.hpp\n'}
[12.297799] (base_msgs_per) StdoutLine: {'line': b'-- Installing: /home/abc/perception_with_ros2/install/base_msgs_per/include/base_msgs_per/base_msgs_per/msg/detail/referline_point__type_support.cpp\n'}
[12.297880] (base_msgs_per) StdoutLine: {'line': b'-- Installing: /home/abc/perception_with_ros2/install/base_msgs_per/include/base_msgs_per/base_msgs_per/msg/detail/obs_info__type_support.cpp\n'}
[12.297944] (base_msgs_per) StdoutLine: {'line': b'-- Installing: /home/abc/perception_with_ros2/install/base_msgs_per/include/base_msgs_per/base_msgs_per/msg/detail/referline_point__rosidl_typesupport_introspection_cpp.hpp\n'}
[12.298022] (base_msgs_per) StdoutLine: {'line': b'-- Installing: /home/abc/perception_with_ros2/install/base_msgs_per/include/base_msgs_per/base_msgs_per/msg/detail/local_speeds__rosidl_typesupport_introspection_cpp.hpp\n'}
[12.298078] (base_msgs_per) StdoutLine: {'line': b'-- Installing: /home/abc/perception_with_ros2/install/base_msgs_per/include/base_msgs_per/base_msgs_per/msg/detail/local_path__type_support.cpp\n'}
[12.298144] (base_msgs_per) StdoutLine: {'line': b'-- Installing: /home/abc/perception_with_ros2/install/base_msgs_per/include/base_msgs_per/base_msgs_per/msg/detail/local_trajectory_point__type_support.cpp\n'}
[12.298216] (base_msgs_per) StdoutLine: {'line': b'-- Installing: /home/abc/perception_with_ros2/install/base_msgs_per/include/base_msgs_per/base_msgs_per/msg/detail/local_path_point__rosidl_typesupport_introspection_cpp.hpp\n'}
[12.298290] (base_msgs_per) StdoutLine: {'line': b'-- Up-to-date: /home/abc/perception_with_ros2/install/base_msgs_per/include/base_msgs_per/base_msgs_per/srv\n'}
[12.298372] (base_msgs_per) StdoutLine: {'line': b'-- Up-to-date: /home/abc/perception_with_ros2/install/base_msgs_per/include/base_msgs_per/base_msgs_per/srv/detail\n'}
[12.298447] (base_msgs_per) StdoutLine: {'line': b'-- Installing: /home/abc/perception_with_ros2/install/base_msgs_per/include/base_msgs_per/base_msgs_per/srv/detail/pnc_map_service__rosidl_typesupport_introspection_cpp.hpp\n'}
[12.298503] (base_msgs_per) StdoutLine: {'line': b'-- Installing: /home/abc/perception_with_ros2/install/base_msgs_per/include/base_msgs_per/base_msgs_per/srv/detail/pnc_map_service__type_support.cpp\n'}
[12.298585] (base_msgs_per) StdoutLine: {'line': b'-- Installing: /home/abc/perception_with_ros2/install/base_msgs_per/include/base_msgs_per/base_msgs_per/srv/detail/global_path_service__type_support.cpp\n'}
[12.298641] (base_msgs_per) StdoutLine: {'line': b'-- Installing: /home/abc/perception_with_ros2/install/base_msgs_per/include/base_msgs_per/base_msgs_per/srv/detail/global_path_service__rosidl_typesupport_introspection_cpp.hpp\n'}
[12.298715] (base_msgs_per) StdoutLine: {'line': b'-- Installing: /home/abc/perception_with_ros2/install/base_msgs_per/lib/libbase_msgs_per__rosidl_typesupport_introspection_cpp.so\n'}
[12.299169] (base_msgs_per) StdoutLine: {'line': b'-- Set non-toolchain portion of runtime path of "/home/abc/perception_with_ros2/install/base_msgs_per/lib/libbase_msgs_per__rosidl_typesupport_introspection_cpp.so" to ""\n'}
[12.299284] (base_msgs_per) StdoutLine: {'line': b'-- Installing: /home/abc/perception_with_ros2/install/base_msgs_per/lib/libbase_msgs_per__rosidl_typesupport_cpp.so\n'}
[12.299489] (base_msgs_per) StdoutLine: {'line': b'-- Set non-toolchain portion of runtime path of "/home/abc/perception_with_ros2/install/base_msgs_per/lib/libbase_msgs_per__rosidl_typesupport_cpp.so" to ""\n'}
[12.299604] (base_msgs_per) StdoutLine: {'line': b'-- Installing: /home/abc/perception_with_ros2/install/base_msgs_per/share/base_msgs_per/environment/pythonpath.sh\n'}
[12.299716] (base_msgs_per) StdoutLine: {'line': b'-- Installing: /home/abc/perception_with_ros2/install/base_msgs_per/share/base_msgs_per/environment/pythonpath.dsv\n'}
[12.299832] (base_msgs_per) StdoutLine: {'line': b'-- Installing: /home/abc/perception_with_ros2/install/base_msgs_per/local/lib/python3.10/dist-packages/base_msgs_per-0.0.0-py3.10.egg-info\n'}
[12.299955] (base_msgs_per) StdoutLine: {'line': b'-- Installing: /home/abc/perception_with_ros2/install/base_msgs_per/local/lib/python3.10/dist-packages/base_msgs_per-0.0.0-py3.10.egg-info/dependency_links.txt\n'}
[12.300049] (base_msgs_per) StdoutLine: {'line': b'-- Installing: /home/abc/perception_with_ros2/install/base_msgs_per/local/lib/python3.10/dist-packages/base_msgs_per-0.0.0-py3.10.egg-info/SOURCES.txt\n'}
[12.300158] (base_msgs_per) StdoutLine: {'line': b'-- Installing: /home/abc/perception_with_ros2/install/base_msgs_per/local/lib/python3.10/dist-packages/base_msgs_per-0.0.0-py3.10.egg-info/top_level.txt\n'}
[12.300281] (base_msgs_per) StdoutLine: {'line': b'-- Installing: /home/abc/perception_with_ros2/install/base_msgs_per/local/lib/python3.10/dist-packages/base_msgs_per-0.0.0-py3.10.egg-info/PKG-INFO\n'}
[12.300385] (base_msgs_per) StdoutLine: {'line': b'-- Installing: /home/abc/perception_with_ros2/install/base_msgs_per/local/lib/python3.10/dist-packages/base_msgs_per\n'}
[12.300498] (base_msgs_per) StdoutLine: {'line': b'-- Installing: /home/abc/perception_with_ros2/install/base_msgs_per/local/lib/python3.10/dist-packages/base_msgs_per/_base_msgs_per_s.ep.rosidl_typesupport_fastrtps_c.c\n'}
[12.300590] (base_msgs_per) StdoutLine: {'line': b'-- Installing: /home/abc/perception_with_ros2/install/base_msgs_per/local/lib/python3.10/dist-packages/base_msgs_per/msg\n'}
[12.300717] (base_msgs_per) StdoutLine: {'line': b'-- Installing: /home/abc/perception_with_ros2/install/base_msgs_per/local/lib/python3.10/dist-packages/base_msgs_per/msg/_obs_info.py\n'}
[12.300820] (base_msgs_per) StdoutLine: {'line': b'-- Installing: /home/abc/perception_with_ros2/install/base_msgs_per/local/lib/python3.10/dist-packages/base_msgs_per/msg/_referline_s.c\n'}
[12.300899] (base_msgs_per) StdoutLine: {'line': b'-- Installing: /home/abc/perception_with_ros2/install/base_msgs_per/local/lib/python3.10/dist-packages/base_msgs_per/msg/_local_path_s.c\n'}
[12.300959] (base_msgs_per) StdoutLine: {'line': b'-- Installing: /home/abc/perception_with_ros2/install/base_msgs_per/local/lib/python3.10/dist-packages/base_msgs_per/msg/_local_speeds.py\n'}
[12.301017] (base_msgs_per) StdoutLine: {'line': b'-- Installing: /home/abc/perception_with_ros2/install/base_msgs_per/local/lib/python3.10/dist-packages/base_msgs_per/msg/_local_path_point_s.c\n'}
[12.301074] (base_msgs_per) StdoutLine: {'line': b'-- Installing: /home/abc/perception_with_ros2/install/base_msgs_per/local/lib/python3.10/dist-packages/base_msgs_per/msg/_referline_point_s.c\n'}
[12.301150] (base_msgs_per) StdoutLine: {'line': b'-- Installing: /home/abc/perception_with_ros2/install/base_msgs_per/local/lib/python3.10/dist-packages/base_msgs_per/msg/_local_path.py\n'}
[12.301241] (base_msgs_per) StdoutLine: {'line': b'-- Installing: /home/abc/perception_with_ros2/install/base_msgs_per/local/lib/python3.10/dist-packages/base_msgs_per/msg/_local_trajectory_point.py\n'}
[12.301304] (base_msgs_per) StdoutLine: {'line': b'-- Installing: /home/abc/perception_with_ros2/install/base_msgs_per/local/lib/python3.10/dist-packages/base_msgs_per/msg/_local_speeds_s.c\n'}
[12.301378] (base_msgs_per) StdoutLine: {'line': b'-- Installing: /home/abc/perception_with_ros2/install/base_msgs_per/local/lib/python3.10/dist-packages/base_msgs_per/msg/_referline.py\n'}
[12.301438] (base_msgs_per) StdoutLine: {'line': b'-- Installing: /home/abc/perception_with_ros2/install/base_msgs_per/local/lib/python3.10/dist-packages/base_msgs_per/msg/_local_speeds_point.py\n'}
[12.301494] (base_msgs_per) StdoutLine: {'line': b'-- Installing: /home/abc/perception_with_ros2/install/base_msgs_per/local/lib/python3.10/dist-packages/base_msgs_per/msg/_pnc_map.py\n'}
[12.301569] (base_msgs_per) StdoutLine: {'line': b'-- Installing: /home/abc/perception_with_ros2/install/base_msgs_per/local/lib/python3.10/dist-packages/base_msgs_per/msg/__init__.py\n'}
[12.301655] (base_msgs_per) StdoutLine: {'line': b'-- Installing: /home/abc/perception_with_ros2/install/base_msgs_per/local/lib/python3.10/dist-packages/base_msgs_per/msg/_plot_info_s.c\n'}
[12.301713] (base_msgs_per) StdoutLine: {'line': b'-- Installing: /home/abc/perception_with_ros2/install/base_msgs_per/local/lib/python3.10/dist-packages/base_msgs_per/msg/_local_trajectory_s.c\n'}
[12.301770] (base_msgs_per) StdoutLine: {'line': b'-- Installing: /home/abc/perception_with_ros2/install/base_msgs_per/local/lib/python3.10/dist-packages/base_msgs_per/msg/_referline_point.py\n'}
[12.301846] (base_msgs_per) StdoutLine: {'line': b'-- Installing: /home/abc/perception_with_ros2/install/base_msgs_per/local/lib/python3.10/dist-packages/base_msgs_per/msg/_local_speeds_point_s.c\n'}
[12.301913] (base_msgs_per) StdoutLine: {'line': b'-- Installing: /home/abc/perception_with_ros2/install/base_msgs_per/local/lib/python3.10/dist-packages/base_msgs_per/msg/_local_path_point.py\n'}
[12.301985] (base_msgs_per) StdoutLine: {'line': b'-- Installing: /home/abc/perception_with_ros2/install/base_msgs_per/local/lib/python3.10/dist-packages/base_msgs_per/msg/_pnc_map_s.c\n'}
[12.302038] (base_msgs_per) StdoutLine: {'line': b'-- Installing: /home/abc/perception_with_ros2/install/base_msgs_per/local/lib/python3.10/dist-packages/base_msgs_per/msg/_local_trajectory.py\n'}
[12.302121] (base_msgs_per) StdoutLine: {'line': b'-- Installing: /home/abc/perception_with_ros2/install/base_msgs_per/local/lib/python3.10/dist-packages/base_msgs_per/msg/_local_trajectory_point_s.c\n'}
[12.302176] (base_msgs_per) StdoutLine: {'line': b'-- Installing: /home/abc/perception_with_ros2/install/base_msgs_per/local/lib/python3.10/dist-packages/base_msgs_per/msg/_plot_info.py\n'}
[12.302244] (base_msgs_per) StdoutLine: {'line': b'-- Installing: /home/abc/perception_with_ros2/install/base_msgs_per/local/lib/python3.10/dist-packages/base_msgs_per/msg/_obs_info_s.c\n'}
[12.302322] (base_msgs_per) StdoutLine: {'line': b'-- Installing: /home/abc/perception_with_ros2/install/base_msgs_per/local/lib/python3.10/dist-packages/base_msgs_per/_base_msgs_per_s.ep.rosidl_typesupport_introspection_c.c\n'}
[12.302405] (base_msgs_per) StdoutLine: {'line': b'-- Installing: /home/abc/perception_with_ros2/install/base_msgs_per/local/lib/python3.10/dist-packages/base_msgs_per/_base_msgs_per_s.ep.rosidl_typesupport_c.c\n'}
[12.302523] (base_msgs_per) StdoutLine: {'line': b'-- Installing: /home/abc/perception_with_ros2/install/base_msgs_per/local/lib/python3.10/dist-packages/base_msgs_per/__init__.py\n'}
[12.302596] (base_msgs_per) StdoutLine: {'line': b'-- Installing: /home/abc/perception_with_ros2/install/base_msgs_per/local/lib/python3.10/dist-packages/base_msgs_per/base_msgs_per_s__rosidl_typesupport_c.cpython-310-x86_64-linux-gnu.so\n'}
[12.302695] (base_msgs_per) StdoutLine: {'line': b'-- Installing: /home/abc/perception_with_ros2/install/base_msgs_per/local/lib/python3.10/dist-packages/base_msgs_per/base_msgs_per_s__rosidl_typesupport_introspection_c.cpython-310-x86_64-linux-gnu.so\n'}
[12.302800] (base_msgs_per) StdoutLine: {'line': b'-- Installing: /home/abc/perception_with_ros2/install/base_msgs_per/local/lib/python3.10/dist-packages/base_msgs_per/base_msgs_per_s__rosidl_typesupport_fastrtps_c.cpython-310-x86_64-linux-gnu.so\n'}
[12.302906] (base_msgs_per) StdoutLine: {'line': b'-- Installing: /home/abc/perception_with_ros2/install/base_msgs_per/local/lib/python3.10/dist-packages/base_msgs_per/libbase_msgs_per__rosidl_generator_py.so\n'}
[12.303031] (base_msgs_per) StdoutLine: {'line': b'-- Installing: /home/abc/perception_with_ros2/install/base_msgs_per/local/lib/python3.10/dist-packages/base_msgs_per/srv\n'}
[12.303103] (base_msgs_per) StdoutLine: {'line': b'-- Installing: /home/abc/perception_with_ros2/install/base_msgs_per/local/lib/python3.10/dist-packages/base_msgs_per/srv/_pnc_map_service.py\n'}
[12.303177] (base_msgs_per) StdoutLine: {'line': b'-- Installing: /home/abc/perception_with_ros2/install/base_msgs_per/local/lib/python3.10/dist-packages/base_msgs_per/srv/_global_path_service_s.c\n'}
[12.303249] (base_msgs_per) StdoutLine: {'line': b'-- Installing: /home/abc/perception_with_ros2/install/base_msgs_per/local/lib/python3.10/dist-packages/base_msgs_per/srv/__init__.py\n'}
[12.303327] (base_msgs_per) StdoutLine: {'line': b'-- Installing: /home/abc/perception_with_ros2/install/base_msgs_per/local/lib/python3.10/dist-packages/base_msgs_per/srv/_global_path_service.py\n'}
[12.303408] (base_msgs_per) StdoutLine: {'line': b'-- Installing: /home/abc/perception_with_ros2/install/base_msgs_per/local/lib/python3.10/dist-packages/base_msgs_per/srv/_pnc_map_service_s.c\n'}
[12.332250] (-) TimerEvent: {}
[12.350973] (base_msgs_per) StdoutLine: {'line': b"Listing '/home/abc/perception_with_ros2/install/base_msgs_per/local/lib/python3.10/dist-packages/base_msgs_per'...\n"}
[12.351156] (base_msgs_per) StdoutLine: {'line': b"Compiling '/home/abc/perception_with_ros2/install/base_msgs_per/local/lib/python3.10/dist-packages/base_msgs_per/__init__.py'...\n"}
[12.351261] (base_msgs_per) StdoutLine: {'line': b"Listing '/home/abc/perception_with_ros2/install/base_msgs_per/local/lib/python3.10/dist-packages/base_msgs_per/msg'...\n"}
[12.351379] (base_msgs_per) StdoutLine: {'line': b"Compiling '/home/abc/perception_with_ros2/install/base_msgs_per/local/lib/python3.10/dist-packages/base_msgs_per/msg/__init__.py'...\n"}
[12.351473] (base_msgs_per) StdoutLine: {'line': b"Compiling '/home/abc/perception_with_ros2/install/base_msgs_per/local/lib/python3.10/dist-packages/base_msgs_per/msg/_local_path.py'...\n"}
[12.351565] (base_msgs_per) StdoutLine: {'line': b"Compiling '/home/abc/perception_with_ros2/install/base_msgs_per/local/lib/python3.10/dist-packages/base_msgs_per/msg/_local_path_point.py'...\n"}
[12.351661] (base_msgs_per) StdoutLine: {'line': b"Compiling '/home/abc/perception_with_ros2/install/base_msgs_per/local/lib/python3.10/dist-packages/base_msgs_per/msg/_local_speeds.py'...\n"}
[12.351747] (base_msgs_per) StdoutLine: {'line': b"Compiling '/home/abc/perception_with_ros2/install/base_msgs_per/local/lib/python3.10/dist-packages/base_msgs_per/msg/_local_speeds_point.py'...\n"}
[12.351831] (base_msgs_per) StdoutLine: {'line': b"Compiling '/home/abc/perception_with_ros2/install/base_msgs_per/local/lib/python3.10/dist-packages/base_msgs_per/msg/_local_trajectory.py'...\n"}
[12.351898] (base_msgs_per) StdoutLine: {'line': b"Compiling '/home/abc/perception_with_ros2/install/base_msgs_per/local/lib/python3.10/dist-packages/base_msgs_per/msg/_local_trajectory_point.py'...\n"}
[12.351965] (base_msgs_per) StdoutLine: {'line': b"Compiling '/home/abc/perception_with_ros2/install/base_msgs_per/local/lib/python3.10/dist-packages/base_msgs_per/msg/_obs_info.py'...\n"}
[12.352018] (base_msgs_per) StdoutLine: {'line': b"Compiling '/home/abc/perception_with_ros2/install/base_msgs_per/local/lib/python3.10/dist-packages/base_msgs_per/msg/_plot_info.py'...\n"}
[12.352072] (base_msgs_per) StdoutLine: {'line': b"Compiling '/home/abc/perception_with_ros2/install/base_msgs_per/local/lib/python3.10/dist-packages/base_msgs_per/msg/_pnc_map.py'...\n"}
[12.352124] (base_msgs_per) StdoutLine: {'line': b"Compiling '/home/abc/perception_with_ros2/install/base_msgs_per/local/lib/python3.10/dist-packages/base_msgs_per/msg/_referline.py'...\n"}
[12.352177] (base_msgs_per) StdoutLine: {'line': b"Compiling '/home/abc/perception_with_ros2/install/base_msgs_per/local/lib/python3.10/dist-packages/base_msgs_per/msg/_referline_point.py'...\n"}
[12.352230] (base_msgs_per) StdoutLine: {'line': b"Listing '/home/abc/perception_with_ros2/install/base_msgs_per/local/lib/python3.10/dist-packages/base_msgs_per/srv'...\n"}
[12.352283] (base_msgs_per) StdoutLine: {'line': b"Compiling '/home/abc/perception_with_ros2/install/base_msgs_per/local/lib/python3.10/dist-packages/base_msgs_per/srv/__init__.py'...\n"}
[12.352347] (base_msgs_per) StdoutLine: {'line': b"Compiling '/home/abc/perception_with_ros2/install/base_msgs_per/local/lib/python3.10/dist-packages/base_msgs_per/srv/_global_path_service.py'...\n"}
[12.352402] (base_msgs_per) StdoutLine: {'line': b"Compiling '/home/abc/perception_with_ros2/install/base_msgs_per/local/lib/python3.10/dist-packages/base_msgs_per/srv/_pnc_map_service.py'...\n"}
[12.355596] (base_msgs_per) StdoutLine: {'line': b'-- Installing: /home/abc/perception_with_ros2/install/base_msgs_per/local/lib/python3.10/dist-packages/base_msgs_per/base_msgs_per_s__rosidl_typesupport_fastrtps_c.cpython-310-x86_64-linux-gnu.so\n'}
[12.355851] (base_msgs_per) StdoutLine: {'line': b'-- Set non-toolchain portion of runtime path of "/home/abc/perception_with_ros2/install/base_msgs_per/local/lib/python3.10/dist-packages/base_msgs_per/base_msgs_per_s__rosidl_typesupport_fastrtps_c.cpython-310-x86_64-linux-gnu.so" to ""\n'}
[12.356024] (base_msgs_per) StdoutLine: {'line': b'-- Installing: /home/abc/perception_with_ros2/install/base_msgs_per/local/lib/python3.10/dist-packages/base_msgs_per/base_msgs_per_s__rosidl_typesupport_introspection_c.cpython-310-x86_64-linux-gnu.so\n'}
[12.356295] (base_msgs_per) StdoutLine: {'line': b'-- Set non-toolchain portion of runtime path of "/home/abc/perception_with_ros2/install/base_msgs_per/local/lib/python3.10/dist-packages/base_msgs_per/base_msgs_per_s__rosidl_typesupport_introspection_c.cpython-310-x86_64-linux-gnu.so" to ""\n'}
[12.356477] (base_msgs_per) StdoutLine: {'line': b'-- Installing: /home/abc/perception_with_ros2/install/base_msgs_per/local/lib/python3.10/dist-packages/base_msgs_per/base_msgs_per_s__rosidl_typesupport_c.cpython-310-x86_64-linux-gnu.so\n'}
[12.356729] (base_msgs_per) StdoutLine: {'line': b'-- Set non-toolchain portion of runtime path of "/home/abc/perception_with_ros2/install/base_msgs_per/local/lib/python3.10/dist-packages/base_msgs_per/base_msgs_per_s__rosidl_typesupport_c.cpython-310-x86_64-linux-gnu.so" to ""\n'}
[12.356866] (base_msgs_per) StdoutLine: {'line': b'-- Installing: /home/abc/perception_with_ros2/install/base_msgs_per/lib/libbase_msgs_per__rosidl_generator_py.so\n'}
[12.357087] (base_msgs_per) StdoutLine: {'line': b'-- Set non-toolchain portion of runtime path of "/home/abc/perception_with_ros2/install/base_msgs_per/lib/libbase_msgs_per__rosidl_generator_py.so" to ""\n'}
[12.357210] (base_msgs_per) StdoutLine: {'line': b'-- Installing: /home/abc/perception_with_ros2/install/base_msgs_per/share/base_msgs_per/srv/GlobalPathService.idl\n'}
[12.357335] (base_msgs_per) StdoutLine: {'line': b'-- Installing: /home/abc/perception_with_ros2/install/base_msgs_per/share/base_msgs_per/srv/PNCMapService.idl\n'}
[12.357460] (base_msgs_per) StdoutLine: {'line': b'-- Installing: /home/abc/perception_with_ros2/install/base_msgs_per/share/base_msgs_per/msg/PNCMap.idl\n'}
[12.357575] (base_msgs_per) StdoutLine: {'line': b'-- Installing: /home/abc/perception_with_ros2/install/base_msgs_per/share/base_msgs_per/msg/ReferlinePoint.idl\n'}
[12.357684] (base_msgs_per) StdoutLine: {'line': b'-- Installing: /home/abc/perception_with_ros2/install/base_msgs_per/share/base_msgs_per/msg/Referline.idl\n'}
[12.357769] (base_msgs_per) StdoutLine: {'line': b'-- Installing: /home/abc/perception_with_ros2/install/base_msgs_per/share/base_msgs_per/msg/LocalPathPoint.idl\n'}
[12.357879] (base_msgs_per) StdoutLine: {'line': b'-- Installing: /home/abc/perception_with_ros2/install/base_msgs_per/share/base_msgs_per/msg/LocalPath.idl\n'}
[12.357990] (base_msgs_per) StdoutLine: {'line': b'-- Installing: /home/abc/perception_with_ros2/install/base_msgs_per/share/base_msgs_per/msg/LocalSpeedsPoint.idl\n'}
[12.358098] (base_msgs_per) StdoutLine: {'line': b'-- Installing: /home/abc/perception_with_ros2/install/base_msgs_per/share/base_msgs_per/msg/LocalSpeeds.idl\n'}
[12.358210] (base_msgs_per) StdoutLine: {'line': b'-- Installing: /home/abc/perception_with_ros2/install/base_msgs_per/share/base_msgs_per/msg/LocalTrajectoryPoint.idl\n'}
[12.358323] (base_msgs_per) StdoutLine: {'line': b'-- Installing: /home/abc/perception_with_ros2/install/base_msgs_per/share/base_msgs_per/msg/LocalTrajectory.idl\n'}
[12.358435] (base_msgs_per) StdoutLine: {'line': b'-- Installing: /home/abc/perception_with_ros2/install/base_msgs_per/share/base_msgs_per/msg/ObsInfo.idl\n'}
[12.358546] (base_msgs_per) StdoutLine: {'line': b'-- Installing: /home/abc/perception_with_ros2/install/base_msgs_per/share/base_msgs_per/msg/PlotInfo.idl\n'}
[12.358688] (base_msgs_per) StdoutLine: {'line': b'-- Installing: /home/abc/perception_with_ros2/install/base_msgs_per/share/base_msgs_per/srv/GlobalPathService.srv\n'}
[12.358836] (base_msgs_per) StdoutLine: {'line': b'-- Installing: /home/abc/perception_with_ros2/install/base_msgs_per/share/base_msgs_per/srv/GlobalPathService_Request.msg\n'}
[12.358968] (base_msgs_per) StdoutLine: {'line': b'-- Installing: /home/abc/perception_with_ros2/install/base_msgs_per/share/base_msgs_per/srv/GlobalPathService_Response.msg\n'}
[12.359074] (base_msgs_per) StdoutLine: {'line': b'-- Installing: /home/abc/perception_with_ros2/install/base_msgs_per/share/base_msgs_per/srv/PNCMapService.srv\n'}
[12.359184] (base_msgs_per) StdoutLine: {'line': b'-- Installing: /home/abc/perception_with_ros2/install/base_msgs_per/share/base_msgs_per/srv/PNCMapService_Request.msg\n'}
[12.359295] (base_msgs_per) StdoutLine: {'line': b'-- Installing: /home/abc/perception_with_ros2/install/base_msgs_per/share/base_msgs_per/srv/PNCMapService_Response.msg\n'}
[12.359417] (base_msgs_per) StdoutLine: {'line': b'-- Installing: /home/abc/perception_with_ros2/install/base_msgs_per/share/base_msgs_per/msg/PNCMap.msg\n'}
[12.359522] (base_msgs_per) StdoutLine: {'line': b'-- Installing: /home/abc/perception_with_ros2/install/base_msgs_per/share/base_msgs_per/msg/ReferlinePoint.msg\n'}
[12.359633] (base_msgs_per) StdoutLine: {'line': b'-- Installing: /home/abc/perception_with_ros2/install/base_msgs_per/share/base_msgs_per/msg/Referline.msg\n'}
[12.359745] (base_msgs_per) StdoutLine: {'line': b'-- Installing: /home/abc/perception_with_ros2/install/base_msgs_per/share/base_msgs_per/msg/LocalPathPoint.msg\n'}
[12.359861] (base_msgs_per) StdoutLine: {'line': b'-- Installing: /home/abc/perception_with_ros2/install/base_msgs_per/share/base_msgs_per/msg/LocalPath.msg\n'}
[12.359967] (base_msgs_per) StdoutLine: {'line': b'-- Installing: /home/abc/perception_with_ros2/install/base_msgs_per/share/base_msgs_per/msg/LocalSpeedsPoint.msg\n'}
[12.360076] (base_msgs_per) StdoutLine: {'line': b'-- Installing: /home/abc/perception_with_ros2/install/base_msgs_per/share/base_msgs_per/msg/LocalSpeeds.msg\n'}
[12.360189] (base_msgs_per) StdoutLine: {'line': b'-- Installing: /home/abc/perception_with_ros2/install/base_msgs_per/share/base_msgs_per/msg/LocalTrajectoryPoint.msg\n'}
[12.360305] (base_msgs_per) StdoutLine: {'line': b'-- Installing: /home/abc/perception_with_ros2/install/base_msgs_per/share/base_msgs_per/msg/LocalTrajectory.msg\n'}
[12.360416] (base_msgs_per) StdoutLine: {'line': b'-- Installing: /home/abc/perception_with_ros2/install/base_msgs_per/share/base_msgs_per/msg/ObsInfo.msg\n'}
[12.360530] (base_msgs_per) StdoutLine: {'line': b'-- Installing: /home/abc/perception_with_ros2/install/base_msgs_per/share/base_msgs_per/msg/PlotInfo.msg\n'}
[12.360683] (base_msgs_per) StdoutLine: {'line': b'-- Installing: /home/abc/perception_with_ros2/install/base_msgs_per/share/ament_index/resource_index/package_run_dependencies/base_msgs_per\n'}
[12.360830] (base_msgs_per) StdoutLine: {'line': b'-- Installing: /home/abc/perception_with_ros2/install/base_msgs_per/share/ament_index/resource_index/parent_prefix_path/base_msgs_per\n'}
[12.360940] (base_msgs_per) StdoutLine: {'line': b'-- Installing: /home/abc/perception_with_ros2/install/base_msgs_per/share/base_msgs_per/environment/ament_prefix_path.sh\n'}
[12.361055] (base_msgs_per) StdoutLine: {'line': b'-- Installing: /home/abc/perception_with_ros2/install/base_msgs_per/share/base_msgs_per/environment/ament_prefix_path.dsv\n'}
[12.361168] (base_msgs_per) StdoutLine: {'line': b'-- Installing: /home/abc/perception_with_ros2/install/base_msgs_per/share/base_msgs_per/environment/path.sh\n'}
[12.361283] (base_msgs_per) StdoutLine: {'line': b'-- Installing: /home/abc/perception_with_ros2/install/base_msgs_per/share/base_msgs_per/environment/path.dsv\n'}
[12.361395] (base_msgs_per) StdoutLine: {'line': b'-- Installing: /home/abc/perception_with_ros2/install/base_msgs_per/share/base_msgs_per/local_setup.bash\n'}
[12.361503] (base_msgs_per) StdoutLine: {'line': b'-- Installing: /home/abc/perception_with_ros2/install/base_msgs_per/share/base_msgs_per/local_setup.sh\n'}
[12.361623] (base_msgs_per) StdoutLine: {'line': b'-- Installing: /home/abc/perception_with_ros2/install/base_msgs_per/share/base_msgs_per/local_setup.zsh\n'}
[12.361735] (base_msgs_per) StdoutLine: {'line': b'-- Installing: /home/abc/perception_with_ros2/install/base_msgs_per/share/base_msgs_per/local_setup.dsv\n'}
[12.361841] (base_msgs_per) StdoutLine: {'line': b'-- Installing: /home/abc/perception_with_ros2/install/base_msgs_per/share/base_msgs_per/package.dsv\n'}
[12.361983] (base_msgs_per) StdoutLine: {'line': b'-- Installing: /home/abc/perception_with_ros2/install/base_msgs_per/share/ament_index/resource_index/packages/base_msgs_per\n'}
[12.362139] (base_msgs_per) StdoutLine: {'line': b'-- Installing: /home/abc/perception_with_ros2/install/base_msgs_per/share/base_msgs_per/cmake/export_base_msgs_per__rosidl_generator_cExport.cmake\n'}
[12.362261] (base_msgs_per) StdoutLine: {'line': b'-- Installing: /home/abc/perception_with_ros2/install/base_msgs_per/share/base_msgs_per/cmake/export_base_msgs_per__rosidl_generator_cExport-noconfig.cmake\n'}
[12.362391] (base_msgs_per) StdoutLine: {'line': b'-- Installing: /home/abc/perception_with_ros2/install/base_msgs_per/share/base_msgs_per/cmake/export_base_msgs_per__rosidl_typesupport_fastrtps_cExport.cmake\n'}
[12.362509] (base_msgs_per) StdoutLine: {'line': b'-- Installing: /home/abc/perception_with_ros2/install/base_msgs_per/share/base_msgs_per/cmake/export_base_msgs_per__rosidl_typesupport_fastrtps_cExport-noconfig.cmake\n'}
[12.362637] (base_msgs_per) StdoutLine: {'line': b'-- Installing: /home/abc/perception_with_ros2/install/base_msgs_per/share/base_msgs_per/cmake/base_msgs_per__rosidl_typesupport_introspection_cExport.cmake\n'}
[12.362757] (base_msgs_per) StdoutLine: {'line': b'-- Installing: /home/abc/perception_with_ros2/install/base_msgs_per/share/base_msgs_per/cmake/base_msgs_per__rosidl_typesupport_introspection_cExport-noconfig.cmake\n'}
[12.362878] (base_msgs_per) StdoutLine: {'line': b'-- Installing: /home/abc/perception_with_ros2/install/base_msgs_per/share/base_msgs_per/cmake/base_msgs_per__rosidl_typesupport_cExport.cmake\n'}
[12.362994] (base_msgs_per) StdoutLine: {'line': b'-- Installing: /home/abc/perception_with_ros2/install/base_msgs_per/share/base_msgs_per/cmake/base_msgs_per__rosidl_typesupport_cExport-noconfig.cmake\n'}
[12.363128] (base_msgs_per) StdoutLine: {'line': b'-- Installing: /home/abc/perception_with_ros2/install/base_msgs_per/share/base_msgs_per/cmake/export_base_msgs_per__rosidl_generator_cppExport.cmake\n'}
[12.363260] (base_msgs_per) StdoutLine: {'line': b'-- Installing: /home/abc/perception_with_ros2/install/base_msgs_per/share/base_msgs_per/cmake/export_base_msgs_per__rosidl_typesupport_fastrtps_cppExport.cmake\n'}
[12.363379] (base_msgs_per) StdoutLine: {'line': b'-- Installing: /home/abc/perception_with_ros2/install/base_msgs_per/share/base_msgs_per/cmake/export_base_msgs_per__rosidl_typesupport_fastrtps_cppExport-noconfig.cmake\n'}
[12.363506] (base_msgs_per) StdoutLine: {'line': b'-- Installing: /home/abc/perception_with_ros2/install/base_msgs_per/share/base_msgs_per/cmake/base_msgs_per__rosidl_typesupport_introspection_cppExport.cmake\n'}
[12.363626] (base_msgs_per) StdoutLine: {'line': b'-- Installing: /home/abc/perception_with_ros2/install/base_msgs_per/share/base_msgs_per/cmake/base_msgs_per__rosidl_typesupport_introspection_cppExport-noconfig.cmake\n'}
[12.363761] (base_msgs_per) StdoutLine: {'line': b'-- Installing: /home/abc/perception_with_ros2/install/base_msgs_per/share/base_msgs_per/cmake/base_msgs_per__rosidl_typesupport_cppExport.cmake\n'}
[12.363871] (base_msgs_per) StdoutLine: {'line': b'-- Installing: /home/abc/perception_with_ros2/install/base_msgs_per/share/base_msgs_per/cmake/base_msgs_per__rosidl_typesupport_cppExport-noconfig.cmake\n'}
[12.364004] (base_msgs_per) StdoutLine: {'line': b'-- Installing: /home/abc/perception_with_ros2/install/base_msgs_per/share/base_msgs_per/cmake/export_base_msgs_per__rosidl_generator_pyExport.cmake\n'}
[12.364126] (base_msgs_per) StdoutLine: {'line': b'-- Installing: /home/abc/perception_with_ros2/install/base_msgs_per/share/base_msgs_per/cmake/export_base_msgs_per__rosidl_generator_pyExport-noconfig.cmake\n'}
[12.364245] (base_msgs_per) StdoutLine: {'line': b'-- Installing: /home/abc/perception_with_ros2/install/base_msgs_per/share/base_msgs_per/cmake/rosidl_cmake-extras.cmake\n'}
[12.364362] (base_msgs_per) StdoutLine: {'line': b'-- Installing: /home/abc/perception_with_ros2/install/base_msgs_per/share/base_msgs_per/cmake/ament_cmake_export_dependencies-extras.cmake\n'}
[12.364480] (base_msgs_per) StdoutLine: {'line': b'-- Installing: /home/abc/perception_with_ros2/install/base_msgs_per/share/base_msgs_per/cmake/ament_cmake_export_include_directories-extras.cmake\n'}
[12.364598] (base_msgs_per) StdoutLine: {'line': b'-- Installing: /home/abc/perception_with_ros2/install/base_msgs_per/share/base_msgs_per/cmake/ament_cmake_export_libraries-extras.cmake\n'}
[12.364719] (base_msgs_per) StdoutLine: {'line': b'-- Installing: /home/abc/perception_with_ros2/install/base_msgs_per/share/base_msgs_per/cmake/ament_cmake_export_targets-extras.cmake\n'}
[12.364832] (base_msgs_per) StdoutLine: {'line': b'-- Installing: /home/abc/perception_with_ros2/install/base_msgs_per/share/base_msgs_per/cmake/rosidl_cmake_export_typesupport_targets-extras.cmake\n'}
[12.364949] (base_msgs_per) StdoutLine: {'line': b'-- Installing: /home/abc/perception_with_ros2/install/base_msgs_per/share/base_msgs_per/cmake/rosidl_cmake_export_typesupport_libraries-extras.cmake\n'}
[12.365068] (base_msgs_per) StdoutLine: {'line': b'-- Installing: /home/abc/perception_with_ros2/install/base_msgs_per/share/base_msgs_per/cmake/base_msgs_perConfig.cmake\n'}
[12.365150] (base_msgs_per) StdoutLine: {'line': b'-- Installing: /home/abc/perception_with_ros2/install/base_msgs_per/share/base_msgs_per/cmake/base_msgs_perConfig-version.cmake\n'}
[12.365261] (base_msgs_per) StdoutLine: {'line': b'-- Installing: /home/abc/perception_with_ros2/install/base_msgs_per/share/base_msgs_per/package.xml\n'}
[12.366882] (base_msgs_per) CommandEnded: {'returncode': 0}
[12.380022] (base_msgs_per) JobEnded: {'identifier': 'base_msgs_per', 'rc': 0}
[12.380817] (perception) JobStarted: {'identifier': 'perception'}
[12.386978] (perception) JobProgress: {'identifier': 'perception', 'progress': 'cmake'}
[12.387353] (perception) Command: {'cmd': ['/usr/local/bin/cmake', '/home/abc/perception_with_ros2/src/perception', '-DCMAKE_INSTALL_PREFIX=/home/abc/perception_with_ros2/install/perception'], 'cwd': '/home/abc/perception_with_ros2/build/perception', 'env': OrderedDict([('GJS_DEBUG_TOPICS', 'JS ERROR;JS LOG'), ('PYTHON_BASIC_REPL', '1'), ('LESSOPEN', '| /usr/bin/lesspipe %s'), ('LANGUAGE', 'en_US:en'), ('USER', 'abc'), ('LC_TIME', 'zh_CN.UTF-8'), ('XDG_SESSION_TYPE', 'x11'), ('GIT_ASKPASS', '/usr/share/code/resources/app/extensions/git/dist/askpass.sh'), ('SHLVL', '1'), ('LD_LIBRARY_PATH', '/home/abc/perception_with_ros2/install/base_msgs_per/lib:/home/abc/perception_with_ros2/install/perception/lib:/home/abc/perception_with_ros2/install/perception/lib:/home/abc/perception_with_ros2/install/perception/lib:/home/abc/planning_with_ros2/install/planning/lib:/home/abc/planning_with_ros2/install/base_msgs/lib:/usr/lib/x86_64-linux-gnu/gazebo-11/plugins:/opt/ros/humble/opt/rviz_ogre_vendor/lib:/opt/ros/humble/lib/x86_64-linux-gnu:/opt/ros/humble/lib'), ('HOME', '/home/abc'), ('CHROME_DESKTOP', 'code.desktop'), ('TERM_PROGRAM_VERSION', '1.107.1'), ('DESKTOP_SESSION', 'ubuntu'), ('GIO_LAUNCHED_DESKTOP_FILE', '/usr/share/applications/code.desktop'), ('ROS_PYTHON_VERSION', '3'), ('GNOME_SHELL_SESSION_MODE', 'ubuntu'), ('GTK_MODULES', 'gail:atk-bridge'), ('VSCODE_GIT_ASKPASS_MAIN', '/usr/share/code/resources/app/extensions/git/dist/askpass-main.js'), ('LC_MONETARY', 'zh_CN.UTF-8'), ('VSCODE_GIT_ASKPASS_NODE', '/usr/share/code/code'), ('MANAGERPID', '1149'), ('PYDEVD_DISABLE_FILE_VALIDATION', '1'), ('SYSTEMD_EXEC_PID', '1608'), ('BUNDLED_DEBUGPY_PATH', '/home/abc/.vscode/extensions/ms-python.debugpy-2025.18.0-linux-x64/bundled/libs/debugpy'), ('VSCODE_PYTHON_AUTOACTIVATE_GUARD', '1'), ('DBUS_SESSION_BUS_ADDRESS', 'unix:path=/run/user/1000/bus'), ('COLORTERM', 'truecolor'), ('GIO_LAUNCHED_DESKTOP_FILE_PID', '317710'), ('COLCON_PREFIX_PATH', '/home/abc/perception_with_ros2/install:/home/abc/planning_with_ros2/install'), ('ROS_DISTRO', 'humble'), ('GTK_IM_MODULE', 'ibus'), ('LOGNAME', 'abc'), ('JOURNAL_STREAM', '8:909'), ('_', '/usr/bin/colcon'), ('ROS_VERSION', '2'), ('XDG_SESSION_CLASS', 'user'), ('USERNAME', 'abc'), ('TERM', 'xterm-256color'), ('GNOME_DESKTOP_SESSION_ID', 'this-is-deprecated'), ('FC_FONTATIONS', '1'), ('ROS_LOCALHOST_ONLY', '0'), ('WINDOWPATH', '2'), ('PATH', '/home/abc/.config/Code/User/globalStorage/github.copilot-chat/debugCommand:/home/abc/.config/Code/User/globalStorage/github.copilot-chat/copilotCli:/opt/ros/humble/bin:/usr/local/sbin:/usr/local/bin:/usr/sbin:/usr/bin:/sbin:/bin:/usr/games:/usr/local/games:/snap/bin:/snap/bin:/home/abc/.vscode/extensions/ms-python.debugpy-2025.18.0-linux-x64/bundled/scripts/noConfigScripts'), ('SESSION_MANAGER', 'local/abc-G3-3500:@/tmp/.ICE-unix/1581,unix/abc-G3-3500:/tmp/.ICE-unix/1581'), ('INVOCATION_ID', 'c5577e6a91294bed97fcbd6a37e1442b'), ('PAPERSIZE', 'a4'), ('XDG_MENU_PREFIX', 'gnome-'), ('LC_ADDRESS', 'zh_CN.UTF-8'), ('XDG_RUNTIME_DIR', '/run/user/1000'), ('GDK_BACKEND', 'x11'), ('DISPLAY', ':0'), ('VSCODE_DEBUGPY_ADAPTER_ENDPOINTS', '/home/abc/.vscode/extensions/ms-python.debugpy-2025.18.0-linux-x64/.noConfigDebugAdapterEndpoints/endpoint-0370d1c5f2548263.txt'), ('LANG', 'en_US.UTF-8'), ('XDG_CURRENT_DESKTOP', 'ubuntu:GNOME'), ('PYTHONSTARTUP', '/home/abc/.config/Code/User/workspaceStorage/28936fba8b94055b776ffa577577e387/ms-python.python/pythonrc.py'), ('LC_TELEPHONE', 'zh_CN.UTF-8'), ('XMODIFIERS', '@im=ibus'), ('XDG_SESSION_DESKTOP', 'ubuntu'), ('XAUTHORITY', '/run/user/1000/gdm/Xauthority'), ('LS_COLORS', 'rs=0:di=01;34:ln=01;36:mh=00:pi=40;33:so=01;35:do=01;35:bd=40;33;01:cd=40;33;01:or=40;31;01:mi=00:su=37;41:sg=30;43:ca=30;41:tw=30;42:ow=34;42:st=37;44:ex=01;32:*.tar=01;31:*.tgz=01;31:*.arc=01;31:*.arj=01;31:*.taz=01;31:*.lha=01;31:*.lz4=01;31:*.lzh=01;31:*.lzma=01;31:*.tlz=01;31:*.txz=01;31:*.tzo=01;31:*.t7z=01;31:*.zip=01;31:*.z=01;31:*.dz=01;31:*.gz=01;31:*.lrz=01;31:*.lz=01;31:*.lzo=01;31:*.xz=01;31:*.zst=01;31:*.tzst=01;31:*.bz2=01;31:*.bz=01;31:*.tbz=01;31:*.tbz2=01;31:*.tz=01;31:*.deb=01;31:*.rpm=01;31:*.jar=01;31:*.war=01;31:*.ear=01;31:*.sar=01;31:*.rar=01;31:*.alz=01;31:*.ace=01;31:*.zoo=01;31:*.cpio=01;31:*.7z=01;31:*.rz=01;31:*.cab=01;31:*.wim=01;31:*.swm=01;31:*.dwm=01;31:*.esd=01;31:*.jpg=01;35:*.jpeg=01;35:*.mjpg=01;35:*.mjpeg=01;35:*.gif=01;35:*.bmp=01;35:*.pbm=01;35:*.pgm=01;35:*.ppm=01;35:*.tga=01;35:*.xbm=01;35:*.xpm=01;35:*.tif=01;35:*.tiff=01;35:*.png=01;35:*.svg=01;35:*.svgz=01;35:*.mng=01;35:*.pcx=01;35:*.mov=01;35:*.mpg=01;35:*.mpeg=01;35:*.m2v=01;35:*.mkv=01;35:*.webm=01;35:*.webp=01;35:*.ogm=01;35:*.mp4=01;35:*.m4v=01;35:*.mp4v=01;35:*.vob=01;35:*.qt=01;35:*.nuv=01;35:*.wmv=01;35:*.asf=01;35:*.rm=01;35:*.rmvb=01;35:*.flc=01;35:*.avi=01;35:*.fli=01;35:*.flv=01;35:*.gl=01;35:*.dl=01;35:*.xcf=01;35:*.xwd=01;35:*.yuv=01;35:*.cgm=01;35:*.emf=01;35:*.ogv=01;35:*.ogx=01;35:*.aac=00;36:*.au=00;36:*.flac=00;36:*.m4a=00;36:*.mid=00;36:*.midi=00;36:*.mka=00;36:*.mp3=00;36:*.mpc=00;36:*.ogg=00;36:*.ra=00;36:*.wav=00;36:*.oga=00;36:*.opus=00;36:*.spx=00;36:*.xspf=00;36:'), ('ROS2_PERCEPTION_COURSE_INSTALL', '/home/abc/perception_with_ros2/install'), ('VSCODE_GIT_IPC_HANDLE', '/run/user/1000/vscode-git-5e4b9a72ca.sock'), ('TERM_PROGRAM', 'vscode'), ('SSH_AGENT_LAUNCHER', 'gnome-keyring'), ('SSH_AUTH_SOCK', '/run/user/1000/keyring/ssh'), ('ROS_DOMAIN_ID', '2'), ('AMENT_PREFIX_PATH', '/home/abc/perception_with_ros2/install/perception:/home/abc/perception_with_ros2/install/data_plot_per:/home/abc/perception_with_ros2/install/base_msgs_per:/home/abc/planning_with_ros2/install/planning:/home/abc/planning_with_ros2/install/data_plot:/home/abc/planning_with_ros2/install/base_msgs:/opt/ros/humble'), ('SHELL', '/bin/bash'), ('LC_NAME', 'zh_CN.UTF-8'), ('QT_ACCESSIBILITY', '1'), ('GDMSESSION', 'ubuntu'), ('LESSCLOSE', '/usr/bin/lesspipe %s %s'), ('LC_MEASUREMENT', 'zh_CN.UTF-8'), ('GPG_AGENT_INFO', '/run/user/1000/gnupg/S.gpg-agent:0:1'), ('GJS_DEBUG_OUTPUT', 'stderr'), ('LC_IDENTIFICATION', 'zh_CN.UTF-8'), ('VSCODE_GIT_ASKPASS_EXTRA_ARGS', ''), ('QT_IM_MODULE', 'ibus'), ('PWD', '/home/abc/perception_with_ros2/build/perception'), ('LC_ALL', 'en_US.UTF-8'), ('XDG_CONFIG_DIRS', '/etc/xdg/xdg-ubuntu:/etc/xdg'), ('XDG_DATA_DIRS', '/usr/share/ubuntu:/usr/share/gnome:/usr/local/share/:/usr/share/:/var/lib/snapd/desktop'), ('PYTHONPATH', '/home/abc/perception_with_ros2/install/data_plot_per/lib/python3.10/site-packages:/home/abc/perception_with_ros2/install/base_msgs_per/local/lib/python3.10/dist-packages:/home/abc/planning_with_ros2/install/data_plot/lib/python3.10/site-packages:/home/abc/planning_with_ros2/install/base_msgs/local/lib/python3.10/dist-packages:/opt/ros/humble/lib/python3.10/site-packages:/opt/ros/humble/local/lib/python3.10/dist-packages'), ('LC_NUMERIC', 'zh_CN.UTF-8'), ('LC_PAPER', 'zh_CN.UTF-8'), ('COLCON', '1'), ('CMAKE_PREFIX_PATH', '/home/abc/perception_with_ros2/install/base_msgs_per:/home/abc/perception_with_ros2/install/perception:/home/abc/planning_with_ros2/install/planning:/home/abc/planning_with_ros2/install/base_msgs:/home/abc/perception_with_ros2/install/data_plot_per:/home/abc/planning_with_ros2/install/data_plot:/opt/ros/humble')]), 'shell': False}
[12.432368] (-) TimerEvent: {}
[12.437671] (perception) StdoutLine: {'line': b'-- The C compiler identification is GNU 11.4.0\n'}
[12.496612] (perception) StdoutLine: {'line': b'-- The CXX compiler identification is GNU 11.4.0\n'}
[12.504415] (perception) StdoutLine: {'line': b'-- Detecting C compiler ABI info\n'}
[12.532456] (-) TimerEvent: {}
[12.553175] (perception) StdoutLine: {'line': b'-- Detecting C compiler ABI info - done\n'}
[12.571744] (perception) StdoutLine: {'line': b'-- Check for working C compiler: /usr/bin/cc - skipped\n'}
[12.572106] (perception) StdoutLine: {'line': b'-- Detecting C compile features\n'}
[12.572573] (perception) StdoutLine: {'line': b'-- Detecting C compile features - done\n'}
[12.582262] (perception) StdoutLine: {'line': b'-- Detecting CXX compiler ABI info\n'}
[12.632547] (-) TimerEvent: {}
[12.637737] (perception) StdoutLine: {'line': b'-- Detecting CXX compiler ABI info - done\n'}
[12.656732] (perception) StdoutLine: {'line': b'-- Check for working CXX compiler: /usr/bin/c++ - skipped\n'}
[12.657008] (perception) StdoutLine: {'line': b'-- Detecting CXX compile features\n'}
[12.657752] (perception) StdoutLine: {'line': b'-- Detecting CXX compile features - done\n'}
[12.663934] (perception) StdoutLine: {'line': b'-- Found ament_cmake: 1.3.12 (/opt/ros/humble/share/ament_cmake/cmake)\n'}
[12.732662] (-) TimerEvent: {}
[12.786860] (perception) StdoutLine: {'line': b'-- Found Python3: /usr/bin/python3 (found version "3.10.12") found components: Interpreter\n'}
[12.832748] (-) TimerEvent: {}
[12.878624] (perception) StdoutLine: {'line': b'-- Found rclcpp: 16.0.16 (/opt/ros/humble/share/rclcpp/cmake)\n'}
[12.925568] (perception) StdoutLine: {'line': b'-- Found rosidl_generator_c: 3.1.7 (/opt/ros/humble/share/rosidl_generator_c/cmake)\n'}
[12.931191] (perception) StdoutLine: {'line': b'-- Found rosidl_adapter: 3.1.7 (/opt/ros/humble/share/rosidl_adapter/cmake)\n'}
[12.932812] (-) TimerEvent: {}
[12.941305] (perception) StdoutLine: {'line': b'-- Found rosidl_generator_cpp: 3.1.7 (/opt/ros/humble/share/rosidl_generator_cpp/cmake)\n'}
[12.957638] (perception) StdoutLine: {'line': b'-- Using all available rosidl_typesupport_c: rosidl_typesupport_fastrtps_c;rosidl_typesupport_introspection_c\n'}
[12.978919] (perception) StdoutLine: {'line': b'-- Using all available rosidl_typesupport_cpp: rosidl_typesupport_fastrtps_cpp;rosidl_typesupport_introspection_cpp\n'}
[13.032942] (-) TimerEvent: {}
[13.034158] (perception) StdoutLine: {'line': b'-- Found rmw_implementation_cmake: 6.1.2 (/opt/ros/humble/share/rmw_implementation_cmake/cmake)\n'}
[13.037031] (perception) StdoutLine: {'line': b'-- Found rmw_fastrtps_cpp: 6.2.9 (/opt/ros/humble/share/rmw_fastrtps_cpp/cmake)\n'}
[13.114727] (perception) StdoutLine: {'line': b'-- Found OpenSSL: /usr/lib/x86_64-linux-gnu/libcrypto.so (found version "3.0.2")\n'}
[13.133047] (-) TimerEvent: {}
[13.142129] (perception) StdoutLine: {'line': b'-- Found FastRTPS: /opt/ros/humble/include\n'}
[13.183228] (perception) StdoutLine: {'line': b"-- Using RMW implementation 'rmw_fastrtps_cpp' as default\n"}
[13.192025] (perception) StdoutLine: {'line': b'-- Performing Test CMAKE_HAVE_LIBC_PTHREAD\n'}
[13.233154] (-) TimerEvent: {}
[13.244904] (perception) StdoutLine: {'line': b'-- Performing Test CMAKE_HAVE_LIBC_PTHREAD - Success\n'}
[13.246019] (perception) StdoutLine: {'line': b'-- Found Threads: TRUE\n'}
[13.319844] (perception) StdoutLine: {'line': b'-- Found tf2: 0.25.17 (/opt/ros/humble/share/tf2/cmake)\n'}
[13.333246] (-) TimerEvent: {}
[13.351859] (perception) StdoutLine: {'line': b'-- Found tf2_ros: 0.25.17 (/opt/ros/humble/share/tf2_ros/cmake)\n'}
[13.433344] (-) TimerEvent: {}
[13.480823] (perception) StdoutLine: {'line': b'-- Found nav_msgs: 4.9.0 (/opt/ros/humble/share/nav_msgs/cmake)\n'}
[13.507079] (perception) StdoutLine: {'line': b'-- Found visualization_msgs: 4.9.0 (/opt/ros/humble/share/visualization_msgs/cmake)\n'}
[13.533441] (-) TimerEvent: {}
[13.566124] (perception) StdoutLine: {'line': b'-- Found base_msgs_per: 0.0.0 (/home/abc/perception_with_ros2/install/base_msgs_per/share/base_msgs_per/cmake)\n'}
[13.633534] (-) TimerEvent: {}
[13.659919] (perception) StdoutLine: {'line': b'-- Found ament_lint_auto: 0.12.14 (/opt/ros/humble/share/ament_lint_auto/cmake)\n'}
[13.733619] (-) TimerEvent: {}
[13.736108] (perception) StdoutLine: {'line': b"-- Added test 'cppcheck' to perform static code analysis on C / C++ code\n"}
[13.737444] (perception) StdoutLine: {'line': b'-- Configured cppcheck include dirs: /home/abc/perception_with_ros2/src/perception/src/common/config_reader;/home/abc/perception_with_ros2/src/perception/src/common/math;/home/abc/perception_with_ros2/src/perception/src/decision_center;/home/abc/perception_with_ros2/src/perception/src/pnc_map_creator;/home/abc/perception_with_ros2/src/perception/src/pnc_map_creator/pnc_map_straight;/home/abc/perception_with_ros2/src/perception/src/pnc_map_creator/pnc_map_sturn;/home/abc/perception_with_ros2/src/perception/src/global_planner;/home/abc/perception_with_ros2/src/perception/src/global_planner/global_planner_normal;/home/abc/perception_with_ros2/src/perception/src/local_planner;/home/abc/perception_with_ros2/src/perception/src/local_planner/local_path;/home/abc/perception_with_ros2/src/perception/src/local_planner/local_speeds;/home/abc/perception_with_ros2/src/perception/src/reference_line;/home/abc/perception_with_ros2/src/perception/src/test/osqp_test;/home/abc/perception_with_ros2/src/perception/src/vehicle_info;/home/abc/perception_with_ros2/src/perception/src/vehicle_info/main_car;/home/abc/perception_with_ros2/src/perception/src/vehicle_info/obs_car;/home/abc/perception_with_ros2/src/perception/src/perception_process;/home/abc/perception_with_ros2/src/perception/src/move_cmd\n'}
[13.737552] (perception) StdoutLine: {'line': b'-- Configured cppcheck exclude dirs and/or files: \n'}
[13.738504] (perception) StdoutLine: {'line': b"-- Added test 'flake8' to check Python code syntax and style conventions\n"}
[13.739835] (perception) StdoutLine: {'line': b"-- Added test 'lint_cmake' to check CMake code style\n"}
[13.741030] (perception) StdoutLine: {'line': b"-- Added test 'pep257' to check Python code against some of the docstring style conventions in PEP 257\n"}
[13.745231] (perception) StdoutLine: {'line': b"-- Added test 'uncrustify' to check C / C++ code style\n"}
[13.745379] (perception) StdoutLine: {'line': b'-- Configured uncrustify additional arguments: \n'}
[13.746289] (perception) StdoutLine: {'line': b"-- Added test 'xmllint' to check XML markup files\n"}
[13.748725] (perception) StdoutLine: {'line': b'-- Configuring done (1.4s)\n'}
[13.833732] (-) TimerEvent: {}
[13.846020] (perception) StdoutLine: {'line': b'-- Generating done (0.1s)\n'}
[13.871919] (perception) StdoutLine: {'line': b'-- Build files have been written to: /home/abc/perception_with_ros2/build/perception\n'}
[13.883879] (perception) CommandEnded: {'returncode': 0}
[13.884411] (perception) JobProgress: {'identifier': 'perception', 'progress': 'build'}
[13.885193] (perception) Command: {'cmd': ['/usr/local/bin/cmake', '--build', '/home/abc/perception_with_ros2/build/perception', '--', '-j12', '-l12'], 'cwd': '/home/abc/perception_with_ros2/build/perception', 'env': OrderedDict([('GJS_DEBUG_TOPICS', 'JS ERROR;JS LOG'), ('PYTHON_BASIC_REPL', '1'), ('LESSOPEN', '| /usr/bin/lesspipe %s'), ('LANGUAGE', 'en_US:en'), ('USER', 'abc'), ('LC_TIME', 'zh_CN.UTF-8'), ('XDG_SESSION_TYPE', 'x11'), ('GIT_ASKPASS', '/usr/share/code/resources/app/extensions/git/dist/askpass.sh'), ('SHLVL', '1'), ('LD_LIBRARY_PATH', '/home/abc/perception_with_ros2/install/base_msgs_per/lib:/home/abc/perception_with_ros2/install/perception/lib:/home/abc/perception_with_ros2/install/perception/lib:/home/abc/perception_with_ros2/install/perception/lib:/home/abc/planning_with_ros2/install/planning/lib:/home/abc/planning_with_ros2/install/base_msgs/lib:/usr/lib/x86_64-linux-gnu/gazebo-11/plugins:/opt/ros/humble/opt/rviz_ogre_vendor/lib:/opt/ros/humble/lib/x86_64-linux-gnu:/opt/ros/humble/lib'), ('HOME', '/home/abc'), ('CHROME_DESKTOP', 'code.desktop'), ('TERM_PROGRAM_VERSION', '1.107.1'), ('DESKTOP_SESSION', 'ubuntu'), ('GIO_LAUNCHED_DESKTOP_FILE', '/usr/share/applications/code.desktop'), ('ROS_PYTHON_VERSION', '3'), ('GNOME_SHELL_SESSION_MODE', 'ubuntu'), ('GTK_MODULES', 'gail:atk-bridge'), ('VSCODE_GIT_ASKPASS_MAIN', '/usr/share/code/resources/app/extensions/git/dist/askpass-main.js'), ('LC_MONETARY', 'zh_CN.UTF-8'), ('VSCODE_GIT_ASKPASS_NODE', '/usr/share/code/code'), ('MANAGERPID', '1149'), ('PYDEVD_DISABLE_FILE_VALIDATION', '1'), ('SYSTEMD_EXEC_PID', '1608'), ('BUNDLED_DEBUGPY_PATH', '/home/abc/.vscode/extensions/ms-python.debugpy-2025.18.0-linux-x64/bundled/libs/debugpy'), ('VSCODE_PYTHON_AUTOACTIVATE_GUARD', '1'), ('DBUS_SESSION_BUS_ADDRESS', 'unix:path=/run/user/1000/bus'), ('COLORTERM', 'truecolor'), ('GIO_LAUNCHED_DESKTOP_FILE_PID', '317710'), ('COLCON_PREFIX_PATH', '/home/abc/perception_with_ros2/install:/home/abc/planning_with_ros2/install'), ('ROS_DISTRO', 'humble'), ('GTK_IM_MODULE', 'ibus'), ('LOGNAME', 'abc'), ('JOURNAL_STREAM', '8:909'), ('_', '/usr/bin/colcon'), ('ROS_VERSION', '2'), ('XDG_SESSION_CLASS', 'user'), ('USERNAME', 'abc'), ('TERM', 'xterm-256color'), ('GNOME_DESKTOP_SESSION_ID', 'this-is-deprecated'), ('FC_FONTATIONS', '1'), ('ROS_LOCALHOST_ONLY', '0'), ('WINDOWPATH', '2'), ('PATH', '/home/abc/.config/Code/User/globalStorage/github.copilot-chat/debugCommand:/home/abc/.config/Code/User/globalStorage/github.copilot-chat/copilotCli:/opt/ros/humble/bin:/usr/local/sbin:/usr/local/bin:/usr/sbin:/usr/bin:/sbin:/bin:/usr/games:/usr/local/games:/snap/bin:/snap/bin:/home/abc/.vscode/extensions/ms-python.debugpy-2025.18.0-linux-x64/bundled/scripts/noConfigScripts'), ('SESSION_MANAGER', 'local/abc-G3-3500:@/tmp/.ICE-unix/1581,unix/abc-G3-3500:/tmp/.ICE-unix/1581'), ('INVOCATION_ID', 'c5577e6a91294bed97fcbd6a37e1442b'), ('PAPERSIZE', 'a4'), ('XDG_MENU_PREFIX', 'gnome-'), ('LC_ADDRESS', 'zh_CN.UTF-8'), ('XDG_RUNTIME_DIR', '/run/user/1000'), ('GDK_BACKEND', 'x11'), ('DISPLAY', ':0'), ('VSCODE_DEBUGPY_ADAPTER_ENDPOINTS', '/home/abc/.vscode/extensions/ms-python.debugpy-2025.18.0-linux-x64/.noConfigDebugAdapterEndpoints/endpoint-0370d1c5f2548263.txt'), ('LANG', 'en_US.UTF-8'), ('XDG_CURRENT_DESKTOP', 'ubuntu:GNOME'), ('PYTHONSTARTUP', '/home/abc/.config/Code/User/workspaceStorage/28936fba8b94055b776ffa577577e387/ms-python.python/pythonrc.py'), ('LC_TELEPHONE', 'zh_CN.UTF-8'), ('XMODIFIERS', '@im=ibus'), ('XDG_SESSION_DESKTOP', 'ubuntu'), ('XAUTHORITY', '/run/user/1000/gdm/Xauthority'), ('LS_COLORS', 'rs=0:di=01;34:ln=01;36:mh=00:pi=40;33:so=01;35:do=01;35:bd=40;33;01:cd=40;33;01:or=40;31;01:mi=00:su=37;41:sg=30;43:ca=30;41:tw=30;42:ow=34;42:st=37;44:ex=01;32:*.tar=01;31:*.tgz=01;31:*.arc=01;31:*.arj=01;31:*.taz=01;31:*.lha=01;31:*.lz4=01;31:*.lzh=01;31:*.lzma=01;31:*.tlz=01;31:*.txz=01;31:*.tzo=01;31:*.t7z=01;31:*.zip=01;31:*.z=01;31:*.dz=01;31:*.gz=01;31:*.lrz=01;31:*.lz=01;31:*.lzo=01;31:*.xz=01;31:*.zst=01;31:*.tzst=01;31:*.bz2=01;31:*.bz=01;31:*.tbz=01;31:*.tbz2=01;31:*.tz=01;31:*.deb=01;31:*.rpm=01;31:*.jar=01;31:*.war=01;31:*.ear=01;31:*.sar=01;31:*.rar=01;31:*.alz=01;31:*.ace=01;31:*.zoo=01;31:*.cpio=01;31:*.7z=01;31:*.rz=01;31:*.cab=01;31:*.wim=01;31:*.swm=01;31:*.dwm=01;31:*.esd=01;31:*.jpg=01;35:*.jpeg=01;35:*.mjpg=01;35:*.mjpeg=01;35:*.gif=01;35:*.bmp=01;35:*.pbm=01;35:*.pgm=01;35:*.ppm=01;35:*.tga=01;35:*.xbm=01;35:*.xpm=01;35:*.tif=01;35:*.tiff=01;35:*.png=01;35:*.svg=01;35:*.svgz=01;35:*.mng=01;35:*.pcx=01;35:*.mov=01;35:*.mpg=01;35:*.mpeg=01;35:*.m2v=01;35:*.mkv=01;35:*.webm=01;35:*.webp=01;35:*.ogm=01;35:*.mp4=01;35:*.m4v=01;35:*.mp4v=01;35:*.vob=01;35:*.qt=01;35:*.nuv=01;35:*.wmv=01;35:*.asf=01;35:*.rm=01;35:*.rmvb=01;35:*.flc=01;35:*.avi=01;35:*.fli=01;35:*.flv=01;35:*.gl=01;35:*.dl=01;35:*.xcf=01;35:*.xwd=01;35:*.yuv=01;35:*.cgm=01;35:*.emf=01;35:*.ogv=01;35:*.ogx=01;35:*.aac=00;36:*.au=00;36:*.flac=00;36:*.m4a=00;36:*.mid=00;36:*.midi=00;36:*.mka=00;36:*.mp3=00;36:*.mpc=00;36:*.ogg=00;36:*.ra=00;36:*.wav=00;36:*.oga=00;36:*.opus=00;36:*.spx=00;36:*.xspf=00;36:'), ('ROS2_PERCEPTION_COURSE_INSTALL', '/home/abc/perception_with_ros2/install'), ('VSCODE_GIT_IPC_HANDLE', '/run/user/1000/vscode-git-5e4b9a72ca.sock'), ('TERM_PROGRAM', 'vscode'), ('SSH_AGENT_LAUNCHER', 'gnome-keyring'), ('SSH_AUTH_SOCK', '/run/user/1000/keyring/ssh'), ('ROS_DOMAIN_ID', '2'), ('AMENT_PREFIX_PATH', '/home/abc/perception_with_ros2/install/perception:/home/abc/perception_with_ros2/install/data_plot_per:/home/abc/perception_with_ros2/install/base_msgs_per:/home/abc/planning_with_ros2/install/planning:/home/abc/planning_with_ros2/install/data_plot:/home/abc/planning_with_ros2/install/base_msgs:/opt/ros/humble'), ('SHELL', '/bin/bash'), ('LC_NAME', 'zh_CN.UTF-8'), ('QT_ACCESSIBILITY', '1'), ('GDMSESSION', 'ubuntu'), ('LESSCLOSE', '/usr/bin/lesspipe %s %s'), ('LC_MEASUREMENT', 'zh_CN.UTF-8'), ('GPG_AGENT_INFO', '/run/user/1000/gnupg/S.gpg-agent:0:1'), ('GJS_DEBUG_OUTPUT', 'stderr'), ('LC_IDENTIFICATION', 'zh_CN.UTF-8'), ('VSCODE_GIT_ASKPASS_EXTRA_ARGS', ''), ('QT_IM_MODULE', 'ibus'), ('PWD', '/home/abc/perception_with_ros2/build/perception'), ('LC_ALL', 'en_US.UTF-8'), ('XDG_CONFIG_DIRS', '/etc/xdg/xdg-ubuntu:/etc/xdg'), ('XDG_DATA_DIRS', '/usr/share/ubuntu:/usr/share/gnome:/usr/local/share/:/usr/share/:/var/lib/snapd/desktop'), ('PYTHONPATH', '/home/abc/perception_with_ros2/install/data_plot_per/lib/python3.10/site-packages:/home/abc/perception_with_ros2/install/base_msgs_per/local/lib/python3.10/dist-packages:/home/abc/planning_with_ros2/install/data_plot/lib/python3.10/site-packages:/home/abc/planning_with_ros2/install/base_msgs/local/lib/python3.10/dist-packages:/opt/ros/humble/lib/python3.10/site-packages:/opt/ros/humble/local/lib/python3.10/dist-packages'), ('LC_NUMERIC', 'zh_CN.UTF-8'), ('LC_PAPER', 'zh_CN.UTF-8'), ('COLCON', '1'), ('CMAKE_PREFIX_PATH', '/home/abc/perception_with_ros2/install/base_msgs_per:/home/abc/perception_with_ros2/install/perception:/home/abc/planning_with_ros2/install/planning:/home/abc/planning_with_ros2/install/base_msgs:/home/abc/perception_with_ros2/install/data_plot_per:/home/abc/planning_with_ros2/install/data_plot:/opt/ros/humble')]), 'shell': False}
[13.902653] (perception) StdoutLine: {'line': b'[  2%] \x1b[32mBuilding CXX object src/common/CMakeFiles/config_reader.dir/config_reader/config_reader.cpp.o\x1b[0m\n'}
[13.903004] (perception) StdoutLine: {'line': b'[  5%] \x1b[32mBuilding CXX object src/common/CMakeFiles/mathlibs.dir/math/curve.cpp.o\x1b[0m\n'}
[13.903182] (perception) StdoutLine: {'line': b'[  7%] \x1b[32mBuilding CXX object src/test/CMakeFiles/osqp_test.dir/osqp_test/osqp_test.cpp.o\x1b[0m\n'}
[13.903354] (perception) StdoutLine: {'line': b'[ 10%] \x1b[32mBuilding CXX object src/test/CMakeFiles/newton_test.dir/newton_test/newton_test.cpp.o\x1b[0m\n'}
[13.903512] (perception) StdoutLine: {'line': b'[ 12%] \x1b[32mBuilding CXX object src/common/CMakeFiles/mathlibs.dir/math/polynomial_curve.cpp.o\x1b[0m\n'}
[13.933818] (-) TimerEvent: {}
[14.034069] (-) TimerEvent: {}
[14.134358] (-) TimerEvent: {}
[14.234653] (-) TimerEvent: {}
[14.334962] (-) TimerEvent: {}
[14.435278] (-) TimerEvent: {}
[14.535601] (-) TimerEvent: {}
[14.635909] (-) TimerEvent: {}
[14.736226] (-) TimerEvent: {}
[14.836566] (-) TimerEvent: {}
[14.936883] (-) TimerEvent: {}
[15.037216] (-) TimerEvent: {}
[15.137548] (-) TimerEvent: {}
[15.237873] (-) TimerEvent: {}
[15.338197] (-) TimerEvent: {}
[15.438522] (-) TimerEvent: {}
[15.538845] (-) TimerEvent: {}
[15.639164] (-) TimerEvent: {}
[15.739764] (-) TimerEvent: {}
[15.840112] (-) TimerEvent: {}
[15.940351] (-) TimerEvent: {}
[16.040613] (-) TimerEvent: {}
[16.140887] (-) TimerEvent: {}
[16.241228] (-) TimerEvent: {}
[16.341563] (-) TimerEvent: {}
[16.441837] (-) TimerEvent: {}
[16.542111] (-) TimerEvent: {}
[16.642384] (-) TimerEvent: {}
[16.742622] (-) TimerEvent: {}
[16.842856] (-) TimerEvent: {}
[16.943130] (-) TimerEvent: {}
[17.043391] (-) TimerEvent: {}
[17.143631] (-) TimerEvent: {}
[17.243877] (-) TimerEvent: {}
[17.344106] (-) TimerEvent: {}
[17.444353] (-) TimerEvent: {}
[17.544636] (-) TimerEvent: {}
[17.626332] (perception) StdoutLine: {'line': b'[ 15%] \x1b[32m\x1b[1mLinking CXX shared library libconfig_reader.so\x1b[0m\n'}
[17.644735] (-) TimerEvent: {}
[17.733534] (perception) StdoutLine: {'line': b'[ 15%] Built target config_reader\n'}
[17.741476] (perception) StdoutLine: {'line': b'[ 17%] \x1b[32mBuilding CXX object src/pnc_map_creator/CMakeFiles/pnc_map_creator.dir/pnc_map_straight/pnc_map_creator_straight.cpp.o\x1b[0m\n'}
[17.741773] (perception) StdoutLine: {'line': b'[ 23%] \x1b[32mBuilding CXX object src/pnc_map_creator/CMakeFiles/pnc_map_creator.dir/pnc_map_sturn/pnc_map_creator_sturn.cpp.o\x1b[0m\n'}
[17.741913] (perception) StdoutLine: {'line': b'[ 23%] \x1b[32mBuilding CXX object src/global_planner/CMakeFiles/global_planner.dir/global_planner_normal/global_planner_normal.cpp.o\x1b[0m\n'}
[17.744840] (-) TimerEvent: {}
[17.774565] (perception) StdoutLine: {'line': b'[ 25%] \x1b[32m\x1b[1mLinking CXX executable newton_test\x1b[0m\n'}
[17.844948] (-) TimerEvent: {}
[17.875998] (perception) StdoutLine: {'line': b'[ 25%] Built target newton_test\n'}
[17.945059] (-) TimerEvent: {}
[18.045379] (-) TimerEvent: {}
[18.145688] (-) TimerEvent: {}
[18.246002] (-) TimerEvent: {}
[18.346317] (-) TimerEvent: {}
[18.356637] (perception) StdoutLine: {'line': b'[ 28%] \x1b[32m\x1b[1mLinking CXX executable osqp_test\x1b[0m\n'}
[18.446366] (-) TimerEvent: {}
[18.475767] (perception) StdoutLine: {'line': b'[ 28%] Built target osqp_test\n'}
[18.546474] (-) TimerEvent: {}
[18.646785] (-) TimerEvent: {}
[18.747101] (-) TimerEvent: {}
[18.847429] (-) TimerEvent: {}
[18.947757] (-) TimerEvent: {}
[19.048070] (-) TimerEvent: {}
[19.148390] (-) TimerEvent: {}
[19.248711] (-) TimerEvent: {}
[19.349021] (-) TimerEvent: {}
[19.449332] (-) TimerEvent: {}
[19.549648] (-) TimerEvent: {}
[19.649981] (-) TimerEvent: {}
[19.750326] (-) TimerEvent: {}
[19.850674] (-) TimerEvent: {}
[19.951024] (-) TimerEvent: {}
[20.051371] (-) TimerEvent: {}
[20.151693] (-) TimerEvent: {}
[20.252012] (-) TimerEvent: {}
[20.352337] (-) TimerEvent: {}
[20.452655] (-) TimerEvent: {}
[20.552982] (-) TimerEvent: {}
[20.653314] (-) TimerEvent: {}
[20.753628] (-) TimerEvent: {}
[20.853947] (-) TimerEvent: {}
[20.954277] (-) TimerEvent: {}
[21.054617] (-) TimerEvent: {}
[21.142480] (perception) StdoutLine: {'line': b'[ 30%] \x1b[32m\x1b[1mLinking CXX shared library libglobal_planner.so\x1b[0m\n'}
[21.154706] (-) TimerEvent: {}
[21.247102] (perception) StdoutLine: {'line': b'[ 30%] Built target global_planner\n'}
[21.254821] (-) TimerEvent: {}
[21.255064] (perception) StdoutLine: {'line': b'[ 33%] \x1b[32mBuilding CXX object src/global_planner/CMakeFiles/global_path_server.dir/global_path_server.cpp.o\x1b[0m\n'}
[21.354920] (-) TimerEvent: {}
[21.443353] (perception) StdoutLine: {'line': b'[ 35%] \x1b[32m\x1b[1mLinking CXX shared library libpnc_map_creator.so\x1b[0m\n'}
[21.455044] (-) TimerEvent: {}
[21.555333] (-) TimerEvent: {}
[21.576627] (perception) StdoutLine: {'line': b'[ 35%] Built target pnc_map_creator\n'}
[21.584960] (perception) StdoutLine: {'line': b'[ 38%] \x1b[32mBuilding CXX object src/pnc_map_creator/CMakeFiles/pnc_map_server.dir/pnc_map_server.cpp.o\x1b[0m\n'}
[21.655386] (-) TimerEvent: {}
[21.755652] (-) TimerEvent: {}
[21.855918] (-) TimerEvent: {}
[21.956186] (-) TimerEvent: {}
[22.056482] (-) TimerEvent: {}
[22.156731] (-) TimerEvent: {}
[22.257008] (-) TimerEvent: {}
[22.357295] (-) TimerEvent: {}
[22.457592] (-) TimerEvent: {}
[22.557872] (-) TimerEvent: {}
[22.658162] (-) TimerEvent: {}
[22.758421] (-) TimerEvent: {}
[22.858714] (-) TimerEvent: {}
[22.959006] (-) TimerEvent: {}
[23.059312] (-) TimerEvent: {}
[23.159605] (-) TimerEvent: {}
[23.259897] (-) TimerEvent: {}
[23.360193] (-) TimerEvent: {}
[23.460499] (-) TimerEvent: {}
[23.560794] (-) TimerEvent: {}
[23.661080] (-) TimerEvent: {}
[23.761363] (-) TimerEvent: {}
[23.861617] (-) TimerEvent: {}
[23.961910] (-) TimerEvent: {}
[24.062205] (-) TimerEvent: {}
[24.162499] (-) TimerEvent: {}
[24.262769] (-) TimerEvent: {}
[24.363002] (-) TimerEvent: {}
[24.463270] (-) TimerEvent: {}
[24.563548] (-) TimerEvent: {}
[24.663814] (-) TimerEvent: {}
[24.764105] (-) TimerEvent: {}
[24.864373] (-) TimerEvent: {}
[24.964645] (-) TimerEvent: {}
[25.064924] (-) TimerEvent: {}
[25.165204] (-) TimerEvent: {}
[25.265486] (-) TimerEvent: {}
[25.365767] (-) TimerEvent: {}
[25.466047] (-) TimerEvent: {}
[25.566333] (-) TimerEvent: {}
[25.666613] (-) TimerEvent: {}
[25.766864] (-) TimerEvent: {}
[25.867101] (-) TimerEvent: {}
[25.967348] (-) TimerEvent: {}
[26.067620] (-) TimerEvent: {}
[26.167858] (-) TimerEvent: {}
[26.268132] (-) TimerEvent: {}
[26.368399] (-) TimerEvent: {}
[26.468675] (-) TimerEvent: {}
[26.568959] (-) TimerEvent: {}
[26.669221] (-) TimerEvent: {}
[26.769457] (-) TimerEvent: {}
[26.869723] (-) TimerEvent: {}
[26.969989] (-) TimerEvent: {}
[27.070259] (-) TimerEvent: {}
[27.170530] (-) TimerEvent: {}
[27.270766] (-) TimerEvent: {}
[27.371021] (-) TimerEvent: {}
[27.452552] (perception) StdoutLine: {'line': b'[ 41%] \x1b[32m\x1b[1mLinking CXX shared library libmathlibs.so\x1b[0m\n'}
[27.471130] (-) TimerEvent: {}
[27.549210] (perception) StdoutLine: {'line': b'[ 43%] \x1b[32m\x1b[1mLinking CXX executable global_path_server\x1b[0m\n'}
[27.571241] (-) TimerEvent: {}
[27.671541] (-) TimerEvent: {}
[27.771851] (-) TimerEvent: {}
[27.800657] (perception) StdoutLine: {'line': b'[ 43%] Built target global_path_server\n'}
[27.824673] (perception) StdoutLine: {'line': b'[ 43%] Built target mathlibs\n'}
[27.831995] (perception) StdoutLine: {'line': b'[ 48%] \x1b[32mBuilding CXX object src/vehicle_info/CMakeFiles/vehicle_info.dir/main_car/main_car_info.cpp.o\x1b[0m\n'}
[27.832240] (perception) StdoutLine: {'line': b'[ 48%] \x1b[32mBuilding CXX object src/reference_line/CMakeFiles/reference_line.dir/reference_line_creator.cpp.o\x1b[0m\n'}
[27.832328] (perception) StdoutLine: {'line': b'[ 51%] \x1b[32mBuilding CXX object src/vehicle_info/CMakeFiles/vehicle_info.dir/obs_car/obs_car_info.cpp.o\x1b[0m\n'}
[27.832401] (perception) StdoutLine: {'line': b'[ 53%] \x1b[32mBuilding CXX object src/reference_line/CMakeFiles/reference_line.dir/reference_line_smoother.cpp.o\x1b[0m\n'}
[27.871974] (-) TimerEvent: {}
[27.972208] (-) TimerEvent: {}
[28.033324] (perception) StdoutLine: {'line': b'[ 56%] \x1b[32m\x1b[1mLinking CXX executable pnc_map_server\x1b[0m\n'}
[28.072325] (-) TimerEvent: {}
[28.172620] (-) TimerEvent: {}
[28.272959] (-) TimerEvent: {}
[28.289408] (perception) StdoutLine: {'line': b'[ 56%] Built target pnc_map_server\n'}
[28.373088] (-) TimerEvent: {}
[28.473369] (-) TimerEvent: {}
[28.573641] (-) TimerEvent: {}
[28.673876] (-) TimerEvent: {}
[28.774146] (-) TimerEvent: {}
[28.874433] (-) TimerEvent: {}
[28.974709] (-) TimerEvent: {}
[29.074994] (-) TimerEvent: {}
[29.175288] (-) TimerEvent: {}
[29.275549] (-) TimerEvent: {}
[29.375843] (-) TimerEvent: {}
[29.476120] (-) TimerEvent: {}
[29.576403] (-) TimerEvent: {}
[29.676699] (-) TimerEvent: {}
[29.776989] (-) TimerEvent: {}
[29.877243] (-) TimerEvent: {}
[29.977568] (-) TimerEvent: {}
[30.077846] (-) TimerEvent: {}
[30.178138] (-) TimerEvent: {}
[30.278434] (-) TimerEvent: {}
[30.378729] (-) TimerEvent: {}
[30.479007] (-) TimerEvent: {}
[30.579305] (-) TimerEvent: {}
[30.679542] (-) TimerEvent: {}
[30.779787] (-) TimerEvent: {}
[30.880080] (-) TimerEvent: {}
[30.980392] (-) TimerEvent: {}
[31.080674] (-) TimerEvent: {}
[31.180991] (-) TimerEvent: {}
[31.205705] (perception) StdoutLine: {'line': b'[ 58%] \x1b[32m\x1b[1mLinking CXX shared library libvehicle_info.so\x1b[0m\n'}
[31.281127] (-) TimerEvent: {}
[31.381400] (-) TimerEvent: {}
[31.416588] (perception) StdoutLine: {'line': b'[ 58%] Built target vehicle_info\n'}
[31.424409] (perception) StdoutLine: {'line': b'[ 64%] \x1b[32mBuilding CXX object src/move_cmd/CMakeFiles/car_move_cmd.dir/car_move_cmd.cpp.o\x1b[0m\n'}
[31.424648] (perception) StdoutLine: {'line': b'[ 64%] \x1b[32mBuilding CXX object src/decision_center/CMakeFiles/decision_center.dir/decision_center.cpp.o\x1b[0m\n'}
[31.424754] (perception) StdoutLine: {'line': b'[ 66%] \x1b[32mBuilding CXX object src/move_cmd/CMakeFiles/obs_move_cmd.dir/obs_move_cmd.cpp.o\x1b[0m\n'}
[31.481527] (-) TimerEvent: {}
[31.581792] (-) TimerEvent: {}
[31.682022] (-) TimerEvent: {}
[31.782287] (-) TimerEvent: {}
[31.882530] (-) TimerEvent: {}
[31.982759] (-) TimerEvent: {}
[32.082988] (-) TimerEvent: {}
[32.183221] (-) TimerEvent: {}
[32.283477] (-) TimerEvent: {}
[32.383704] (-) TimerEvent: {}
[32.483936] (-) TimerEvent: {}
[32.584207] (-) TimerEvent: {}
[32.684449] (-) TimerEvent: {}
[32.784682] (-) TimerEvent: {}
[32.809179] (perception) StdoutLine: {'line': b'[ 69%] \x1b[32m\x1b[1mLinking CXX shared library libreference_line.so\x1b[0m\n'}
[32.884817] (-) TimerEvent: {}
[32.985106] (-) TimerEvent: {}
[33.056376] (perception) StdoutLine: {'line': b'[ 69%] Built target reference_line\n'}
[33.085238] (-) TimerEvent: {}
[33.185483] (-) TimerEvent: {}
[33.285727] (-) TimerEvent: {}
[33.385998] (-) TimerEvent: {}
[33.486282] (-) TimerEvent: {}
[33.586551] (-) TimerEvent: {}
[33.686819] (-) TimerEvent: {}
[33.787101] (-) TimerEvent: {}
[33.887370] (-) TimerEvent: {}
[33.987602] (-) TimerEvent: {}
[34.087868] (-) TimerEvent: {}
[34.188135] (-) TimerEvent: {}
[34.288398] (-) TimerEvent: {}
[34.388629] (-) TimerEvent: {}
[34.488858] (-) TimerEvent: {}
[34.589119] (-) TimerEvent: {}
[34.689399] (-) TimerEvent: {}
[34.789664] (-) TimerEvent: {}
[34.862598] (perception) StdoutLine: {'line': b'[ 71%] \x1b[32m\x1b[1mLinking CXX shared library libdecision_center.so\x1b[0m\n'}
[34.889761] (-) TimerEvent: {}
[34.982159] (perception) StdoutLine: {'line': b'[ 71%] Built target decision_center\n'}
[34.989872] (-) TimerEvent: {}
[34.990147] (perception) StdoutLine: {'line': b'[ 74%] \x1b[32mBuilding CXX object src/local_planner/CMakeFiles/local_planner.dir/local_path/local_path_planner.cpp.o\x1b[0m\n'}
[34.990376] (perception) StdoutLine: {'line': b'[ 76%] \x1b[32mBuilding CXX object src/local_planner/CMakeFiles/local_planner.dir/local_trajectory_combiner.cpp.o\x1b[0m\n'}
[34.990763] (perception) StdoutLine: {'line': b'[ 79%] \x1b[32mBuilding CXX object src/local_planner/CMakeFiles/local_planner.dir/local_path/local_path_smoother.cpp.o\x1b[0m\n'}
[34.990956] (perception) StdoutLine: {'line': b'[ 82%] \x1b[32mBuilding CXX object src/local_planner/CMakeFiles/local_planner.dir/local_speeds/local_speeds_planner.cpp.o\x1b[0m\n'}
[34.991085] (perception) StdoutLine: {'line': b'[ 84%] \x1b[32mBuilding CXX object src/local_planner/CMakeFiles/local_planner.dir/local_speeds/local_speeds_smoother.cpp.o\x1b[0m\n'}
[35.089972] (-) TimerEvent: {}
[35.190255] (-) TimerEvent: {}
[35.290547] (-) TimerEvent: {}
[35.390843] (-) TimerEvent: {}
[35.491155] (-) TimerEvent: {}
[35.591487] (-) TimerEvent: {}
[35.691803] (-) TimerEvent: {}
[35.792127] (-) TimerEvent: {}
[35.892448] (-) TimerEvent: {}
[35.992764] (-) TimerEvent: {}
[36.093096] (-) TimerEvent: {}
[36.180480] (perception) StdoutLine: {'line': b'[ 87%] \x1b[32m\x1b[1mLinking CXX executable obs_move_cmd\x1b[0m\n'}
[36.199373] (-) TimerEvent: {}
[36.299737] (-) TimerEvent: {}
[36.400066] (-) TimerEvent: {}
[36.493724] (perception) StdoutLine: {'line': b'[ 87%] Built target obs_move_cmd\n'}
[36.500174] (-) TimerEvent: {}
[36.600500] (-) TimerEvent: {}
[36.700829] (-) TimerEvent: {}
[36.801156] (-) TimerEvent: {}
[36.901492] (-) TimerEvent: {}
[37.001806] (-) TimerEvent: {}
[37.102143] (-) TimerEvent: {}
[37.202484] (-) TimerEvent: {}
[37.302830] (-) TimerEvent: {}
[37.403170] (-) TimerEvent: {}
[37.503495] (-) TimerEvent: {}
[37.603797] (-) TimerEvent: {}
[37.704111] (-) TimerEvent: {}
[37.804376] (-) TimerEvent: {}
[37.904699] (-) TimerEvent: {}
[38.005021] (-) TimerEvent: {}
[38.105350] (-) TimerEvent: {}
[38.205658] (-) TimerEvent: {}
[38.305958] (-) TimerEvent: {}
[38.382492] (perception) StderrLine: {'line': b'\x1b[01m\x1b[K/home/abc/perception_with_ros2/src/perception/src/local_planner/local_trajectory_combiner.cpp:\x1b[m\x1b[K In member function \xe2\x80\x98\x1b[01m\x1b[Kbase_msgs_per::msg::LocalTrajectory Perception::LocalTrajectoryCombiner::combin_trajectory(const LocalPath&, const LocalSpeeds&)\x1b[m\x1b[K\xe2\x80\x99:\n'}
[38.382756] (perception) StderrLine: {'line': b'\x1b[01m\x1b[K/home/abc/perception_with_ros2/src/perception/src/local_planner/local_trajectory_combiner.cpp:15:19:\x1b[m\x1b[K \x1b[01;35m\x1b[Kwarning: \x1b[m\x1b[Kunused variable \xe2\x80\x98\x1b[01m\x1b[Kspeeds_size\x1b[m\x1b[K\xe2\x80\x99 [\x1b[01;35m\x1b[K\x1b]8;;https://gcc.gnu.org/onlinedocs/gcc/Warning-Options.html#index-Wunused-variable\x07-Wunused-variable\x1b]8;;\x07\x1b[m\x1b[K]\n'}
[38.382898] (perception) StderrLine: {'line': b'   15 |         const int \x1b[01;35m\x1b[Kspeeds_size\x1b[m\x1b[K = speeds.local_speeds.size();\n'}
[38.383009] (perception) StderrLine: {'line': b'      |                   \x1b[01;35m\x1b[K^~~~~~~~~~~\x1b[m\x1b[K\n'}
[38.406070] (-) TimerEvent: {}
[38.506368] (-) TimerEvent: {}
[38.606663] (-) TimerEvent: {}
[38.706952] (-) TimerEvent: {}
[38.807241] (-) TimerEvent: {}
[38.907540] (-) TimerEvent: {}
[39.007831] (-) TimerEvent: {}
[39.108125] (-) TimerEvent: {}
[39.208363] (-) TimerEvent: {}
[39.308646] (-) TimerEvent: {}
[39.408913] (-) TimerEvent: {}
[39.509140] (-) TimerEvent: {}
[39.609380] (-) TimerEvent: {}
[39.709601] (-) TimerEvent: {}
[39.809821] (-) TimerEvent: {}
[39.858178] (perception) StdoutLine: {'line': b'[ 89%] \x1b[32m\x1b[1mLinking CXX shared library liblocal_planner.so\x1b[0m\n'}
[39.909915] (-) TimerEvent: {}
[40.010179] (-) TimerEvent: {}
[40.065734] (perception) StdoutLine: {'line': b'[ 89%] Built target local_planner\n'}
[40.073267] (perception) StdoutLine: {'line': b'[ 92%] \x1b[32mBuilding CXX object src/perception_process/CMakeFiles/perception_process.dir/perception_process_main.cpp.o\x1b[0m\n'}
[40.073548] (perception) StdoutLine: {'line': b'[ 94%] \x1b[32mBuilding CXX object src/perception_process/CMakeFiles/perception_process.dir/perception_process.cpp.o\x1b[0m\n'}
[40.110312] (-) TimerEvent: {}
[40.210531] (-) TimerEvent: {}
[40.310788] (-) TimerEvent: {}
[40.411014] (-) TimerEvent: {}
[40.511295] (-) TimerEvent: {}
[40.611586] (-) TimerEvent: {}
[40.687125] (perception) StdoutLine: {'line': b'[ 97%] \x1b[32m\x1b[1mLinking CXX executable car_move_cmd\x1b[0m\n'}
[40.711696] (-) TimerEvent: {}
[40.812009] (-) TimerEvent: {}
[40.912346] (-) TimerEvent: {}
[41.012659] (-) TimerEvent: {}
[41.112968] (-) TimerEvent: {}
[41.182690] (perception) StdoutLine: {'line': b'[ 97%] Built target car_move_cmd\n'}
[41.213058] (-) TimerEvent: {}
[41.313333] (-) TimerEvent: {}
[41.413582] (-) TimerEvent: {}
[41.513896] (-) TimerEvent: {}
[41.614219] (-) TimerEvent: {}
[41.714451] (-) TimerEvent: {}
[41.814681] (-) TimerEvent: {}
[41.914939] (-) TimerEvent: {}
[42.015202] (-) TimerEvent: {}
[42.115457] (-) TimerEvent: {}
[42.215771] (-) TimerEvent: {}
[42.316070] (-) TimerEvent: {}
[42.416369] (-) TimerEvent: {}
[42.516707] (-) TimerEvent: {}
[42.616946] (-) TimerEvent: {}
[42.717175] (-) TimerEvent: {}
[42.817453] (-) TimerEvent: {}
[42.917718] (-) TimerEvent: {}
[43.017945] (-) TimerEvent: {}
[43.118207] (-) TimerEvent: {}
[43.218444] (-) TimerEvent: {}
[43.318717] (-) TimerEvent: {}
[43.418978] (-) TimerEvent: {}
[43.519200] (-) TimerEvent: {}
[43.619401] (-) TimerEvent: {}
[43.719692] (-) TimerEvent: {}
[43.819962] (-) TimerEvent: {}
[43.920221] (-) TimerEvent: {}
[44.020452] (-) TimerEvent: {}
[44.120710] (-) TimerEvent: {}
[44.220984] (-) TimerEvent: {}
[44.321254] (-) TimerEvent: {}
[44.421526] (-) TimerEvent: {}
[44.521770] (-) TimerEvent: {}
[44.622041] (-) TimerEvent: {}
[44.722335] (-) TimerEvent: {}
[44.822653] (-) TimerEvent: {}
[44.922946] (-) TimerEvent: {}
[45.023208] (-) TimerEvent: {}
[45.123485] (-) TimerEvent: {}
[45.223750] (-) TimerEvent: {}
[45.324018] (-) TimerEvent: {}
[45.424287] (-) TimerEvent: {}
[45.524556] (-) TimerEvent: {}
[45.624784] (-) TimerEvent: {}
[45.725040] (-) TimerEvent: {}
[45.825303] (-) TimerEvent: {}
[45.925566] (-) TimerEvent: {}
[46.025829] (-) TimerEvent: {}
[46.126093] (-) TimerEvent: {}
[46.226360] (-) TimerEvent: {}
[46.326634] (-) TimerEvent: {}
[46.426869] (-) TimerEvent: {}
[46.527140] (-) TimerEvent: {}
[46.627394] (-) TimerEvent: {}
[46.727668] (-) TimerEvent: {}
[46.827905] (-) TimerEvent: {}
[46.928138] (-) TimerEvent: {}
[47.028383] (-) TimerEvent: {}
[47.128611] (-) TimerEvent: {}
[47.228846] (-) TimerEvent: {}
[47.329129] (-) TimerEvent: {}
[47.429384] (-) TimerEvent: {}
[47.529641] (-) TimerEvent: {}
[47.629969] (-) TimerEvent: {}
[47.730228] (-) TimerEvent: {}
[47.830453] (-) TimerEvent: {}
[47.930671] (-) TimerEvent: {}
[48.030887] (-) TimerEvent: {}
[48.131138] (-) TimerEvent: {}
[48.231377] (-) TimerEvent: {}
[48.331595] (-) TimerEvent: {}
[48.431812] (-) TimerEvent: {}
[48.532061] (-) TimerEvent: {}
[48.632314] (-) TimerEvent: {}
[48.732535] (-) TimerEvent: {}
[48.832754] (-) TimerEvent: {}
[48.933003] (-) TimerEvent: {}
[49.033252] (-) TimerEvent: {}
[49.133485] (-) TimerEvent: {}
[49.233752] (-) TimerEvent: {}
[49.334041] (-) TimerEvent: {}
[49.434337] (-) TimerEvent: {}
[49.534613] (-) TimerEvent: {}
[49.634912] (-) TimerEvent: {}
[49.735233] (-) TimerEvent: {}
[49.835503] (-) TimerEvent: {}
[49.935720] (-) TimerEvent: {}
[50.035936] (-) TimerEvent: {}
[50.136152] (-) TimerEvent: {}
[50.236378] (-) TimerEvent: {}
[50.336597] (-) TimerEvent: {}
[50.436819] (-) TimerEvent: {}
[50.537069] (-) TimerEvent: {}
[50.637327] (-) TimerEvent: {}
[50.737545] (-) TimerEvent: {}
[50.837767] (-) TimerEvent: {}
[50.938015] (-) TimerEvent: {}
[51.038267] (-) TimerEvent: {}
[51.138499] (-) TimerEvent: {}
[51.238713] (-) TimerEvent: {}
[51.338963] (-) TimerEvent: {}
[51.439215] (-) TimerEvent: {}
[51.539440] (-) TimerEvent: {}
[51.639693] (-) TimerEvent: {}
[51.739909] (-) TimerEvent: {}
[51.840158] (-) TimerEvent: {}
[51.940409] (-) TimerEvent: {}
[52.040662] (-) TimerEvent: {}
[52.140914] (-) TimerEvent: {}
[52.241173] (-) TimerEvent: {}
[52.341405] (-) TimerEvent: {}
[52.441649] (-) TimerEvent: {}
[52.541910] (-) TimerEvent: {}
[52.642167] (-) TimerEvent: {}
[52.742435] (-) TimerEvent: {}
[52.842686] (-) TimerEvent: {}
[52.942929] (-) TimerEvent: {}
[53.043225] (-) TimerEvent: {}
[53.079092] (perception) StdoutLine: {'line': b'[100%] \x1b[32m\x1b[1mLinking CXX executable perception_process\x1b[0m\n'}
[53.143355] (-) TimerEvent: {}
[53.243621] (-) TimerEvent: {}
[53.343865] (-) TimerEvent: {}
[53.444139] (-) TimerEvent: {}
[53.544379] (-) TimerEvent: {}
[53.644606] (-) TimerEvent: {}
[53.706927] (perception) StdoutLine: {'line': b'[100%] Built target perception_process\n'}
[53.710600] (perception) CommandEnded: {'returncode': 0}
[53.711315] (perception) JobProgress: {'identifier': 'perception', 'progress': 'install'}
[53.711680] (perception) Command: {'cmd': ['/usr/local/bin/cmake', '--install', '/home/abc/perception_with_ros2/build/perception'], 'cwd': '/home/abc/perception_with_ros2/build/perception', 'env': OrderedDict([('GJS_DEBUG_TOPICS', 'JS ERROR;JS LOG'), ('PYTHON_BASIC_REPL', '1'), ('LESSOPEN', '| /usr/bin/lesspipe %s'), ('LANGUAGE', 'en_US:en'), ('USER', 'abc'), ('LC_TIME', 'zh_CN.UTF-8'), ('XDG_SESSION_TYPE', 'x11'), ('GIT_ASKPASS', '/usr/share/code/resources/app/extensions/git/dist/askpass.sh'), ('SHLVL', '1'), ('LD_LIBRARY_PATH', '/home/abc/perception_with_ros2/install/base_msgs_per/lib:/home/abc/perception_with_ros2/install/perception/lib:/home/abc/perception_with_ros2/install/perception/lib:/home/abc/perception_with_ros2/install/perception/lib:/home/abc/planning_with_ros2/install/planning/lib:/home/abc/planning_with_ros2/install/base_msgs/lib:/usr/lib/x86_64-linux-gnu/gazebo-11/plugins:/opt/ros/humble/opt/rviz_ogre_vendor/lib:/opt/ros/humble/lib/x86_64-linux-gnu:/opt/ros/humble/lib'), ('HOME', '/home/abc'), ('CHROME_DESKTOP', 'code.desktop'), ('TERM_PROGRAM_VERSION', '1.107.1'), ('DESKTOP_SESSION', 'ubuntu'), ('GIO_LAUNCHED_DESKTOP_FILE', '/usr/share/applications/code.desktop'), ('ROS_PYTHON_VERSION', '3'), ('GNOME_SHELL_SESSION_MODE', 'ubuntu'), ('GTK_MODULES', 'gail:atk-bridge'), ('VSCODE_GIT_ASKPASS_MAIN', '/usr/share/code/resources/app/extensions/git/dist/askpass-main.js'), ('LC_MONETARY', 'zh_CN.UTF-8'), ('VSCODE_GIT_ASKPASS_NODE', '/usr/share/code/code'), ('MANAGERPID', '1149'), ('PYDEVD_DISABLE_FILE_VALIDATION', '1'), ('SYSTEMD_EXEC_PID', '1608'), ('BUNDLED_DEBUGPY_PATH', '/home/abc/.vscode/extensions/ms-python.debugpy-2025.18.0-linux-x64/bundled/libs/debugpy'), ('VSCODE_PYTHON_AUTOACTIVATE_GUARD', '1'), ('DBUS_SESSION_BUS_ADDRESS', 'unix:path=/run/user/1000/bus'), ('COLORTERM', 'truecolor'), ('GIO_LAUNCHED_DESKTOP_FILE_PID', '317710'), ('COLCON_PREFIX_PATH', '/home/abc/perception_with_ros2/install:/home/abc/planning_with_ros2/install'), ('ROS_DISTRO', 'humble'), ('GTK_IM_MODULE', 'ibus'), ('LOGNAME', 'abc'), ('JOURNAL_STREAM', '8:909'), ('_', '/usr/bin/colcon'), ('ROS_VERSION', '2'), ('XDG_SESSION_CLASS', 'user'), ('USERNAME', 'abc'), ('TERM', 'xterm-256color'), ('GNOME_DESKTOP_SESSION_ID', 'this-is-deprecated'), ('FC_FONTATIONS', '1'), ('ROS_LOCALHOST_ONLY', '0'), ('WINDOWPATH', '2'), ('PATH', '/home/abc/.config/Code/User/globalStorage/github.copilot-chat/debugCommand:/home/abc/.config/Code/User/globalStorage/github.copilot-chat/copilotCli:/opt/ros/humble/bin:/usr/local/sbin:/usr/local/bin:/usr/sbin:/usr/bin:/sbin:/bin:/usr/games:/usr/local/games:/snap/bin:/snap/bin:/home/abc/.vscode/extensions/ms-python.debugpy-2025.18.0-linux-x64/bundled/scripts/noConfigScripts'), ('SESSION_MANAGER', 'local/abc-G3-3500:@/tmp/.ICE-unix/1581,unix/abc-G3-3500:/tmp/.ICE-unix/1581'), ('INVOCATION_ID', 'c5577e6a91294bed97fcbd6a37e1442b'), ('PAPERSIZE', 'a4'), ('XDG_MENU_PREFIX', 'gnome-'), ('LC_ADDRESS', 'zh_CN.UTF-8'), ('XDG_RUNTIME_DIR', '/run/user/1000'), ('GDK_BACKEND', 'x11'), ('DISPLAY', ':0'), ('VSCODE_DEBUGPY_ADAPTER_ENDPOINTS', '/home/abc/.vscode/extensions/ms-python.debugpy-2025.18.0-linux-x64/.noConfigDebugAdapterEndpoints/endpoint-0370d1c5f2548263.txt'), ('LANG', 'en_US.UTF-8'), ('XDG_CURRENT_DESKTOP', 'ubuntu:GNOME'), ('PYTHONSTARTUP', '/home/abc/.config/Code/User/workspaceStorage/28936fba8b94055b776ffa577577e387/ms-python.python/pythonrc.py'), ('LC_TELEPHONE', 'zh_CN.UTF-8'), ('XMODIFIERS', '@im=ibus'), ('XDG_SESSION_DESKTOP', 'ubuntu'), ('XAUTHORITY', '/run/user/1000/gdm/Xauthority'), ('LS_COLORS', 'rs=0:di=01;34:ln=01;36:mh=00:pi=40;33:so=01;35:do=01;35:bd=40;33;01:cd=40;33;01:or=40;31;01:mi=00:su=37;41:sg=30;43:ca=30;41:tw=30;42:ow=34;42:st=37;44:ex=01;32:*.tar=01;31:*.tgz=01;31:*.arc=01;31:*.arj=01;31:*.taz=01;31:*.lha=01;31:*.lz4=01;31:*.lzh=01;31:*.lzma=01;31:*.tlz=01;31:*.txz=01;31:*.tzo=01;31:*.t7z=01;31:*.zip=01;31:*.z=01;31:*.dz=01;31:*.gz=01;31:*.lrz=01;31:*.lz=01;31:*.lzo=01;31:*.xz=01;31:*.zst=01;31:*.tzst=01;31:*.bz2=01;31:*.bz=01;31:*.tbz=01;31:*.tbz2=01;31:*.tz=01;31:*.deb=01;31:*.rpm=01;31:*.jar=01;31:*.war=01;31:*.ear=01;31:*.sar=01;31:*.rar=01;31:*.alz=01;31:*.ace=01;31:*.zoo=01;31:*.cpio=01;31:*.7z=01;31:*.rz=01;31:*.cab=01;31:*.wim=01;31:*.swm=01;31:*.dwm=01;31:*.esd=01;31:*.jpg=01;35:*.jpeg=01;35:*.mjpg=01;35:*.mjpeg=01;35:*.gif=01;35:*.bmp=01;35:*.pbm=01;35:*.pgm=01;35:*.ppm=01;35:*.tga=01;35:*.xbm=01;35:*.xpm=01;35:*.tif=01;35:*.tiff=01;35:*.png=01;35:*.svg=01;35:*.svgz=01;35:*.mng=01;35:*.pcx=01;35:*.mov=01;35:*.mpg=01;35:*.mpeg=01;35:*.m2v=01;35:*.mkv=01;35:*.webm=01;35:*.webp=01;35:*.ogm=01;35:*.mp4=01;35:*.m4v=01;35:*.mp4v=01;35:*.vob=01;35:*.qt=01;35:*.nuv=01;35:*.wmv=01;35:*.asf=01;35:*.rm=01;35:*.rmvb=01;35:*.flc=01;35:*.avi=01;35:*.fli=01;35:*.flv=01;35:*.gl=01;35:*.dl=01;35:*.xcf=01;35:*.xwd=01;35:*.yuv=01;35:*.cgm=01;35:*.emf=01;35:*.ogv=01;35:*.ogx=01;35:*.aac=00;36:*.au=00;36:*.flac=00;36:*.m4a=00;36:*.mid=00;36:*.midi=00;36:*.mka=00;36:*.mp3=00;36:*.mpc=00;36:*.ogg=00;36:*.ra=00;36:*.wav=00;36:*.oga=00;36:*.opus=00;36:*.spx=00;36:*.xspf=00;36:'), ('ROS2_PERCEPTION_COURSE_INSTALL', '/home/abc/perception_with_ros2/install'), ('VSCODE_GIT_IPC_HANDLE', '/run/user/1000/vscode-git-5e4b9a72ca.sock'), ('TERM_PROGRAM', 'vscode'), ('SSH_AGENT_LAUNCHER', 'gnome-keyring'), ('SSH_AUTH_SOCK', '/run/user/1000/keyring/ssh'), ('ROS_DOMAIN_ID', '2'), ('AMENT_PREFIX_PATH', '/home/abc/perception_with_ros2/install/perception:/home/abc/perception_with_ros2/install/data_plot_per:/home/abc/perception_with_ros2/install/base_msgs_per:/home/abc/planning_with_ros2/install/planning:/home/abc/planning_with_ros2/install/data_plot:/home/abc/planning_with_ros2/install/base_msgs:/opt/ros/humble'), ('SHELL', '/bin/bash'), ('LC_NAME', 'zh_CN.UTF-8'), ('QT_ACCESSIBILITY', '1'), ('GDMSESSION', 'ubuntu'), ('LESSCLOSE', '/usr/bin/lesspipe %s %s'), ('LC_MEASUREMENT', 'zh_CN.UTF-8'), ('GPG_AGENT_INFO', '/run/user/1000/gnupg/S.gpg-agent:0:1'), ('GJS_DEBUG_OUTPUT', 'stderr'), ('LC_IDENTIFICATION', 'zh_CN.UTF-8'), ('VSCODE_GIT_ASKPASS_EXTRA_ARGS', ''), ('QT_IM_MODULE', 'ibus'), ('PWD', '/home/abc/perception_with_ros2/build/perception'), ('LC_ALL', 'en_US.UTF-8'), ('XDG_CONFIG_DIRS', '/etc/xdg/xdg-ubuntu:/etc/xdg'), ('XDG_DATA_DIRS', '/usr/share/ubuntu:/usr/share/gnome:/usr/local/share/:/usr/share/:/var/lib/snapd/desktop'), ('PYTHONPATH', '/home/abc/perception_with_ros2/install/data_plot_per/lib/python3.10/site-packages:/home/abc/perception_with_ros2/install/base_msgs_per/local/lib/python3.10/dist-packages:/home/abc/planning_with_ros2/install/data_plot/lib/python3.10/site-packages:/home/abc/planning_with_ros2/install/base_msgs/local/lib/python3.10/dist-packages:/opt/ros/humble/lib/python3.10/site-packages:/opt/ros/humble/local/lib/python3.10/dist-packages'), ('LC_NUMERIC', 'zh_CN.UTF-8'), ('LC_PAPER', 'zh_CN.UTF-8'), ('COLCON', '1'), ('CMAKE_PREFIX_PATH', '/home/abc/perception_with_ros2/install/base_msgs_per:/home/abc/perception_with_ros2/install/perception:/home/abc/planning_with_ros2/install/planning:/home/abc/planning_with_ros2/install/base_msgs:/home/abc/perception_with_ros2/install/data_plot_per:/home/abc/planning_with_ros2/install/data_plot:/opt/ros/humble')]), 'shell': False}
[53.713759] (perception) StdoutLine: {'line': b'-- Install configuration: ""\n'}
[53.714061] (perception) StdoutLine: {'line': b'-- Installing: /home/abc/perception_with_ros2/install/perception/lib/libconfig_reader.so\n'}
[53.714635] (perception) StdoutLine: {'line': b'-- Set non-toolchain portion of runtime path of "/home/abc/perception_with_ros2/install/perception/lib/libconfig_reader.so" to ""\n'}
[53.714729] (perception) StdoutLine: {'line': b'-- Installing: /home/abc/perception_with_ros2/install/perception/lib/libmathlibs.so\n'}
[53.718474] (perception) StdoutLine: {'line': b'-- Set non-toolchain portion of runtime path of "/home/abc/perception_with_ros2/install/perception/lib/libmathlibs.so" to ""\n'}
[53.718692] (perception) StdoutLine: {'line': b'-- Installing: /home/abc/perception_with_ros2/install/perception/lib/libdecision_center.so\n'}
[53.719059] (perception) StdoutLine: {'line': b'-- Set non-toolchain portion of runtime path of "/home/abc/perception_with_ros2/install/perception/lib/libdecision_center.so" to ""\n'}
[53.719306] (perception) StdoutLine: {'line': b'-- Installing: /home/abc/perception_with_ros2/install/perception/lib/libpnc_map_creator.so\n'}
[53.719853] (perception) StdoutLine: {'line': b'-- Set non-toolchain portion of runtime path of "/home/abc/perception_with_ros2/install/perception/lib/libpnc_map_creator.so" to ""\n'}
[53.719970] (perception) StdoutLine: {'line': b'-- Installing: /home/abc/perception_with_ros2/install/perception/lib/perception/pnc_map_server\n'}
[53.721177] (perception) StdoutLine: {'line': b'-- Set non-toolchain portion of runtime path of "/home/abc/perception_with_ros2/install/perception/lib/perception/pnc_map_server" to ""\n'}
[53.721442] (perception) StdoutLine: {'line': b'-- Installing: /home/abc/perception_with_ros2/install/perception/lib/libglobal_planner.so\n'}
[53.721775] (perception) StdoutLine: {'line': b'-- Set non-toolchain portion of runtime path of "/home/abc/perception_with_ros2/install/perception/lib/libglobal_planner.so" to ""\n'}
[53.721849] (perception) StdoutLine: {'line': b'-- Installing: /home/abc/perception_with_ros2/install/perception/lib/perception/global_path_server\n'}
[53.723230] (perception) StdoutLine: {'line': b'-- Set non-toolchain portion of runtime path of "/home/abc/perception_with_ros2/install/perception/lib/perception/global_path_server" to ""\n'}
[53.723500] (perception) StdoutLine: {'line': b'-- Installing: /home/abc/perception_with_ros2/install/perception/lib/liblocal_planner.so\n'}
[53.724061] (perception) StdoutLine: {'line': b'-- Set non-toolchain portion of runtime path of "/home/abc/perception_with_ros2/install/perception/lib/liblocal_planner.so" to ""\n'}
[53.724280] (perception) StdoutLine: {'line': b'-- Installing: /home/abc/perception_with_ros2/install/perception/lib/libreference_line.so\n'}
[53.725164] (perception) StdoutLine: {'line': b'-- Set non-toolchain portion of runtime path of "/home/abc/perception_with_ros2/install/perception/lib/libreference_line.so" to ""\n'}
[53.725405] (perception) StdoutLine: {'line': b'-- Installing: /home/abc/perception_with_ros2/install/perception/lib/perception/osqp_test\n'}
[53.725830] (perception) StdoutLine: {'line': b'-- Set non-toolchain portion of runtime path of "/home/abc/perception_with_ros2/install/perception/lib/perception/osqp_test" to ""\n'}
[53.725910] (perception) StdoutLine: {'line': b'-- Installing: /home/abc/perception_with_ros2/install/perception/lib/perception/newton_test\n'}
[53.726168] (perception) StdoutLine: {'line': b'-- Set non-toolchain portion of runtime path of "/home/abc/perception_with_ros2/install/perception/lib/perception/newton_test" to ""\n'}
[53.726414] (perception) StdoutLine: {'line': b'-- Installing: /home/abc/perception_with_ros2/install/perception/lib/libvehicle_info.so\n'}
[53.726779] (perception) StdoutLine: {'line': b'-- Set non-toolchain portion of runtime path of "/home/abc/perception_with_ros2/install/perception/lib/libvehicle_info.so" to ""\n'}
[53.727000] (perception) StdoutLine: {'line': b'-- Installing: /home/abc/perception_with_ros2/install/perception/lib/perception/perception_process\n'}
[53.730536] (perception) StdoutLine: {'line': b'-- Set non-toolchain portion of runtime path of "/home/abc/perception_with_ros2/install/perception/lib/perception/perception_process" to ""\n'}
[53.730787] (perception) StdoutLine: {'line': b'-- Installing: /home/abc/perception_with_ros2/install/perception/lib/perception/car_move_cmd\n'}
[53.733274] (perception) StdoutLine: {'line': b'-- Set non-toolchain portion of runtime path of "/home/abc/perception_with_ros2/install/perception/lib/perception/car_move_cmd" to ""\n'}
[53.733364] (perception) StdoutLine: {'line': b'-- Installing: /home/abc/perception_with_ros2/install/perception/lib/perception/obs_move_cmd\n'}
[53.734098] (perception) StdoutLine: {'line': b'-- Set non-toolchain portion of runtime path of "/home/abc/perception_with_ros2/install/perception/lib/perception/obs_move_cmd" to ""\n'}
[53.734178] (perception) StdoutLine: {'line': b'-- Installing: /home/abc/perception_with_ros2/install/perception/share/perception/config\n'}
[53.734296] (perception) StdoutLine: {'line': b'-- Installing: /home/abc/perception_with_ros2/install/perception/share/perception/config/perception_static_obs_config.yaml\n'}
[53.734421] (perception) StdoutLine: {'line': b'-- Installing: /home/abc/perception_with_ros2/install/perception/share/perception/config/perception_dynamic_obs_config.yaml\n'}
[53.734497] (perception) StdoutLine: {'line': b'-- Installing: /home/abc/perception_with_ros2/install/perception/share/perception/launch\n'}
[53.734575] (perception) StdoutLine: {'line': b'-- Installing: /home/abc/perception_with_ros2/install/perception/share/perception/launch/perception_launch.py\n'}
[53.734651] (perception) StdoutLine: {'line': b'-- Installing: /home/abc/perception_with_ros2/install/perception/share/perception/launch/move_cmd_launch.py\n'}
[53.734733] (perception) StdoutLine: {'line': b'-- Installing: /home/abc/perception_with_ros2/install/perception/share/perception/urdf\n'}
[53.734806] (perception) StdoutLine: {'line': b'-- Installing: /home/abc/perception_with_ros2/install/perception/share/perception/urdf/main_car\n'}
[53.734865] (perception) StdoutLine: {'line': b'-- Installing: /home/abc/perception_with_ros2/install/perception/share/perception/urdf/main_car/car_camera.xacro\n'}
[53.734942] (perception) StdoutLine: {'line': b'-- Installing: /home/abc/perception_with_ros2/install/perception/share/perception/urdf/main_car/car_base.xacro\n'}
[53.735149] (perception) StdoutLine: {'line': b'-- Installing: /home/abc/perception_with_ros2/install/perception/share/perception/urdf/main_car/car_radar.xacro\n'}
[53.735227] (perception) StdoutLine: {'line': b'-- Installing: /home/abc/perception_with_ros2/install/perception/share/perception/urdf/main_car/car.xacro\n'}
[53.735499] (perception) StdoutLine: {'line': b'-- Installing: /home/abc/perception_with_ros2/install/perception/share/perception/urdf/main_car/car_wheels.xacro\n'}
[53.735579] (perception) StdoutLine: {'line': b'-- Installing: /home/abc/perception_with_ros2/install/perception/share/perception/urdf/obs_car\n'}
[53.735653] (perception) StdoutLine: {'line': b'-- Installing: /home/abc/perception_with_ros2/install/perception/share/perception/urdf/obs_car/obs_car.xacro\n'}
[53.735726] (perception) StdoutLine: {'line': b'-- Installing: /home/abc/perception_with_ros2/install/perception/share/perception/rviz\n'}
[53.735798] (perception) StdoutLine: {'line': b'-- Installing: /home/abc/perception_with_ros2/install/perception/share/perception/rviz/perception.rviz\n'}
[53.735927] (perception) StdoutLine: {'line': b'-- Installing: /home/abc/perception_with_ros2/install/perception/share/ament_index/resource_index/package_run_dependencies/perception\n'}
[53.736060] (perception) StdoutLine: {'line': b'-- Installing: /home/abc/perception_with_ros2/install/perception/share/ament_index/resource_index/parent_prefix_path/perception\n'}
[53.736185] (perception) StdoutLine: {'line': b'-- Installing: /home/abc/perception_with_ros2/install/perception/share/perception/environment/ament_prefix_path.sh\n'}
[53.736282] (perception) StdoutLine: {'line': b'-- Installing: /home/abc/perception_with_ros2/install/perception/share/perception/environment/ament_prefix_path.dsv\n'}
[53.736391] (perception) StdoutLine: {'line': b'-- Installing: /home/abc/perception_with_ros2/install/perception/share/perception/environment/path.sh\n'}
[53.736488] (perception) StdoutLine: {'line': b'-- Installing: /home/abc/perception_with_ros2/install/perception/share/perception/environment/path.dsv\n'}
[53.736582] (perception) StdoutLine: {'line': b'-- Installing: /home/abc/perception_with_ros2/install/perception/share/perception/local_setup.bash\n'}
[53.736680] (perception) StdoutLine: {'line': b'-- Installing: /home/abc/perception_with_ros2/install/perception/share/perception/local_setup.sh\n'}
[53.736788] (perception) StdoutLine: {'line': b'-- Installing: /home/abc/perception_with_ros2/install/perception/share/perception/local_setup.zsh\n'}
[53.736884] (perception) StdoutLine: {'line': b'-- Installing: /home/abc/perception_with_ros2/install/perception/share/perception/local_setup.dsv\n'}
[53.736979] (perception) StdoutLine: {'line': b'-- Installing: /home/abc/perception_with_ros2/install/perception/share/perception/package.dsv\n'}
[53.737105] (perception) StdoutLine: {'line': b'-- Installing: /home/abc/perception_with_ros2/install/perception/share/ament_index/resource_index/packages/perception\n'}
[53.737227] (perception) StdoutLine: {'line': b'-- Installing: /home/abc/perception_with_ros2/install/perception/share/perception/cmake/perceptionConfig.cmake\n'}
[53.737309] (perception) StdoutLine: {'line': b'-- Installing: /home/abc/perception_with_ros2/install/perception/share/perception/cmake/perceptionConfig-version.cmake\n'}
[53.737408] (perception) StdoutLine: {'line': b'-- Installing: /home/abc/perception_with_ros2/install/perception/share/perception/package.xml\n'}
[53.738502] (perception) CommandEnded: {'returncode': 0}
[53.744665] (-) TimerEvent: {}
[53.751944] (perception) JobEnded: {'identifier': 'perception', 'rc': 0}
[53.752680] (-) EventReactorShutdown: {}
