[0.000000] (-) TimerEvent: {}
[0.000217] (base_msgs_per) JobQueued: {'identifier': 'base_msgs_per', 'dependencies': OrderedDict()}
[0.000252] (data_plot_per) JobQueued: {'identifier': 'data_plot_per', 'dependencies': OrderedDict()}
[0.000475] (perception) JobQueued: {'identifier': 'perception', 'dependencies': OrderedDict([('base_msgs_per', '/home/abc/perception_with_ros2/install/base_msgs_per')])}
[0.000501] (base_msgs_per) JobStarted: {'identifier': 'base_msgs_per'}
[0.006008] (data_plot_per) JobStarted: {'identifier': 'data_plot_per'}
[0.012742] (base_msgs_per) JobProgress: {'identifier': 'base_msgs_per', 'progress': 'cmake'}
[0.013294] (base_msgs_per) JobProgress: {'identifier': 'base_msgs_per', 'progress': 'build'}
[0.013964] (base_msgs_per) Command: {'cmd': ['/usr/local/bin/cmake', '--build', '/home/abc/perception_with_ros2/build/base_msgs_per', '--', '-j12', '-l12'], 'cwd': '/home/abc/perception_with_ros2/build/base_msgs_per', 'env': OrderedDict([('PYTHON_BASIC_REPL', '1'), ('LESSOPEN', '| /usr/bin/lesspipe %s'), ('LANGUAGE', 'en_US:en'), ('USER', 'abc'), ('LC_TIME', 'zh_CN.UTF-8'), ('XDG_SESSION_TYPE', 'x11'), ('GIT_ASKPASS', '/usr/share/code/resources/app/extensions/git/dist/askpass.sh'), ('SHLVL', '2'), ('LD_LIBRARY_PATH', '/home/abc/perception_with_ros2/install/perception/lib:/home/abc/planning_with_ros2/install/planning/lib:/home/abc/planning_with_ros2/install/planning/lib:/home/abc/planning_with_ros2/install/planning/lib:/home/abc/planning_with_ros2/install/planning/lib:/home/abc/planning_with_ros2/install/base_msgs/lib:/usr/lib/x86_64-linux-gnu/gazebo-11/plugins:/opt/ros/humble/opt/rviz_ogre_vendor/lib:/opt/ros/humble/lib/x86_64-linux-gnu:/opt/ros/humble/lib'), ('HOME', '/home/abc'), ('CHROME_DESKTOP', 'code.desktop'), ('OLDPWD', '/home/abc/perception_with_ros2/src'), ('TERM_PROGRAM_VERSION', '1.107.1'), ('DESKTOP_SESSION', 'ubuntu'), ('ROS_PYTHON_VERSION', '3'), ('GNOME_SHELL_SESSION_MODE', 'ubuntu'), ('GTK_MODULES', 'gail:atk-bridge'), ('VSCODE_GIT_ASKPASS_MAIN', '/usr/share/code/resources/app/extensions/git/dist/askpass-main.js'), ('LC_MONETARY', 'zh_CN.UTF-8'), ('VSCODE_GIT_ASKPASS_NODE', '/usr/share/code/code'), ('PYDEVD_DISABLE_FILE_VALIDATION', '1'), ('SYSTEMD_EXEC_PID', '1608'), ('BUNDLED_DEBUGPY_PATH', '/home/abc/.vscode/extensions/ms-python.debugpy-2025.18.0-linux-x64/bundled/libs/debugpy'), ('VSCODE_PYTHON_AUTOACTIVATE_GUARD', '1'), ('DBUS_SESSION_BUS_ADDRESS', 'unix:path=/run/user/1000/bus'), ('COLORTERM', 'truecolor'), ('COLCON_PREFIX_PATH', '/home/abc/perception_with_ros2/install:/home/abc/planning_with_ros2/install'), ('ROS_DISTRO', 'humble'), ('GTK_IM_MODULE', 'ibus'), ('LOGNAME', 'abc'), ('_', '/usr/bin/colcon'), ('ROS_VERSION', '2'), ('XDG_SESSION_CLASS', 'user'), ('USERNAME', 'abc'), ('TERM', 'xterm-256color'), ('GNOME_DESKTOP_SESSION_ID', 'this-is-deprecated'), ('ROS2_PLANNING_COURSE_INSTALL', '/home/abc/planning_with_ros2/install'), ('FC_FONTATIONS', '1'), ('ROS_LOCALHOST_ONLY', '0'), ('WINDOWPATH', '2'), ('PATH', '/home/abc/.config/Code/User/globalStorage/github.copilot-chat/debugCommand:/home/abc/.config/Code/User/globalStorage/github.copilot-chat/copilotCli:/opt/ros/humble/bin:/usr/local/sbin:/usr/local/bin:/usr/sbin:/usr/bin:/sbin:/bin:/usr/games:/usr/local/games:/snap/bin:/snap/bin:/home/abc/.vscode/extensions/ms-python.debugpy-2025.18.0-linux-x64/bundled/scripts/noConfigScripts'), ('SESSION_MANAGER', 'local/abc-G3-3500:@/tmp/.ICE-unix/1581,unix/abc-G3-3500:/tmp/.ICE-unix/1581'), ('PAPERSIZE', 'a4'), ('XDG_MENU_PREFIX', 'gnome-'), ('LC_ADDRESS', 'zh_CN.UTF-8'), ('GNOME_TERMINAL_SCREEN', '/org/gnome/Terminal/screen/de2f66bf_038d_4af9_a3ae_168c2f219a0f'), ('XDG_RUNTIME_DIR', '/run/user/1000'), ('GDK_BACKEND', 'x11'), ('DISPLAY', ':0'), ('VSCODE_DEBUGPY_ADAPTER_ENDPOINTS', '/home/abc/.vscode/extensions/ms-python.debugpy-2025.18.0-linux-x64/.noConfigDebugAdapterEndpoints/endpoint-0370d1c5f2548263.txt'), ('LANG', 'en_US.UTF-8'), ('XDG_CURRENT_DESKTOP', 'ubuntu:GNOME'), ('PYTHONSTARTUP', '/home/abc/.config/Code/User/workspaceStorage/28936fba8b94055b776ffa577577e387/ms-python.python/pythonrc.py'), ('LC_TELEPHONE', 'zh_CN.UTF-8'), ('XMODIFIERS', '@im=ibus'), ('XDG_SESSION_DESKTOP', 'ubuntu'), ('XAUTHORITY', '/run/user/1000/gdm/Xauthority'), ('LS_COLORS', 'rs=0:di=01;34:ln=01;36:mh=00:pi=40;33:so=01;35:do=01;35:bd=40;33;01:cd=40;33;01:or=40;31;01:mi=00:su=37;41:sg=30;43:ca=30;41:tw=30;42:ow=34;42:st=37;44:ex=01;32:*.tar=01;31:*.tgz=01;31:*.arc=01;31:*.arj=01;31:*.taz=01;31:*.lha=01;31:*.lz4=01;31:*.lzh=01;31:*.lzma=01;31:*.tlz=01;31:*.txz=01;31:*.tzo=01;31:*.t7z=01;31:*.zip=01;31:*.z=01;31:*.dz=01;31:*.gz=01;31:*.lrz=01;31:*.lz=01;31:*.lzo=01;31:*.xz=01;31:*.zst=01;31:*.tzst=01;31:*.bz2=01;31:*.bz=01;31:*.tbz=01;31:*.tbz2=01;31:*.tz=01;31:*.deb=01;31:*.rpm=01;31:*.jar=01;31:*.war=01;31:*.ear=01;31:*.sar=01;31:*.rar=01;31:*.alz=01;31:*.ace=01;31:*.zoo=01;31:*.cpio=01;31:*.7z=01;31:*.rz=01;31:*.cab=01;31:*.wim=01;31:*.swm=01;31:*.dwm=01;31:*.esd=01;31:*.jpg=01;35:*.jpeg=01;35:*.mjpg=01;35:*.mjpeg=01;35:*.gif=01;35:*.bmp=01;35:*.pbm=01;35:*.pgm=01;35:*.ppm=01;35:*.tga=01;35:*.xbm=01;35:*.xpm=01;35:*.tif=01;35:*.tiff=01;35:*.png=01;35:*.svg=01;35:*.svgz=01;35:*.mng=01;35:*.pcx=01;35:*.mov=01;35:*.mpg=01;35:*.mpeg=01;35:*.m2v=01;35:*.mkv=01;35:*.webm=01;35:*.webp=01;35:*.ogm=01;35:*.mp4=01;35:*.m4v=01;35:*.mp4v=01;35:*.vob=01;35:*.qt=01;35:*.nuv=01;35:*.wmv=01;35:*.asf=01;35:*.rm=01;35:*.rmvb=01;35:*.flc=01;35:*.avi=01;35:*.fli=01;35:*.flv=01;35:*.gl=01;35:*.dl=01;35:*.xcf=01;35:*.xwd=01;35:*.yuv=01;35:*.cgm=01;35:*.emf=01;35:*.ogv=01;35:*.ogx=01;35:*.aac=00;36:*.au=00;36:*.flac=00;36:*.m4a=00;36:*.mid=00;36:*.midi=00;36:*.mka=00;36:*.mp3=00;36:*.mpc=00;36:*.ogg=00;36:*.ra=00;36:*.wav=00;36:*.oga=00;36:*.opus=00;36:*.spx=00;36:*.xspf=00;36:'), ('ROS2_PERCEPTION_COURSE_INSTALL', '/home/abc/perception_with_ros2/install'), ('VSCODE_GIT_IPC_HANDLE', '/run/user/1000/vscode-git-5e4b9a72ca.sock'), ('GNOME_TERMINAL_SERVICE', ':1.525'), ('TERM_PROGRAM', 'vscode'), ('SSH_AGENT_LAUNCHER', 'gnome-keyring'), ('SSH_AUTH_SOCK', '/run/user/1000/keyring/ssh'), ('ROS_DOMAIN_ID', '2'), ('AMENT_PREFIX_PATH', '/home/abc/perception_with_ros2/install/perception:/home/abc/perception_with_ros2/install/data_plot_per:/home/abc/perception_with_ros2/install/base_msgs_per:/home/abc/planning_with_ros2/install/planning:/home/abc/planning_with_ros2/install/data_plot:/home/abc/planning_with_ros2/install/base_msgs:/opt/ros/humble'), ('SHELL', '/bin/bash'), ('LC_NAME', 'zh_CN.UTF-8'), ('QT_ACCESSIBILITY', '1'), ('GDMSESSION', 'ubuntu'), ('LESSCLOSE', '/usr/bin/lesspipe %s %s'), ('LC_MEASUREMENT', 'zh_CN.UTF-8'), ('GPG_AGENT_INFO', '/run/user/1000/gnupg/S.gpg-agent:0:1'), ('LC_IDENTIFICATION', 'zh_CN.UTF-8'), ('VSCODE_GIT_ASKPASS_EXTRA_ARGS', ''), ('QT_IM_MODULE', 'ibus'), ('PWD', '/home/abc/perception_with_ros2/build/base_msgs_per'), ('LC_ALL', 'en_US.UTF-8'), ('XDG_CONFIG_DIRS', '/etc/xdg/xdg-ubuntu:/etc/xdg'), ('XDG_DATA_DIRS', '/usr/share/ubuntu:/usr/share/gnome:/usr/local/share/:/usr/share/:/var/lib/snapd/desktop'), ('PYTHONPATH', '/home/abc/perception_with_ros2/install/data_plot_per/lib/python3.10/site-packages:/home/abc/planning_with_ros2/install/data_plot/lib/python3.10/site-packages:/home/abc/planning_with_ros2/install/base_msgs/local/lib/python3.10/dist-packages:/opt/ros/humble/lib/python3.10/site-packages:/opt/ros/humble/local/lib/python3.10/dist-packages'), ('LC_NUMERIC', 'zh_CN.UTF-8'), ('LC_PAPER', 'zh_CN.UTF-8'), ('COLCON', '1'), ('VTE_VERSION', '6800'), ('CMAKE_PREFIX_PATH', '/home/abc/perception_with_ros2/install/perception:/home/abc/perception_with_ros2/install/base_msgs_per:/home/abc/planning_with_ros2/install/planning:/home/abc/planning_with_ros2/install/base_msgs:/home/abc/perception_with_ros2/install/data_plot_per:/home/abc/planning_with_ros2/install/data_plot:/opt/ros/humble')]), 'shell': False}
[0.040424] (base_msgs_per) StdoutLine: {'line': b'[  0%] Built target base_msgs_per__cpp\n'}
[0.043469] (base_msgs_per) StdoutLine: {'line': b'[ 12%] Built target base_msgs_per__rosidl_generator_c\n'}
[0.044024] (base_msgs_per) StdoutLine: {'line': b'[ 12%] Built target ament_cmake_python_copy_base_msgs_per\n'}
[0.057170] (base_msgs_per) StdoutLine: {'line': b'[ 24%] Built target base_msgs_per__rosidl_typesupport_fastrtps_cpp\n'}
[0.057328] (base_msgs_per) StdoutLine: {'line': b'[ 44%] Built target base_msgs_per__rosidl_typesupport_introspection_cpp\n'}
[0.057403] (base_msgs_per) StdoutLine: {'line': b'[ 48%] Built target base_msgs_per__rosidl_typesupport_c\n'}
[0.057646] (base_msgs_per) StdoutLine: {'line': b'[ 60%] Built target base_msgs_per__rosidl_typesupport_cpp\n'}
[0.058260] (base_msgs_per) StdoutLine: {'line': b'[ 72%] Built target base_msgs_per__rosidl_typesupport_introspection_c\n'}
[0.060858] (base_msgs_per) StdoutLine: {'line': b'[ 84%] Built target base_msgs_per__rosidl_typesupport_fastrtps_c\n'}
[0.067544] (base_msgs_per) StdoutLine: {'line': b'[ 84%] Built target base_msgs_per\n'}
[0.075276] (base_msgs_per) StdoutLine: {'line': b'[ 85%] Built target base_msgs_per__py\n'}
[0.087804] (base_msgs_per) StdoutLine: {'line': b'[ 96%] Built target base_msgs_per__rosidl_generator_py\n'}
[0.096334] (base_msgs_per) StdoutLine: {'line': b'[ 98%] Built target base_msgs_per__rosidl_typesupport_fastrtps_c__pyext\n'}
[0.096555] (base_msgs_per) StdoutLine: {'line': b'[ 99%] Built target base_msgs_per__rosidl_typesupport_introspection_c__pyext\n'}
[0.096664] (base_msgs_per) StdoutLine: {'line': b'[100%] Built target base_msgs_per__rosidl_typesupport_c__pyext\n'}
[0.099825] (-) TimerEvent: {}
[0.200044] (-) TimerEvent: {}
[0.290832] (base_msgs_per) StdoutLine: {'line': b'running egg_info\n'}
[0.291606] (base_msgs_per) StdoutLine: {'line': b'writing base_msgs_per.egg-info/PKG-INFO\n'}
[0.291802] (base_msgs_per) StdoutLine: {'line': b'writing dependency_links to base_msgs_per.egg-info/dependency_links.txt\n'}
[0.292017] (base_msgs_per) StdoutLine: {'line': b'writing top-level names to base_msgs_per.egg-info/top_level.txt\n'}
[0.294185] (base_msgs_per) StdoutLine: {'line': b"reading manifest file 'base_msgs_per.egg-info/SOURCES.txt'\n"}
[0.295042] (base_msgs_per) StdoutLine: {'line': b"writing manifest file 'base_msgs_per.egg-info/SOURCES.txt'\n"}
[0.300149] (-) TimerEvent: {}
[0.316379] (base_msgs_per) StdoutLine: {'line': b'[100%] Built target ament_cmake_python_build_base_msgs_per_egg\n'}
[0.321356] (base_msgs_per) CommandEnded: {'returncode': 0}
[0.322053] (base_msgs_per) JobProgress: {'identifier': 'base_msgs_per', 'progress': 'install'}
[0.324404] (base_msgs_per) Command: {'cmd': ['/usr/local/bin/cmake', '--install', '/home/abc/perception_with_ros2/build/base_msgs_per'], 'cwd': '/home/abc/perception_with_ros2/build/base_msgs_per', 'env': OrderedDict([('PYTHON_BASIC_REPL', '1'), ('LESSOPEN', '| /usr/bin/lesspipe %s'), ('LANGUAGE', 'en_US:en'), ('USER', 'abc'), ('LC_TIME', 'zh_CN.UTF-8'), ('XDG_SESSION_TYPE', 'x11'), ('GIT_ASKPASS', '/usr/share/code/resources/app/extensions/git/dist/askpass.sh'), ('SHLVL', '2'), ('LD_LIBRARY_PATH', '/home/abc/perception_with_ros2/install/perception/lib:/home/abc/planning_with_ros2/install/planning/lib:/home/abc/planning_with_ros2/install/planning/lib:/home/abc/planning_with_ros2/install/planning/lib:/home/abc/planning_with_ros2/install/planning/lib:/home/abc/planning_with_ros2/install/base_msgs/lib:/usr/lib/x86_64-linux-gnu/gazebo-11/plugins:/opt/ros/humble/opt/rviz_ogre_vendor/lib:/opt/ros/humble/lib/x86_64-linux-gnu:/opt/ros/humble/lib'), ('HOME', '/home/abc'), ('CHROME_DESKTOP', 'code.desktop'), ('OLDPWD', '/home/abc/perception_with_ros2/src'), ('TERM_PROGRAM_VERSION', '1.107.1'), ('DESKTOP_SESSION', 'ubuntu'), ('ROS_PYTHON_VERSION', '3'), ('GNOME_SHELL_SESSION_MODE', 'ubuntu'), ('GTK_MODULES', 'gail:atk-bridge'), ('VSCODE_GIT_ASKPASS_MAIN', '/usr/share/code/resources/app/extensions/git/dist/askpass-main.js'), ('LC_MONETARY', 'zh_CN.UTF-8'), ('VSCODE_GIT_ASKPASS_NODE', '/usr/share/code/code'), ('PYDEVD_DISABLE_FILE_VALIDATION', '1'), ('SYSTEMD_EXEC_PID', '1608'), ('BUNDLED_DEBUGPY_PATH', '/home/abc/.vscode/extensions/ms-python.debugpy-2025.18.0-linux-x64/bundled/libs/debugpy'), ('VSCODE_PYTHON_AUTOACTIVATE_GUARD', '1'), ('DBUS_SESSION_BUS_ADDRESS', 'unix:path=/run/user/1000/bus'), ('COLORTERM', 'truecolor'), ('COLCON_PREFIX_PATH', '/home/abc/perception_with_ros2/install:/home/abc/planning_with_ros2/install'), ('ROS_DISTRO', 'humble'), ('GTK_IM_MODULE', 'ibus'), ('LOGNAME', 'abc'), ('_', '/usr/bin/colcon'), ('ROS_VERSION', '2'), ('XDG_SESSION_CLASS', 'user'), ('USERNAME', 'abc'), ('TERM', 'xterm-256color'), ('GNOME_DESKTOP_SESSION_ID', 'this-is-deprecated'), ('ROS2_PLANNING_COURSE_INSTALL', '/home/abc/planning_with_ros2/install'), ('FC_FONTATIONS', '1'), ('ROS_LOCALHOST_ONLY', '0'), ('WINDOWPATH', '2'), ('PATH', '/home/abc/.config/Code/User/globalStorage/github.copilot-chat/debugCommand:/home/abc/.config/Code/User/globalStorage/github.copilot-chat/copilotCli:/opt/ros/humble/bin:/usr/local/sbin:/usr/local/bin:/usr/sbin:/usr/bin:/sbin:/bin:/usr/games:/usr/local/games:/snap/bin:/snap/bin:/home/abc/.vscode/extensions/ms-python.debugpy-2025.18.0-linux-x64/bundled/scripts/noConfigScripts'), ('SESSION_MANAGER', 'local/abc-G3-3500:@/tmp/.ICE-unix/1581,unix/abc-G3-3500:/tmp/.ICE-unix/1581'), ('PAPERSIZE', 'a4'), ('XDG_MENU_PREFIX', 'gnome-'), ('LC_ADDRESS', 'zh_CN.UTF-8'), ('GNOME_TERMINAL_SCREEN', '/org/gnome/Terminal/screen/de2f66bf_038d_4af9_a3ae_168c2f219a0f'), ('XDG_RUNTIME_DIR', '/run/user/1000'), ('GDK_BACKEND', 'x11'), ('DISPLAY', ':0'), ('VSCODE_DEBUGPY_ADAPTER_ENDPOINTS', '/home/abc/.vscode/extensions/ms-python.debugpy-2025.18.0-linux-x64/.noConfigDebugAdapterEndpoints/endpoint-0370d1c5f2548263.txt'), ('LANG', 'en_US.UTF-8'), ('XDG_CURRENT_DESKTOP', 'ubuntu:GNOME'), ('PYTHONSTARTUP', '/home/abc/.config/Code/User/workspaceStorage/28936fba8b94055b776ffa577577e387/ms-python.python/pythonrc.py'), ('LC_TELEPHONE', 'zh_CN.UTF-8'), ('XMODIFIERS', '@im=ibus'), ('XDG_SESSION_DESKTOP', 'ubuntu'), ('XAUTHORITY', '/run/user/1000/gdm/Xauthority'), ('LS_COLORS', 'rs=0:di=01;34:ln=01;36:mh=00:pi=40;33:so=01;35:do=01;35:bd=40;33;01:cd=40;33;01:or=40;31;01:mi=00:su=37;41:sg=30;43:ca=30;41:tw=30;42:ow=34;42:st=37;44:ex=01;32:*.tar=01;31:*.tgz=01;31:*.arc=01;31:*.arj=01;31:*.taz=01;31:*.lha=01;31:*.lz4=01;31:*.lzh=01;31:*.lzma=01;31:*.tlz=01;31:*.txz=01;31:*.tzo=01;31:*.t7z=01;31:*.zip=01;31:*.z=01;31:*.dz=01;31:*.gz=01;31:*.lrz=01;31:*.lz=01;31:*.lzo=01;31:*.xz=01;31:*.zst=01;31:*.tzst=01;31:*.bz2=01;31:*.bz=01;31:*.tbz=01;31:*.tbz2=01;31:*.tz=01;31:*.deb=01;31:*.rpm=01;31:*.jar=01;31:*.war=01;31:*.ear=01;31:*.sar=01;31:*.rar=01;31:*.alz=01;31:*.ace=01;31:*.zoo=01;31:*.cpio=01;31:*.7z=01;31:*.rz=01;31:*.cab=01;31:*.wim=01;31:*.swm=01;31:*.dwm=01;31:*.esd=01;31:*.jpg=01;35:*.jpeg=01;35:*.mjpg=01;35:*.mjpeg=01;35:*.gif=01;35:*.bmp=01;35:*.pbm=01;35:*.pgm=01;35:*.ppm=01;35:*.tga=01;35:*.xbm=01;35:*.xpm=01;35:*.tif=01;35:*.tiff=01;35:*.png=01;35:*.svg=01;35:*.svgz=01;35:*.mng=01;35:*.pcx=01;35:*.mov=01;35:*.mpg=01;35:*.mpeg=01;35:*.m2v=01;35:*.mkv=01;35:*.webm=01;35:*.webp=01;35:*.ogm=01;35:*.mp4=01;35:*.m4v=01;35:*.mp4v=01;35:*.vob=01;35:*.qt=01;35:*.nuv=01;35:*.wmv=01;35:*.asf=01;35:*.rm=01;35:*.rmvb=01;35:*.flc=01;35:*.avi=01;35:*.fli=01;35:*.flv=01;35:*.gl=01;35:*.dl=01;35:*.xcf=01;35:*.xwd=01;35:*.yuv=01;35:*.cgm=01;35:*.emf=01;35:*.ogv=01;35:*.ogx=01;35:*.aac=00;36:*.au=00;36:*.flac=00;36:*.m4a=00;36:*.mid=00;36:*.midi=00;36:*.mka=00;36:*.mp3=00;36:*.mpc=00;36:*.ogg=00;36:*.ra=00;36:*.wav=00;36:*.oga=00;36:*.opus=00;36:*.spx=00;36:*.xspf=00;36:'), ('ROS2_PERCEPTION_COURSE_INSTALL', '/home/abc/perception_with_ros2/install'), ('VSCODE_GIT_IPC_HANDLE', '/run/user/1000/vscode-git-5e4b9a72ca.sock'), ('GNOME_TERMINAL_SERVICE', ':1.525'), ('TERM_PROGRAM', 'vscode'), ('SSH_AGENT_LAUNCHER', 'gnome-keyring'), ('SSH_AUTH_SOCK', '/run/user/1000/keyring/ssh'), ('ROS_DOMAIN_ID', '2'), ('AMENT_PREFIX_PATH', '/home/abc/perception_with_ros2/install/perception:/home/abc/perception_with_ros2/install/data_plot_per:/home/abc/perception_with_ros2/install/base_msgs_per:/home/abc/planning_with_ros2/install/planning:/home/abc/planning_with_ros2/install/data_plot:/home/abc/planning_with_ros2/install/base_msgs:/opt/ros/humble'), ('SHELL', '/bin/bash'), ('LC_NAME', 'zh_CN.UTF-8'), ('QT_ACCESSIBILITY', '1'), ('GDMSESSION', 'ubuntu'), ('LESSCLOSE', '/usr/bin/lesspipe %s %s'), ('LC_MEASUREMENT', 'zh_CN.UTF-8'), ('GPG_AGENT_INFO', '/run/user/1000/gnupg/S.gpg-agent:0:1'), ('LC_IDENTIFICATION', 'zh_CN.UTF-8'), ('VSCODE_GIT_ASKPASS_EXTRA_ARGS', ''), ('QT_IM_MODULE', 'ibus'), ('PWD', '/home/abc/perception_with_ros2/build/base_msgs_per'), ('LC_ALL', 'en_US.UTF-8'), ('XDG_CONFIG_DIRS', '/etc/xdg/xdg-ubuntu:/etc/xdg'), ('XDG_DATA_DIRS', '/usr/share/ubuntu:/usr/share/gnome:/usr/local/share/:/usr/share/:/var/lib/snapd/desktop'), ('PYTHONPATH', '/home/abc/perception_with_ros2/install/data_plot_per/lib/python3.10/site-packages:/home/abc/planning_with_ros2/install/data_plot/lib/python3.10/site-packages:/home/abc/planning_with_ros2/install/base_msgs/local/lib/python3.10/dist-packages:/opt/ros/humble/lib/python3.10/site-packages:/opt/ros/humble/local/lib/python3.10/dist-packages'), ('LC_NUMERIC', 'zh_CN.UTF-8'), ('LC_PAPER', 'zh_CN.UTF-8'), ('COLCON', '1'), ('VTE_VERSION', '6800'), ('CMAKE_PREFIX_PATH', '/home/abc/perception_with_ros2/install/perception:/home/abc/perception_with_ros2/install/base_msgs_per:/home/abc/planning_with_ros2/install/planning:/home/abc/planning_with_ros2/install/base_msgs:/home/abc/perception_with_ros2/install/data_plot_per:/home/abc/planning_with_ros2/install/data_plot:/opt/ros/humble')]), 'shell': False}
[0.327625] (base_msgs_per) StdoutLine: {'line': b'-- Install configuration: ""\n'}
[0.327808] (base_msgs_per) StdoutLine: {'line': b'-- Up-to-date: /home/abc/perception_with_ros2/install/base_msgs_per/share/ament_index/resource_index/rosidl_interfaces/base_msgs_per\n'}
[0.327890] (base_msgs_per) StdoutLine: {'line': b'-- Up-to-date: /home/abc/perception_with_ros2/install/base_msgs_per/include/base_msgs_per/base_msgs_per\n'}
[0.328015] (base_msgs_per) StdoutLine: {'line': b'-- Up-to-date: /home/abc/perception_with_ros2/install/base_msgs_per/include/base_msgs_per/base_msgs_per/msg\n'}
[0.328171] (base_msgs_per) StdoutLine: {'line': b'-- Up-to-date: /home/abc/perception_with_ros2/install/base_msgs_per/include/base_msgs_per/base_msgs_per/msg/pnc_map.h\n'}
[0.328361] (base_msgs_per) StdoutLine: {'line': b'-- Up-to-date: /home/abc/perception_with_ros2/install/base_msgs_per/include/base_msgs_per/base_msgs_per/msg/local_trajectory_point.h\n'}
[0.328456] (base_msgs_per) StdoutLine: {'line': b'-- Up-to-date: /home/abc/perception_with_ros2/install/base_msgs_per/include/base_msgs_per/base_msgs_per/msg/plot_info.h\n'}
[0.328544] (base_msgs_per) StdoutLine: {'line': b'-- Up-to-date: /home/abc/perception_with_ros2/install/base_msgs_per/include/base_msgs_per/base_msgs_per/msg/rosidl_generator_c__visibility_control.h\n'}
[0.328630] (base_msgs_per) StdoutLine: {'line': b'-- Up-to-date: /home/abc/perception_with_ros2/install/base_msgs_per/include/base_msgs_per/base_msgs_per/msg/local_path.h\n'}
[0.328714] (base_msgs_per) StdoutLine: {'line': b'-- Up-to-date: /home/abc/perception_with_ros2/install/base_msgs_per/include/base_msgs_per/base_msgs_per/msg/detail\n'}
[0.328798] (base_msgs_per) StdoutLine: {'line': b'-- Up-to-date: /home/abc/perception_with_ros2/install/base_msgs_per/include/base_msgs_per/base_msgs_per/msg/detail/obs_info__type_support.h\n'}
[0.328882] (base_msgs_per) StdoutLine: {'line': b'-- Up-to-date: /home/abc/perception_with_ros2/install/base_msgs_per/include/base_msgs_per/base_msgs_per/msg/detail/local_speeds__functions.c\n'}
[0.328966] (base_msgs_per) StdoutLine: {'line': b'-- Up-to-date: /home/abc/perception_with_ros2/install/base_msgs_per/include/base_msgs_per/base_msgs_per/msg/detail/local_speeds_point__struct.h\n'}
[0.329078] (base_msgs_per) StdoutLine: {'line': b'-- Up-to-date: /home/abc/perception_with_ros2/install/base_msgs_per/include/base_msgs_per/base_msgs_per/msg/detail/referline_point__type_support.h\n'}
[0.329349] (base_msgs_per) StdoutLine: {'line': b'-- Up-to-date: /home/abc/perception_with_ros2/install/base_msgs_per/include/base_msgs_per/base_msgs_per/msg/detail/obs_info__struct.h\n'}
[0.329481] (base_msgs_per) StdoutLine: {'line': b'-- Up-to-date: /home/abc/perception_with_ros2/install/base_msgs_per/include/base_msgs_per/base_msgs_per/msg/detail/referline__struct.h\n'}
[0.329624] (base_msgs_per) StdoutLine: {'line': b'-- Up-to-date: /home/abc/perception_with_ros2/install/base_msgs_per/include/base_msgs_per/base_msgs_per/msg/detail/local_speeds__functions.h\n'}
[0.329690] (base_msgs_per) StdoutLine: {'line': b'-- Up-to-date: /home/abc/perception_with_ros2/install/base_msgs_per/include/base_msgs_per/base_msgs_per/msg/detail/local_path_point__functions.h\n'}
[0.329776] (base_msgs_per) StdoutLine: {'line': b'-- Up-to-date: /home/abc/perception_with_ros2/install/base_msgs_per/include/base_msgs_per/base_msgs_per/msg/detail/pnc_map__struct.h\n'}
[0.329934] (base_msgs_per) StdoutLine: {'line': b'-- Up-to-date: /home/abc/perception_with_ros2/install/base_msgs_per/include/base_msgs_per/base_msgs_per/msg/detail/plot_info__struct.h\n'}
[0.330002] (base_msgs_per) StdoutLine: {'line': b'-- Up-to-date: /home/abc/perception_with_ros2/install/base_msgs_per/include/base_msgs_per/base_msgs_per/msg/detail/local_path_point__struct.h\n'}
[0.330125] (base_msgs_per) StdoutLine: {'line': b'-- Up-to-date: /home/abc/perception_with_ros2/install/base_msgs_per/include/base_msgs_per/base_msgs_per/msg/detail/local_path__struct.h\n'}
[0.330503] (base_msgs_per) StdoutLine: {'line': b'-- Up-to-date: /home/abc/perception_with_ros2/install/base_msgs_per/include/base_msgs_per/base_msgs_per/msg/detail/obs_info__functions.h\n'}
[0.330596] (base_msgs_per) StdoutLine: {'line': b'-- Up-to-date: /home/abc/perception_with_ros2/install/base_msgs_per/include/base_msgs_per/base_msgs_per/msg/detail/obs_info__functions.c\n'}
[0.330668] (base_msgs_per) StdoutLine: {'line': b'-- Up-to-date: /home/abc/perception_with_ros2/install/base_msgs_per/include/base_msgs_per/base_msgs_per/msg/detail/local_speeds__struct.h\n'}
[0.330735] (base_msgs_per) StdoutLine: {'line': b'-- Up-to-date: /home/abc/perception_with_ros2/install/base_msgs_per/include/base_msgs_per/base_msgs_per/msg/detail/referline__functions.h\n'}
[0.330801] (base_msgs_per) StdoutLine: {'line': b'-- Up-to-date: /home/abc/perception_with_ros2/install/base_msgs_per/include/base_msgs_per/base_msgs_per/msg/detail/local_trajectory__type_support.h\n'}
[0.330868] (base_msgs_per) StdoutLine: {'line': b'-- Up-to-date: /home/abc/perception_with_ros2/install/base_msgs_per/include/base_msgs_per/base_msgs_per/msg/detail/local_trajectory__functions.h\n'}
[0.330934] (base_msgs_per) StdoutLine: {'line': b'-- Up-to-date: /home/abc/perception_with_ros2/install/base_msgs_per/include/base_msgs_per/base_msgs_per/msg/detail/local_path_point__type_support.h\n'}
[0.331112] (base_msgs_per) StdoutLine: {'line': b'-- Up-to-date: /home/abc/perception_with_ros2/install/base_msgs_per/include/base_msgs_per/base_msgs_per/msg/detail/local_path_point__functions.c\n'}
[0.331299] (base_msgs_per) StdoutLine: {'line': b'-- Up-to-date: /home/abc/perception_with_ros2/install/base_msgs_per/include/base_msgs_per/base_msgs_per/msg/detail/referline__type_support.h\n'}
[0.331373] (base_msgs_per) StdoutLine: {'line': b'-- Up-to-date: /home/abc/perception_with_ros2/install/base_msgs_per/include/base_msgs_per/base_msgs_per/msg/detail/local_trajectory_point__functions.c\n'}
[0.331441] (base_msgs_per) StdoutLine: {'line': b'-- Up-to-date: /home/abc/perception_with_ros2/install/base_msgs_per/include/base_msgs_per/base_msgs_per/msg/detail/local_trajectory_point__functions.h\n'}
[0.331507] (base_msgs_per) StdoutLine: {'line': b'-- Up-to-date: /home/abc/perception_with_ros2/install/base_msgs_per/include/base_msgs_per/base_msgs_per/msg/detail/local_path__functions.h\n'}
[0.331572] (base_msgs_per) StdoutLine: {'line': b'-- Up-to-date: /home/abc/perception_with_ros2/install/base_msgs_per/include/base_msgs_per/base_msgs_per/msg/detail/pnc_map__functions.c\n'}
[0.331637] (base_msgs_per) StdoutLine: {'line': b'-- Up-to-date: /home/abc/perception_with_ros2/install/base_msgs_per/include/base_msgs_per/base_msgs_per/msg/detail/referline__functions.c\n'}
[0.331701] (base_msgs_per) StdoutLine: {'line': b'-- Up-to-date: /home/abc/perception_with_ros2/install/base_msgs_per/include/base_msgs_per/base_msgs_per/msg/detail/referline_point__struct.h\n'}
[0.331792] (base_msgs_per) StdoutLine: {'line': b'-- Up-to-date: /home/abc/perception_with_ros2/install/base_msgs_per/include/base_msgs_per/base_msgs_per/msg/detail/local_trajectory__struct.h\n'}
[0.331857] (base_msgs_per) StdoutLine: {'line': b'-- Up-to-date: /home/abc/perception_with_ros2/install/base_msgs_per/include/base_msgs_per/base_msgs_per/msg/detail/local_speeds_point__type_support.h\n'}
[0.331921] (base_msgs_per) StdoutLine: {'line': b'-- Up-to-date: /home/abc/perception_with_ros2/install/base_msgs_per/include/base_msgs_per/base_msgs_per/msg/detail/local_speeds_point__functions.h\n'}
[0.331984] (base_msgs_per) StdoutLine: {'line': b'-- Up-to-date: /home/abc/perception_with_ros2/install/base_msgs_per/include/base_msgs_per/base_msgs_per/msg/detail/local_trajectory_point__struct.h\n'}
[0.332167] (base_msgs_per) StdoutLine: {'line': b'-- Up-to-date: /home/abc/perception_with_ros2/install/base_msgs_per/include/base_msgs_per/base_msgs_per/msg/detail/local_path__functions.c\n'}
[0.332242] (base_msgs_per) StdoutLine: {'line': b'-- Up-to-date: /home/abc/perception_with_ros2/install/base_msgs_per/include/base_msgs_per/base_msgs_per/msg/detail/plot_info__functions.c\n'}
[0.332308] (base_msgs_per) StdoutLine: {'line': b'-- Up-to-date: /home/abc/perception_with_ros2/install/base_msgs_per/include/base_msgs_per/base_msgs_per/msg/detail/local_trajectory__functions.c\n'}
[0.332374] (base_msgs_per) StdoutLine: {'line': b'-- Up-to-date: /home/abc/perception_with_ros2/install/base_msgs_per/include/base_msgs_per/base_msgs_per/msg/detail/local_speeds__type_support.h\n'}
[0.332438] (base_msgs_per) StdoutLine: {'line': b'-- Up-to-date: /home/abc/perception_with_ros2/install/base_msgs_per/include/base_msgs_per/base_msgs_per/msg/detail/plot_info__type_support.h\n'}
[0.332502] (base_msgs_per) StdoutLine: {'line': b'-- Up-to-date: /home/abc/perception_with_ros2/install/base_msgs_per/include/base_msgs_per/base_msgs_per/msg/detail/referline_point__functions.c\n'}
[0.332567] (base_msgs_per) StdoutLine: {'line': b'-- Up-to-date: /home/abc/perception_with_ros2/install/base_msgs_per/include/base_msgs_per/base_msgs_per/msg/detail/local_path__type_support.h\n'}
[0.332631] (base_msgs_per) StdoutLine: {'line': b'-- Up-to-date: /home/abc/perception_with_ros2/install/base_msgs_per/include/base_msgs_per/base_msgs_per/msg/detail/plot_info__functions.h\n'}
[0.332695] (base_msgs_per) StdoutLine: {'line': b'-- Up-to-date: /home/abc/perception_with_ros2/install/base_msgs_per/include/base_msgs_per/base_msgs_per/msg/detail/pnc_map__type_support.h\n'}
[0.332758] (base_msgs_per) StdoutLine: {'line': b'-- Up-to-date: /home/abc/perception_with_ros2/install/base_msgs_per/include/base_msgs_per/base_msgs_per/msg/detail/pnc_map__functions.h\n'}
[0.332822] (base_msgs_per) StdoutLine: {'line': b'-- Up-to-date: /home/abc/perception_with_ros2/install/base_msgs_per/include/base_msgs_per/base_msgs_per/msg/detail/local_trajectory_point__type_support.h\n'}
[0.332979] (base_msgs_per) StdoutLine: {'line': b'-- Up-to-date: /home/abc/perception_with_ros2/install/base_msgs_per/include/base_msgs_per/base_msgs_per/msg/detail/local_speeds_point__functions.c\n'}
[0.333044] (base_msgs_per) StdoutLine: {'line': b'-- Up-to-date: /home/abc/perception_with_ros2/install/base_msgs_per/include/base_msgs_per/base_msgs_per/msg/detail/referline_point__functions.h\n'}
[0.333108] (base_msgs_per) StdoutLine: {'line': b'-- Up-to-date: /home/abc/perception_with_ros2/install/base_msgs_per/include/base_msgs_per/base_msgs_per/msg/referline_point.h\n'}
[0.333208] (base_msgs_per) StdoutLine: {'line': b'-- Up-to-date: /home/abc/perception_with_ros2/install/base_msgs_per/include/base_msgs_per/base_msgs_per/msg/obs_info.h\n'}
[0.333276] (base_msgs_per) StdoutLine: {'line': b'-- Up-to-date: /home/abc/perception_with_ros2/install/base_msgs_per/include/base_msgs_per/base_msgs_per/msg/referline.h\n'}
[0.333339] (base_msgs_per) StdoutLine: {'line': b'-- Up-to-date: /home/abc/perception_with_ros2/install/base_msgs_per/include/base_msgs_per/base_msgs_per/msg/local_speeds_point.h\n'}
[0.333403] (base_msgs_per) StdoutLine: {'line': b'-- Up-to-date: /home/abc/perception_with_ros2/install/base_msgs_per/include/base_msgs_per/base_msgs_per/msg/local_speeds.h\n'}
[0.333522] (base_msgs_per) StdoutLine: {'line': b'-- Up-to-date: /home/abc/perception_with_ros2/install/base_msgs_per/include/base_msgs_per/base_msgs_per/msg/local_trajectory.h\n'}
[0.333588] (base_msgs_per) StdoutLine: {'line': b'-- Up-to-date: /home/abc/perception_with_ros2/install/base_msgs_per/include/base_msgs_per/base_msgs_per/msg/local_path_point.h\n'}
[0.333652] (base_msgs_per) StdoutLine: {'line': b'-- Up-to-date: /home/abc/perception_with_ros2/install/base_msgs_per/include/base_msgs_per/base_msgs_per/srv\n'}
[0.333715] (base_msgs_per) StdoutLine: {'line': b'-- Up-to-date: /home/abc/perception_with_ros2/install/base_msgs_per/include/base_msgs_per/base_msgs_per/srv/detail\n'}
[0.333780] (base_msgs_per) StdoutLine: {'line': b'-- Up-to-date: /home/abc/perception_with_ros2/install/base_msgs_per/include/base_msgs_per/base_msgs_per/srv/detail/global_path_service__functions.h\n'}
[0.333844] (base_msgs_per) StdoutLine: {'line': b'-- Up-to-date: /home/abc/perception_with_ros2/install/base_msgs_per/include/base_msgs_per/base_msgs_per/srv/detail/pnc_map_service__struct.h\n'}
[0.333908] (base_msgs_per) StdoutLine: {'line': b'-- Up-to-date: /home/abc/perception_with_ros2/install/base_msgs_per/include/base_msgs_per/base_msgs_per/srv/detail/pnc_map_service__functions.c\n'}
[0.333972] (base_msgs_per) StdoutLine: {'line': b'-- Up-to-date: /home/abc/perception_with_ros2/install/base_msgs_per/include/base_msgs_per/base_msgs_per/srv/detail/global_path_service__type_support.h\n'}
[0.334035] (base_msgs_per) StdoutLine: {'line': b'-- Up-to-date: /home/abc/perception_with_ros2/install/base_msgs_per/include/base_msgs_per/base_msgs_per/srv/detail/global_path_service__struct.h\n'}
[0.334099] (base_msgs_per) StdoutLine: {'line': b'-- Up-to-date: /home/abc/perception_with_ros2/install/base_msgs_per/include/base_msgs_per/base_msgs_per/srv/detail/pnc_map_service__type_support.h\n'}
[0.334416] (base_msgs_per) StdoutLine: {'line': b'-- Up-to-date: /home/abc/perception_with_ros2/install/base_msgs_per/include/base_msgs_per/base_msgs_per/srv/detail/global_path_service__functions.c\n'}
[0.334510] (base_msgs_per) StdoutLine: {'line': b'-- Up-to-date: /home/abc/perception_with_ros2/install/base_msgs_per/include/base_msgs_per/base_msgs_per/srv/detail/pnc_map_service__functions.h\n'}
[0.334574] (base_msgs_per) StdoutLine: {'line': b'-- Up-to-date: /home/abc/perception_with_ros2/install/base_msgs_per/include/base_msgs_per/base_msgs_per/srv/pnc_map_service.h\n'}
[0.334638] (base_msgs_per) StdoutLine: {'line': b'-- Up-to-date: /home/abc/perception_with_ros2/install/base_msgs_per/include/base_msgs_per/base_msgs_per/srv/global_path_service.h\n'}
[0.334701] (base_msgs_per) StdoutLine: {'line': b'-- Up-to-date: /home/abc/perception_with_ros2/install/base_msgs_per/share/base_msgs_per/environment/library_path.sh\n'}
[0.334765] (base_msgs_per) StdoutLine: {'line': b'-- Up-to-date: /home/abc/perception_with_ros2/install/base_msgs_per/share/base_msgs_per/environment/library_path.dsv\n'}
[0.334829] (base_msgs_per) StdoutLine: {'line': b'-- Up-to-date: /home/abc/perception_with_ros2/install/base_msgs_per/lib/libbase_msgs_per__rosidl_generator_c.so\n'}
[0.334891] (base_msgs_per) StdoutLine: {'line': b'-- Up-to-date: /home/abc/perception_with_ros2/install/base_msgs_per/include/base_msgs_per/base_msgs_per\n'}
[0.334953] (base_msgs_per) StdoutLine: {'line': b'-- Up-to-date: /home/abc/perception_with_ros2/install/base_msgs_per/include/base_msgs_per/base_msgs_per/msg\n'}
[0.335014] (base_msgs_per) StdoutLine: {'line': b'-- Up-to-date: /home/abc/perception_with_ros2/install/base_msgs_per/include/base_msgs_per/base_msgs_per/msg/rosidl_typesupport_fastrtps_c__visibility_control.h\n'}
[0.335076] (base_msgs_per) StdoutLine: {'line': b'-- Up-to-date: /home/abc/perception_with_ros2/install/base_msgs_per/include/base_msgs_per/base_msgs_per/msg/detail\n'}
[0.335147] (base_msgs_per) StdoutLine: {'line': b'-- Up-to-date: /home/abc/perception_with_ros2/install/base_msgs_per/include/base_msgs_per/base_msgs_per/msg/detail/obs_info__rosidl_typesupport_fastrtps_c.h\n'}
[0.335242] (base_msgs_per) StdoutLine: {'line': b'-- Up-to-date: /home/abc/perception_with_ros2/install/base_msgs_per/include/base_msgs_per/base_msgs_per/msg/detail/local_trajectory_point__rosidl_typesupport_fastrtps_c.h\n'}
[0.335416] (base_msgs_per) StdoutLine: {'line': b'-- Up-to-date: /home/abc/perception_with_ros2/install/base_msgs_per/include/base_msgs_per/base_msgs_per/msg/detail/local_speeds__rosidl_typesupport_fastrtps_c.h\n'}
[0.335475] (base_msgs_per) StdoutLine: {'line': b'-- Up-to-date: /home/abc/perception_with_ros2/install/base_msgs_per/include/base_msgs_per/base_msgs_per/msg/detail/local_speeds_point__rosidl_typesupport_fastrtps_c.h\n'}
[0.335538] (base_msgs_per) StdoutLine: {'line': b'-- Up-to-date: /home/abc/perception_with_ros2/install/base_msgs_per/include/base_msgs_per/base_msgs_per/msg/detail/plot_info__rosidl_typesupport_fastrtps_c.h\n'}
[0.335600] (base_msgs_per) StdoutLine: {'line': b'-- Up-to-date: /home/abc/perception_with_ros2/install/base_msgs_per/include/base_msgs_per/base_msgs_per/msg/detail/local_trajectory__rosidl_typesupport_fastrtps_c.h\n'}
[0.335661] (base_msgs_per) StdoutLine: {'line': b'-- Up-to-date: /home/abc/perception_with_ros2/install/base_msgs_per/include/base_msgs_per/base_msgs_per/msg/detail/local_path_point__rosidl_typesupport_fastrtps_c.h\n'}
[0.335723] (base_msgs_per) StdoutLine: {'line': b'-- Up-to-date: /home/abc/perception_with_ros2/install/base_msgs_per/include/base_msgs_per/base_msgs_per/msg/detail/referline_point__rosidl_typesupport_fastrtps_c.h\n'}
[0.335784] (base_msgs_per) StdoutLine: {'line': b'-- Up-to-date: /home/abc/perception_with_ros2/install/base_msgs_per/include/base_msgs_per/base_msgs_per/msg/detail/pnc_map__rosidl_typesupport_fastrtps_c.h\n'}
[0.335846] (base_msgs_per) StdoutLine: {'line': b'-- Up-to-date: /home/abc/perception_with_ros2/install/base_msgs_per/include/base_msgs_per/base_msgs_per/msg/detail/referline__rosidl_typesupport_fastrtps_c.h\n'}
[0.335907] (base_msgs_per) StdoutLine: {'line': b'-- Up-to-date: /home/abc/perception_with_ros2/install/base_msgs_per/include/base_msgs_per/base_msgs_per/msg/detail/local_path__rosidl_typesupport_fastrtps_c.h\n'}
[0.335968] (base_msgs_per) StdoutLine: {'line': b'-- Up-to-date: /home/abc/perception_with_ros2/install/base_msgs_per/include/base_msgs_per/base_msgs_per/srv\n'}
[0.336029] (base_msgs_per) StdoutLine: {'line': b'-- Up-to-date: /home/abc/perception_with_ros2/install/base_msgs_per/include/base_msgs_per/base_msgs_per/srv/detail\n'}
[0.336090] (base_msgs_per) StdoutLine: {'line': b'-- Up-to-date: /home/abc/perception_with_ros2/install/base_msgs_per/include/base_msgs_per/base_msgs_per/srv/detail/pnc_map_service__rosidl_typesupport_fastrtps_c.h\n'}
[0.336187] (base_msgs_per) StdoutLine: {'line': b'-- Up-to-date: /home/abc/perception_with_ros2/install/base_msgs_per/include/base_msgs_per/base_msgs_per/srv/detail/global_path_service__rosidl_typesupport_fastrtps_c.h\n'}
[0.336252] (base_msgs_per) StdoutLine: {'line': b'-- Up-to-date: /home/abc/perception_with_ros2/install/base_msgs_per/lib/libbase_msgs_per__rosidl_typesupport_fastrtps_c.so\n'}
[0.336404] (base_msgs_per) StdoutLine: {'line': b'-- Up-to-date: /home/abc/perception_with_ros2/install/base_msgs_per/include/base_msgs_per/base_msgs_per\n'}
[0.336468] (base_msgs_per) StdoutLine: {'line': b'-- Up-to-date: /home/abc/perception_with_ros2/install/base_msgs_per/include/base_msgs_per/base_msgs_per/msg\n'}
[0.336529] (base_msgs_per) StdoutLine: {'line': b'-- Up-to-date: /home/abc/perception_with_ros2/install/base_msgs_per/include/base_msgs_per/base_msgs_per/msg/rosidl_typesupport_introspection_c__visibility_control.h\n'}
[0.336591] (base_msgs_per) StdoutLine: {'line': b'-- Up-to-date: /home/abc/perception_with_ros2/install/base_msgs_per/include/base_msgs_per/base_msgs_per/msg/detail\n'}
[0.336653] (base_msgs_per) StdoutLine: {'line': b'-- Up-to-date: /home/abc/perception_with_ros2/install/base_msgs_per/include/base_msgs_per/base_msgs_per/msg/detail/local_trajectory__type_support.c\n'}
[0.336789] (base_msgs_per) StdoutLine: {'line': b'-- Up-to-date: /home/abc/perception_with_ros2/install/base_msgs_per/include/base_msgs_per/base_msgs_per/msg/detail/local_path_point__rosidl_typesupport_introspection_c.h\n'}
[0.336848] (base_msgs_per) StdoutLine: {'line': b'-- Up-to-date: /home/abc/perception_with_ros2/install/base_msgs_per/include/base_msgs_per/base_msgs_per/msg/detail/local_speeds_point__type_support.c\n'}
[0.336930] (base_msgs_per) StdoutLine: {'line': b'-- Up-to-date: /home/abc/perception_with_ros2/install/base_msgs_per/include/base_msgs_per/base_msgs_per/msg/detail/referline__type_support.c\n'}
[0.336993] (base_msgs_per) StdoutLine: {'line': b'-- Up-to-date: /home/abc/perception_with_ros2/install/base_msgs_per/include/base_msgs_per/base_msgs_per/msg/detail/pnc_map__rosidl_typesupport_introspection_c.h\n'}
[0.337078] (base_msgs_per) StdoutLine: {'line': b'-- Up-to-date: /home/abc/perception_with_ros2/install/base_msgs_per/include/base_msgs_per/base_msgs_per/msg/detail/local_speeds_point__rosidl_typesupport_introspection_c.h\n'}
[0.337202] (base_msgs_per) StdoutLine: {'line': b'-- Up-to-date: /home/abc/perception_with_ros2/install/base_msgs_per/include/base_msgs_per/base_msgs_per/msg/detail/local_trajectory__rosidl_typesupport_introspection_c.h\n'}
[0.337268] (base_msgs_per) StdoutLine: {'line': b'-- Up-to-date: /home/abc/perception_with_ros2/install/base_msgs_per/include/base_msgs_per/base_msgs_per/msg/detail/local_speeds__type_support.c\n'}
[0.337330] (base_msgs_per) StdoutLine: {'line': b'-- Up-to-date: /home/abc/perception_with_ros2/install/base_msgs_per/include/base_msgs_per/base_msgs_per/msg/detail/referline_point__type_support.c\n'}
[0.337391] (base_msgs_per) StdoutLine: {'line': b'-- Up-to-date: /home/abc/perception_with_ros2/install/base_msgs_per/include/base_msgs_per/base_msgs_per/msg/detail/referline_point__rosidl_typesupport_introspection_c.h\n'}
[0.337495] (base_msgs_per) StdoutLine: {'line': b'-- Up-to-date: /home/abc/perception_with_ros2/install/base_msgs_per/include/base_msgs_per/base_msgs_per/msg/detail/pnc_map__type_support.c\n'}
[0.337556] (base_msgs_per) StdoutLine: {'line': b'-- Up-to-date: /home/abc/perception_with_ros2/install/base_msgs_per/include/base_msgs_per/base_msgs_per/msg/detail/referline__rosidl_typesupport_introspection_c.h\n'}
[0.337617] (base_msgs_per) StdoutLine: {'line': b'-- Up-to-date: /home/abc/perception_with_ros2/install/base_msgs_per/include/base_msgs_per/base_msgs_per/msg/detail/local_trajectory_point__rosidl_typesupport_introspection_c.h\n'}
[0.337678] (base_msgs_per) StdoutLine: {'line': b'-- Up-to-date: /home/abc/perception_with_ros2/install/base_msgs_per/include/base_msgs_per/base_msgs_per/msg/detail/obs_info__rosidl_typesupport_introspection_c.h\n'}
[0.337738] (base_msgs_per) StdoutLine: {'line': b'-- Up-to-date: /home/abc/perception_with_ros2/install/base_msgs_per/include/base_msgs_per/base_msgs_per/msg/detail/obs_info__type_support.c\n'}
[0.337799] (base_msgs_per) StdoutLine: {'line': b'-- Up-to-date: /home/abc/perception_with_ros2/install/base_msgs_per/include/base_msgs_per/base_msgs_per/msg/detail/local_path__type_support.c\n'}
[0.337858] (base_msgs_per) StdoutLine: {'line': b'-- Up-to-date: /home/abc/perception_with_ros2/install/base_msgs_per/include/base_msgs_per/base_msgs_per/msg/detail/local_path_point__type_support.c\n'}
[0.337917] (base_msgs_per) StdoutLine: {'line': b'-- Up-to-date: /home/abc/perception_with_ros2/install/base_msgs_per/include/base_msgs_per/base_msgs_per/msg/detail/local_trajectory_point__type_support.c\n'}
[0.337977] (base_msgs_per) StdoutLine: {'line': b'-- Up-to-date: /home/abc/perception_with_ros2/install/base_msgs_per/include/base_msgs_per/base_msgs_per/msg/detail/plot_info__type_support.c\n'}
[0.338036] (base_msgs_per) StdoutLine: {'line': b'-- Up-to-date: /home/abc/perception_with_ros2/install/base_msgs_per/include/base_msgs_per/base_msgs_per/msg/detail/local_speeds__rosidl_typesupport_introspection_c.h\n'}
[0.338130] (base_msgs_per) StdoutLine: {'line': b'-- Up-to-date: /home/abc/perception_with_ros2/install/base_msgs_per/include/base_msgs_per/base_msgs_per/msg/detail/local_path__rosidl_typesupport_introspection_c.h\n'}
[0.338230] (base_msgs_per) StdoutLine: {'line': b'-- Up-to-date: /home/abc/perception_with_ros2/install/base_msgs_per/include/base_msgs_per/base_msgs_per/msg/detail/plot_info__rosidl_typesupport_introspection_c.h\n'}
[0.338429] (base_msgs_per) StdoutLine: {'line': b'-- Up-to-date: /home/abc/perception_with_ros2/install/base_msgs_per/include/base_msgs_per/base_msgs_per/srv\n'}
[0.338533] (base_msgs_per) StdoutLine: {'line': b'-- Up-to-date: /home/abc/perception_with_ros2/install/base_msgs_per/include/base_msgs_per/base_msgs_per/srv/detail\n'}
[0.338626] (base_msgs_per) StdoutLine: {'line': b'-- Up-to-date: /home/abc/perception_with_ros2/install/base_msgs_per/include/base_msgs_per/base_msgs_per/srv/detail/global_path_service__type_support.c\n'}
[0.338724] (base_msgs_per) StdoutLine: {'line': b'-- Up-to-date: /home/abc/perception_with_ros2/install/base_msgs_per/include/base_msgs_per/base_msgs_per/srv/detail/global_path_service__rosidl_typesupport_introspection_c.h\n'}
[0.338827] (base_msgs_per) StdoutLine: {'line': b'-- Up-to-date: /home/abc/perception_with_ros2/install/base_msgs_per/include/base_msgs_per/base_msgs_per/srv/detail/pnc_map_service__rosidl_typesupport_introspection_c.h\n'}
[0.338923] (base_msgs_per) StdoutLine: {'line': b'-- Up-to-date: /home/abc/perception_with_ros2/install/base_msgs_per/include/base_msgs_per/base_msgs_per/srv/detail/pnc_map_service__type_support.c\n'}
[0.339085] (base_msgs_per) StdoutLine: {'line': b'-- Up-to-date: /home/abc/perception_with_ros2/install/base_msgs_per/lib/libbase_msgs_per__rosidl_typesupport_introspection_c.so\n'}
[0.339203] (base_msgs_per) StdoutLine: {'line': b'-- Up-to-date: /home/abc/perception_with_ros2/install/base_msgs_per/lib/libbase_msgs_per__rosidl_typesupport_c.so\n'}
[0.339308] (base_msgs_per) StdoutLine: {'line': b'-- Up-to-date: /home/abc/perception_with_ros2/install/base_msgs_per/include/base_msgs_per/base_msgs_per\n'}
[0.339406] (base_msgs_per) StdoutLine: {'line': b'-- Up-to-date: /home/abc/perception_with_ros2/install/base_msgs_per/include/base_msgs_per/base_msgs_per/msg\n'}
[0.339505] (base_msgs_per) StdoutLine: {'line': b'-- Up-to-date: /home/abc/perception_with_ros2/install/base_msgs_per/include/base_msgs_per/base_msgs_per/msg/local_speeds.hpp\n'}
[0.339605] (base_msgs_per) StdoutLine: {'line': b'-- Up-to-date: /home/abc/perception_with_ros2/install/base_msgs_per/include/base_msgs_per/base_msgs_per/msg/local_path_point.hpp\n'}
[0.339693] (base_msgs_per) StdoutLine: {'line': b'-- Up-to-date: /home/abc/perception_with_ros2/install/base_msgs_per/include/base_msgs_per/base_msgs_per/msg/detail\n'}
[0.339791] (base_msgs_per) StdoutLine: {'line': b'-- Up-to-date: /home/abc/perception_with_ros2/install/base_msgs_per/include/base_msgs_per/base_msgs_per/msg/detail/pnc_map__traits.hpp\n'}
[0.339889] (base_msgs_per) StdoutLine: {'line': b'-- Up-to-date: /home/abc/perception_with_ros2/install/base_msgs_per/include/base_msgs_per/base_msgs_per/msg/detail/local_trajectory_point__type_support.hpp\n'}
[0.339990] (base_msgs_per) StdoutLine: {'line': b'-- Up-to-date: /home/abc/perception_with_ros2/install/base_msgs_per/include/base_msgs_per/base_msgs_per/msg/detail/obs_info__builder.hpp\n'}
[0.340079] (base_msgs_per) StdoutLine: {'line': b'-- Up-to-date: /home/abc/perception_with_ros2/install/base_msgs_per/include/base_msgs_per/base_msgs_per/msg/detail/referline_point__type_support.hpp\n'}
[0.340164] (base_msgs_per) StdoutLine: {'line': b'-- Up-to-date: /home/abc/perception_with_ros2/install/base_msgs_per/include/base_msgs_per/base_msgs_per/msg/detail/local_path__struct.hpp\n'}
[0.340225] (base_msgs_per) StdoutLine: {'line': b'-- Up-to-date: /home/abc/perception_with_ros2/install/base_msgs_per/include/base_msgs_per/base_msgs_per/msg/detail/plot_info__struct.hpp\n'}
[0.340280] (base_msgs_per) StdoutLine: {'line': b'-- Up-to-date: /home/abc/perception_with_ros2/install/base_msgs_per/include/base_msgs_per/base_msgs_per/msg/detail/pnc_map__builder.hpp\n'}
[0.340340] (base_msgs_per) StdoutLine: {'line': b'-- Up-to-date: /home/abc/perception_with_ros2/install/base_msgs_per/include/base_msgs_per/base_msgs_per/msg/detail/plot_info__builder.hpp\n'}
[0.340396] (base_msgs_per) StdoutLine: {'line': b'-- Up-to-date: /home/abc/perception_with_ros2/install/base_msgs_per/include/base_msgs_per/base_msgs_per/msg/detail/referline__traits.hpp\n'}
[0.340451] (base_msgs_per) StdoutLine: {'line': b'-- Up-to-date: /home/abc/perception_with_ros2/install/base_msgs_per/include/base_msgs_per/base_msgs_per/msg/detail/local_speeds_point__struct.hpp\n'}
[0.340506] (base_msgs_per) StdoutLine: {'line': b'-- Up-to-date: /home/abc/perception_with_ros2/install/base_msgs_per/include/base_msgs_per/base_msgs_per/msg/detail/local_trajectory__type_support.hpp\n'}
[0.340561] (base_msgs_per) StdoutLine: {'line': b'-- Up-to-date: /home/abc/perception_with_ros2/install/base_msgs_per/include/base_msgs_per/base_msgs_per/msg/detail/local_path_point__struct.hpp\n'}
[0.340615] (base_msgs_per) StdoutLine: {'line': b'-- Up-to-date: /home/abc/perception_with_ros2/install/base_msgs_per/include/base_msgs_per/base_msgs_per/msg/detail/local_speeds__builder.hpp\n'}
[0.340671] (base_msgs_per) StdoutLine: {'line': b'-- Up-to-date: /home/abc/perception_with_ros2/install/base_msgs_per/include/base_msgs_per/base_msgs_per/msg/detail/local_path__traits.hpp\n'}
[0.340727] (base_msgs_per) StdoutLine: {'line': b'-- Up-to-date: /home/abc/perception_with_ros2/install/base_msgs_per/include/base_msgs_per/base_msgs_per/msg/detail/local_trajectory__struct.hpp\n'}
[0.340785] (base_msgs_per) StdoutLine: {'line': b'-- Up-to-date: /home/abc/perception_with_ros2/install/base_msgs_per/include/base_msgs_per/base_msgs_per/msg/detail/local_speeds_point__traits.hpp\n'}
[0.340842] (base_msgs_per) StdoutLine: {'line': b'-- Up-to-date: /home/abc/perception_with_ros2/install/base_msgs_per/include/base_msgs_per/base_msgs_per/msg/detail/local_speeds_point__type_support.hpp\n'}
[0.340899] (base_msgs_per) StdoutLine: {'line': b'-- Up-to-date: /home/abc/perception_with_ros2/install/base_msgs_per/include/base_msgs_per/base_msgs_per/msg/detail/local_path__builder.hpp\n'}
[0.340955] (base_msgs_per) StdoutLine: {'line': b'-- Up-to-date: /home/abc/perception_with_ros2/install/base_msgs_per/include/base_msgs_per/base_msgs_per/msg/detail/plot_info__type_support.hpp\n'}
[0.341011] (base_msgs_per) StdoutLine: {'line': b'-- Up-to-date: /home/abc/perception_with_ros2/install/base_msgs_per/include/base_msgs_per/base_msgs_per/msg/detail/referline_point__builder.hpp\n'}
[0.341068] (base_msgs_per) StdoutLine: {'line': b'-- Up-to-date: /home/abc/perception_with_ros2/install/base_msgs_per/include/base_msgs_per/base_msgs_per/msg/detail/obs_info__type_support.hpp\n'}
[0.341129] (base_msgs_per) StdoutLine: {'line': b'-- Up-to-date: /home/abc/perception_with_ros2/install/base_msgs_per/include/base_msgs_per/base_msgs_per/msg/detail/referline__builder.hpp\n'}
[0.341193] (base_msgs_per) StdoutLine: {'line': b'-- Up-to-date: /home/abc/perception_with_ros2/install/base_msgs_per/include/base_msgs_per/base_msgs_per/msg/detail/pnc_map__struct.hpp\n'}
[0.341250] (base_msgs_per) StdoutLine: {'line': b'-- Up-to-date: /home/abc/perception_with_ros2/install/base_msgs_per/include/base_msgs_per/base_msgs_per/msg/detail/local_path_point__traits.hpp\n'}
[0.341306] (base_msgs_per) StdoutLine: {'line': b'-- Up-to-date: /home/abc/perception_with_ros2/install/base_msgs_per/include/base_msgs_per/base_msgs_per/msg/detail/local_speeds__type_support.hpp\n'}
[0.341363] (base_msgs_per) StdoutLine: {'line': b'-- Up-to-date: /home/abc/perception_with_ros2/install/base_msgs_per/include/base_msgs_per/base_msgs_per/msg/detail/obs_info__traits.hpp\n'}
[0.341420] (base_msgs_per) StdoutLine: {'line': b'-- Up-to-date: /home/abc/perception_with_ros2/install/base_msgs_per/include/base_msgs_per/base_msgs_per/msg/detail/local_trajectory__builder.hpp\n'}
[0.341477] (base_msgs_per) StdoutLine: {'line': b'-- Up-to-date: /home/abc/perception_with_ros2/install/base_msgs_per/include/base_msgs_per/base_msgs_per/msg/detail/local_trajectory__traits.hpp\n'}
[0.341539] (base_msgs_per) StdoutLine: {'line': b'-- Up-to-date: /home/abc/perception_with_ros2/install/base_msgs_per/include/base_msgs_per/base_msgs_per/msg/detail/referline__struct.hpp\n'}
[0.341594] (base_msgs_per) StdoutLine: {'line': b'-- Up-to-date: /home/abc/perception_with_ros2/install/base_msgs_per/include/base_msgs_per/base_msgs_per/msg/detail/referline__type_support.hpp\n'}
[0.341651] (base_msgs_per) StdoutLine: {'line': b'-- Up-to-date: /home/abc/perception_with_ros2/install/base_msgs_per/include/base_msgs_per/base_msgs_per/msg/detail/referline_point__struct.hpp\n'}
[0.341707] (base_msgs_per) StdoutLine: {'line': b'-- Up-to-date: /home/abc/perception_with_ros2/install/base_msgs_per/include/base_msgs_per/base_msgs_per/msg/detail/plot_info__traits.hpp\n'}
[0.341770] (base_msgs_per) StdoutLine: {'line': b'-- Up-to-date: /home/abc/perception_with_ros2/install/base_msgs_per/include/base_msgs_per/base_msgs_per/msg/detail/local_trajectory_point__builder.hpp\n'}
[0.341826] (base_msgs_per) StdoutLine: {'line': b'-- Up-to-date: /home/abc/perception_with_ros2/install/base_msgs_per/include/base_msgs_per/base_msgs_per/msg/detail/local_speeds__traits.hpp\n'}
[0.341881] (base_msgs_per) StdoutLine: {'line': b'-- Up-to-date: /home/abc/perception_with_ros2/install/base_msgs_per/include/base_msgs_per/base_msgs_per/msg/detail/local_trajectory_point__traits.hpp\n'}
[0.341937] (base_msgs_per) StdoutLine: {'line': b'-- Up-to-date: /home/abc/perception_with_ros2/install/base_msgs_per/include/base_msgs_per/base_msgs_per/msg/detail/local_path__type_support.hpp\n'}
[0.341992] (base_msgs_per) StdoutLine: {'line': b'-- Up-to-date: /home/abc/perception_with_ros2/install/base_msgs_per/include/base_msgs_per/base_msgs_per/msg/detail/local_path_point__type_support.hpp\n'}
[0.342048] (base_msgs_per) StdoutLine: {'line': b'-- Up-to-date: /home/abc/perception_with_ros2/install/base_msgs_per/include/base_msgs_per/base_msgs_per/msg/detail/local_trajectory_point__struct.hpp\n'}
[0.342103] (base_msgs_per) StdoutLine: {'line': b'-- Up-to-date: /home/abc/perception_with_ros2/install/base_msgs_per/include/base_msgs_per/base_msgs_per/msg/detail/obs_info__struct.hpp\n'}
[0.342169] (base_msgs_per) StdoutLine: {'line': b'-- Up-to-date: /home/abc/perception_with_ros2/install/base_msgs_per/include/base_msgs_per/base_msgs_per/msg/detail/referline_point__traits.hpp\n'}
[0.342226] (base_msgs_per) StdoutLine: {'line': b'-- Up-to-date: /home/abc/perception_with_ros2/install/base_msgs_per/include/base_msgs_per/base_msgs_per/msg/detail/local_speeds_point__builder.hpp\n'}
[0.342282] (base_msgs_per) StdoutLine: {'line': b'-- Up-to-date: /home/abc/perception_with_ros2/install/base_msgs_per/include/base_msgs_per/base_msgs_per/msg/detail/pnc_map__type_support.hpp\n'}
[0.342342] (base_msgs_per) StdoutLine: {'line': b'-- Up-to-date: /home/abc/perception_with_ros2/install/base_msgs_per/include/base_msgs_per/base_msgs_per/msg/detail/local_speeds__struct.hpp\n'}
[0.342397] (base_msgs_per) StdoutLine: {'line': b'-- Up-to-date: /home/abc/perception_with_ros2/install/base_msgs_per/include/base_msgs_per/base_msgs_per/msg/detail/local_path_point__builder.hpp\n'}
[0.342454] (base_msgs_per) StdoutLine: {'line': b'-- Up-to-date: /home/abc/perception_with_ros2/install/base_msgs_per/include/base_msgs_per/base_msgs_per/msg/local_path.hpp\n'}
[0.342510] (base_msgs_per) StdoutLine: {'line': b'-- Up-to-date: /home/abc/perception_with_ros2/install/base_msgs_per/include/base_msgs_per/base_msgs_per/msg/rosidl_generator_cpp__visibility_control.hpp\n'}
[0.342566] (base_msgs_per) StdoutLine: {'line': b'-- Up-to-date: /home/abc/perception_with_ros2/install/base_msgs_per/include/base_msgs_per/base_msgs_per/msg/referline.hpp\n'}
[0.342622] (base_msgs_per) StdoutLine: {'line': b'-- Up-to-date: /home/abc/perception_with_ros2/install/base_msgs_per/include/base_msgs_per/base_msgs_per/msg/local_trajectory_point.hpp\n'}
[0.342677] (base_msgs_per) StdoutLine: {'line': b'-- Up-to-date: /home/abc/perception_with_ros2/install/base_msgs_per/include/base_msgs_per/base_msgs_per/msg/obs_info.hpp\n'}
[0.342737] (base_msgs_per) StdoutLine: {'line': b'-- Up-to-date: /home/abc/perception_with_ros2/install/base_msgs_per/include/base_msgs_per/base_msgs_per/msg/plot_info.hpp\n'}
[0.342793] (base_msgs_per) StdoutLine: {'line': b'-- Up-to-date: /home/abc/perception_with_ros2/install/base_msgs_per/include/base_msgs_per/base_msgs_per/msg/local_trajectory.hpp\n'}
[0.342848] (base_msgs_per) StdoutLine: {'line': b'-- Up-to-date: /home/abc/perception_with_ros2/install/base_msgs_per/include/base_msgs_per/base_msgs_per/msg/local_speeds_point.hpp\n'}
[0.342905] (base_msgs_per) StdoutLine: {'line': b'-- Up-to-date: /home/abc/perception_with_ros2/install/base_msgs_per/include/base_msgs_per/base_msgs_per/msg/pnc_map.hpp\n'}
[0.342960] (base_msgs_per) StdoutLine: {'line': b'-- Up-to-date: /home/abc/perception_with_ros2/install/base_msgs_per/include/base_msgs_per/base_msgs_per/msg/referline_point.hpp\n'}
[0.343017] (base_msgs_per) StdoutLine: {'line': b'-- Up-to-date: /home/abc/perception_with_ros2/install/base_msgs_per/include/base_msgs_per/base_msgs_per/srv\n'}
[0.343071] (base_msgs_per) StdoutLine: {'line': b'-- Up-to-date: /home/abc/perception_with_ros2/install/base_msgs_per/include/base_msgs_per/base_msgs_per/srv/pnc_map_service.hpp\n'}
[0.343132] (base_msgs_per) StdoutLine: {'line': b'-- Up-to-date: /home/abc/perception_with_ros2/install/base_msgs_per/include/base_msgs_per/base_msgs_per/srv/detail\n'}
[0.343195] (base_msgs_per) StdoutLine: {'line': b'-- Up-to-date: /home/abc/perception_with_ros2/install/base_msgs_per/include/base_msgs_per/base_msgs_per/srv/detail/global_path_service__builder.hpp\n'}
[0.343274] (base_msgs_per) StdoutLine: {'line': b'-- Up-to-date: /home/abc/perception_with_ros2/install/base_msgs_per/include/base_msgs_per/base_msgs_per/srv/detail/pnc_map_service__traits.hpp\n'}
[0.343333] (base_msgs_per) StdoutLine: {'line': b'-- Up-to-date: /home/abc/perception_with_ros2/install/base_msgs_per/include/base_msgs_per/base_msgs_per/srv/detail/pnc_map_service__type_support.hpp\n'}
[0.343390] (base_msgs_per) StdoutLine: {'line': b'-- Up-to-date: /home/abc/perception_with_ros2/install/base_msgs_per/include/base_msgs_per/base_msgs_per/srv/detail/global_path_service__struct.hpp\n'}
[0.343445] (base_msgs_per) StdoutLine: {'line': b'-- Up-to-date: /home/abc/perception_with_ros2/install/base_msgs_per/include/base_msgs_per/base_msgs_per/srv/detail/pnc_map_service__builder.hpp\n'}
[0.343512] (base_msgs_per) StdoutLine: {'line': b'-- Up-to-date: /home/abc/perception_with_ros2/install/base_msgs_per/include/base_msgs_per/base_msgs_per/srv/detail/global_path_service__type_support.hpp\n'}
[0.343567] (base_msgs_per) StdoutLine: {'line': b'-- Up-to-date: /home/abc/perception_with_ros2/install/base_msgs_per/include/base_msgs_per/base_msgs_per/srv/detail/global_path_service__traits.hpp\n'}
[0.343623] (base_msgs_per) StdoutLine: {'line': b'-- Up-to-date: /home/abc/perception_with_ros2/install/base_msgs_per/include/base_msgs_per/base_msgs_per/srv/detail/pnc_map_service__struct.hpp\n'}
[0.343678] (base_msgs_per) StdoutLine: {'line': b'-- Up-to-date: /home/abc/perception_with_ros2/install/base_msgs_per/include/base_msgs_per/base_msgs_per/srv/global_path_service.hpp\n'}
[0.343733] (base_msgs_per) StdoutLine: {'line': b'-- Up-to-date: /home/abc/perception_with_ros2/install/base_msgs_per/include/base_msgs_per/base_msgs_per\n'}
[0.343788] (base_msgs_per) StdoutLine: {'line': b'-- Up-to-date: /home/abc/perception_with_ros2/install/base_msgs_per/include/base_msgs_per/base_msgs_per/msg\n'}
[0.343843] (base_msgs_per) StdoutLine: {'line': b'-- Up-to-date: /home/abc/perception_with_ros2/install/base_msgs_per/include/base_msgs_per/base_msgs_per/msg/detail\n'}
[0.343899] (base_msgs_per) StdoutLine: {'line': b'-- Up-to-date: /home/abc/perception_with_ros2/install/base_msgs_per/include/base_msgs_per/base_msgs_per/msg/detail/local_path__rosidl_typesupport_fastrtps_cpp.hpp\n'}
[0.343958] (base_msgs_per) StdoutLine: {'line': b'-- Up-to-date: /home/abc/perception_with_ros2/install/base_msgs_per/include/base_msgs_per/base_msgs_per/msg/detail/referline__rosidl_typesupport_fastrtps_cpp.hpp\n'}
[0.344019] (base_msgs_per) StdoutLine: {'line': b'-- Up-to-date: /home/abc/perception_with_ros2/install/base_msgs_per/include/base_msgs_per/base_msgs_per/msg/detail/local_trajectory__rosidl_typesupport_fastrtps_cpp.hpp\n'}
[0.344075] (base_msgs_per) StdoutLine: {'line': b'-- Up-to-date: /home/abc/perception_with_ros2/install/base_msgs_per/include/base_msgs_per/base_msgs_per/msg/detail/local_trajectory_point__rosidl_typesupport_fastrtps_cpp.hpp\n'}
[0.344143] (base_msgs_per) StdoutLine: {'line': b'-- Up-to-date: /home/abc/perception_with_ros2/install/base_msgs_per/include/base_msgs_per/base_msgs_per/msg/detail/obs_info__rosidl_typesupport_fastrtps_cpp.hpp\n'}
[0.344205] (base_msgs_per) StdoutLine: {'line': b'-- Up-to-date: /home/abc/perception_with_ros2/install/base_msgs_per/include/base_msgs_per/base_msgs_per/msg/detail/local_path_point__rosidl_typesupport_fastrtps_cpp.hpp\n'}
[0.344261] (base_msgs_per) StdoutLine: {'line': b'-- Up-to-date: /home/abc/perception_with_ros2/install/base_msgs_per/include/base_msgs_per/base_msgs_per/msg/detail/referline_point__rosidl_typesupport_fastrtps_cpp.hpp\n'}
[0.344318] (base_msgs_per) StdoutLine: {'line': b'-- Up-to-date: /home/abc/perception_with_ros2/install/base_msgs_per/include/base_msgs_per/base_msgs_per/msg/detail/pnc_map__rosidl_typesupport_fastrtps_cpp.hpp\n'}
[0.344373] (base_msgs_per) StdoutLine: {'line': b'-- Up-to-date: /home/abc/perception_with_ros2/install/base_msgs_per/include/base_msgs_per/base_msgs_per/msg/detail/local_speeds__rosidl_typesupport_fastrtps_cpp.hpp\n'}
[0.344431] (base_msgs_per) StdoutLine: {'line': b'-- Up-to-date: /home/abc/perception_with_ros2/install/base_msgs_per/include/base_msgs_per/base_msgs_per/msg/detail/dds_fastrtps\n'}
[0.344486] (base_msgs_per) StdoutLine: {'line': b'-- Up-to-date: /home/abc/perception_with_ros2/install/base_msgs_per/include/base_msgs_per/base_msgs_per/msg/detail/local_speeds_point__rosidl_typesupport_fastrtps_cpp.hpp\n'}
[0.344542] (base_msgs_per) StdoutLine: {'line': b'-- Up-to-date: /home/abc/perception_with_ros2/install/base_msgs_per/include/base_msgs_per/base_msgs_per/msg/detail/plot_info__rosidl_typesupport_fastrtps_cpp.hpp\n'}
[0.344597] (base_msgs_per) StdoutLine: {'line': b'-- Up-to-date: /home/abc/perception_with_ros2/install/base_msgs_per/include/base_msgs_per/base_msgs_per/msg/rosidl_typesupport_fastrtps_cpp__visibility_control.h\n'}
[0.344651] (base_msgs_per) StdoutLine: {'line': b'-- Up-to-date: /home/abc/perception_with_ros2/install/base_msgs_per/include/base_msgs_per/base_msgs_per/srv\n'}
[0.344706] (base_msgs_per) StdoutLine: {'line': b'-- Up-to-date: /home/abc/perception_with_ros2/install/base_msgs_per/include/base_msgs_per/base_msgs_per/srv/detail\n'}
[0.344761] (base_msgs_per) StdoutLine: {'line': b'-- Up-to-date: /home/abc/perception_with_ros2/install/base_msgs_per/include/base_msgs_per/base_msgs_per/srv/detail/global_path_service__rosidl_typesupport_fastrtps_cpp.hpp\n'}
[0.344815] (base_msgs_per) StdoutLine: {'line': b'-- Up-to-date: /home/abc/perception_with_ros2/install/base_msgs_per/include/base_msgs_per/base_msgs_per/srv/detail/pnc_map_service__rosidl_typesupport_fastrtps_cpp.hpp\n'}
[0.344870] (base_msgs_per) StdoutLine: {'line': b'-- Up-to-date: /home/abc/perception_with_ros2/install/base_msgs_per/include/base_msgs_per/base_msgs_per/srv/detail/dds_fastrtps\n'}
[0.344925] (base_msgs_per) StdoutLine: {'line': b'-- Up-to-date: /home/abc/perception_with_ros2/install/base_msgs_per/lib/libbase_msgs_per__rosidl_typesupport_fastrtps_cpp.so\n'}
[0.344980] (base_msgs_per) StdoutLine: {'line': b'-- Up-to-date: /home/abc/perception_with_ros2/install/base_msgs_per/include/base_msgs_per/base_msgs_per\n'}
[0.345034] (base_msgs_per) StdoutLine: {'line': b'-- Up-to-date: /home/abc/perception_with_ros2/install/base_msgs_per/include/base_msgs_per/base_msgs_per/msg\n'}
[0.345088] (base_msgs_per) StdoutLine: {'line': b'-- Up-to-date: /home/abc/perception_with_ros2/install/base_msgs_per/include/base_msgs_per/base_msgs_per/msg/detail\n'}
[0.345168] (base_msgs_per) StdoutLine: {'line': b'-- Up-to-date: /home/abc/perception_with_ros2/install/base_msgs_per/include/base_msgs_per/base_msgs_per/msg/detail/local_trajectory__type_support.cpp\n'}
[0.345227] (base_msgs_per) StdoutLine: {'line': b'-- Up-to-date: /home/abc/perception_with_ros2/install/base_msgs_per/include/base_msgs_per/base_msgs_per/msg/detail/local_speeds_point__type_support.cpp\n'}
[0.345283] (base_msgs_per) StdoutLine: {'line': b'-- Up-to-date: /home/abc/perception_with_ros2/install/base_msgs_per/include/base_msgs_per/base_msgs_per/msg/detail/local_speeds_point__rosidl_typesupport_introspection_cpp.hpp\n'}
[0.345341] (base_msgs_per) StdoutLine: {'line': b'-- Up-to-date: /home/abc/perception_with_ros2/install/base_msgs_per/include/base_msgs_per/base_msgs_per/msg/detail/pnc_map__type_support.cpp\n'}
[0.345396] (base_msgs_per) StdoutLine: {'line': b'-- Up-to-date: /home/abc/perception_with_ros2/install/base_msgs_per/include/base_msgs_per/base_msgs_per/msg/detail/referline__type_support.cpp\n'}
[0.345455] (base_msgs_per) StdoutLine: {'line': b'-- Up-to-date: /home/abc/perception_with_ros2/install/base_msgs_per/include/base_msgs_per/base_msgs_per/msg/detail/obs_info__rosidl_typesupport_introspection_cpp.hpp\n'}
[0.345513] (base_msgs_per) StdoutLine: {'line': b'-- Up-to-date: /home/abc/perception_with_ros2/install/base_msgs_per/include/base_msgs_per/base_msgs_per/msg/detail/referline__rosidl_typesupport_introspection_cpp.hpp\n'}
[0.345569] (base_msgs_per) StdoutLine: {'line': b'-- Up-to-date: /home/abc/perception_with_ros2/install/base_msgs_per/include/base_msgs_per/base_msgs_per/msg/detail/local_speeds__type_support.cpp\n'}
[0.345625] (base_msgs_per) StdoutLine: {'line': b'-- Up-to-date: /home/abc/perception_with_ros2/install/base_msgs_per/include/base_msgs_per/base_msgs_per/msg/detail/local_trajectory_point__rosidl_typesupport_introspection_cpp.hpp\n'}
[0.345681] (base_msgs_per) StdoutLine: {'line': b'-- Up-to-date: /home/abc/perception_with_ros2/install/base_msgs_per/include/base_msgs_per/base_msgs_per/msg/detail/plot_info__type_support.cpp\n'}
[0.345737] (base_msgs_per) StdoutLine: {'line': b'-- Up-to-date: /home/abc/perception_with_ros2/install/base_msgs_per/include/base_msgs_per/base_msgs_per/msg/detail/local_path__rosidl_typesupport_introspection_cpp.hpp\n'}
[0.345794] (base_msgs_per) StdoutLine: {'line': b'-- Up-to-date: /home/abc/perception_with_ros2/install/base_msgs_per/include/base_msgs_per/base_msgs_per/msg/detail/local_path_point__type_support.cpp\n'}
[0.345850] (base_msgs_per) StdoutLine: {'line': b'-- Up-to-date: /home/abc/perception_with_ros2/install/base_msgs_per/include/base_msgs_per/base_msgs_per/msg/detail/pnc_map__rosidl_typesupport_introspection_cpp.hpp\n'}
[0.345905] (base_msgs_per) StdoutLine: {'line': b'-- Up-to-date: /home/abc/perception_with_ros2/install/base_msgs_per/include/base_msgs_per/base_msgs_per/msg/detail/plot_info__rosidl_typesupport_introspection_cpp.hpp\n'}
[0.345962] (base_msgs_per) StdoutLine: {'line': b'-- Up-to-date: /home/abc/perception_with_ros2/install/base_msgs_per/include/base_msgs_per/base_msgs_per/msg/detail/local_trajectory__rosidl_typesupport_introspection_cpp.hpp\n'}
[0.346017] (base_msgs_per) StdoutLine: {'line': b'-- Up-to-date: /home/abc/perception_with_ros2/install/base_msgs_per/include/base_msgs_per/base_msgs_per/msg/detail/referline_point__type_support.cpp\n'}
[0.346102] (base_msgs_per) StdoutLine: {'line': b'-- Up-to-date: /home/abc/perception_with_ros2/install/base_msgs_per/include/base_msgs_per/base_msgs_per/msg/detail/obs_info__type_support.cpp\n'}
[0.346172] (base_msgs_per) StdoutLine: {'line': b'-- Up-to-date: /home/abc/perception_with_ros2/install/base_msgs_per/include/base_msgs_per/base_msgs_per/msg/detail/referline_point__rosidl_typesupport_introspection_cpp.hpp\n'}
[0.346229] (base_msgs_per) StdoutLine: {'line': b'-- Up-to-date: /home/abc/perception_with_ros2/install/base_msgs_per/include/base_msgs_per/base_msgs_per/msg/detail/local_speeds__rosidl_typesupport_introspection_cpp.hpp\n'}
[0.346287] (base_msgs_per) StdoutLine: {'line': b'-- Up-to-date: /home/abc/perception_with_ros2/install/base_msgs_per/include/base_msgs_per/base_msgs_per/msg/detail/local_path__type_support.cpp\n'}
[0.346347] (base_msgs_per) StdoutLine: {'line': b'-- Up-to-date: /home/abc/perception_with_ros2/install/base_msgs_per/include/base_msgs_per/base_msgs_per/msg/detail/local_trajectory_point__type_support.cpp\n'}
[0.346410] (base_msgs_per) StdoutLine: {'line': b'-- Up-to-date: /home/abc/perception_with_ros2/install/base_msgs_per/include/base_msgs_per/base_msgs_per/msg/detail/local_path_point__rosidl_typesupport_introspection_cpp.hpp\n'}
[0.346501] (base_msgs_per) StdoutLine: {'line': b'-- Up-to-date: /home/abc/perception_with_ros2/install/base_msgs_per/include/base_msgs_per/base_msgs_per/srv\n'}
[0.346590] (base_msgs_per) StdoutLine: {'line': b'-- Up-to-date: /home/abc/perception_with_ros2/install/base_msgs_per/include/base_msgs_per/base_msgs_per/srv/detail\n'}
[0.346674] (base_msgs_per) StdoutLine: {'line': b'-- Up-to-date: /home/abc/perception_with_ros2/install/base_msgs_per/include/base_msgs_per/base_msgs_per/srv/detail/pnc_map_service__rosidl_typesupport_introspection_cpp.hpp\n'}
[0.346760] (base_msgs_per) StdoutLine: {'line': b'-- Up-to-date: /home/abc/perception_with_ros2/install/base_msgs_per/include/base_msgs_per/base_msgs_per/srv/detail/pnc_map_service__type_support.cpp\n'}
[0.346864] (base_msgs_per) StdoutLine: {'line': b'-- Up-to-date: /home/abc/perception_with_ros2/install/base_msgs_per/include/base_msgs_per/base_msgs_per/srv/detail/global_path_service__type_support.cpp\n'}
[0.346959] (base_msgs_per) StdoutLine: {'line': b'-- Up-to-date: /home/abc/perception_with_ros2/install/base_msgs_per/include/base_msgs_per/base_msgs_per/srv/detail/global_path_service__rosidl_typesupport_introspection_cpp.hpp\n'}
[0.347056] (base_msgs_per) StdoutLine: {'line': b'-- Up-to-date: /home/abc/perception_with_ros2/install/base_msgs_per/lib/libbase_msgs_per__rosidl_typesupport_introspection_cpp.so\n'}
[0.347149] (base_msgs_per) StdoutLine: {'line': b'-- Up-to-date: /home/abc/perception_with_ros2/install/base_msgs_per/lib/libbase_msgs_per__rosidl_typesupport_cpp.so\n'}
[0.347212] (base_msgs_per) StdoutLine: {'line': b'-- Up-to-date: /home/abc/perception_with_ros2/install/base_msgs_per/share/base_msgs_per/environment/pythonpath.sh\n'}
[0.347273] (base_msgs_per) StdoutLine: {'line': b'-- Up-to-date: /home/abc/perception_with_ros2/install/base_msgs_per/share/base_msgs_per/environment/pythonpath.dsv\n'}
[0.347329] (base_msgs_per) StdoutLine: {'line': b'-- Up-to-date: /home/abc/perception_with_ros2/install/base_msgs_per/local/lib/python3.10/dist-packages/base_msgs_per-0.0.0-py3.10.egg-info\n'}
[0.347385] (base_msgs_per) StdoutLine: {'line': b'-- Installing: /home/abc/perception_with_ros2/install/base_msgs_per/local/lib/python3.10/dist-packages/base_msgs_per-0.0.0-py3.10.egg-info/dependency_links.txt\n'}
[0.347441] (base_msgs_per) StdoutLine: {'line': b'-- Installing: /home/abc/perception_with_ros2/install/base_msgs_per/local/lib/python3.10/dist-packages/base_msgs_per-0.0.0-py3.10.egg-info/SOURCES.txt\n'}
[0.347500] (base_msgs_per) StdoutLine: {'line': b'-- Installing: /home/abc/perception_with_ros2/install/base_msgs_per/local/lib/python3.10/dist-packages/base_msgs_per-0.0.0-py3.10.egg-info/top_level.txt\n'}
[0.347555] (base_msgs_per) StdoutLine: {'line': b'-- Installing: /home/abc/perception_with_ros2/install/base_msgs_per/local/lib/python3.10/dist-packages/base_msgs_per-0.0.0-py3.10.egg-info/PKG-INFO\n'}
[0.347610] (base_msgs_per) StdoutLine: {'line': b'-- Up-to-date: /home/abc/perception_with_ros2/install/base_msgs_per/local/lib/python3.10/dist-packages/base_msgs_per\n'}
[0.347665] (base_msgs_per) StdoutLine: {'line': b'-- Up-to-date: /home/abc/perception_with_ros2/install/base_msgs_per/local/lib/python3.10/dist-packages/base_msgs_per/_base_msgs_per_s.ep.rosidl_typesupport_fastrtps_c.c\n'}
[0.347720] (base_msgs_per) StdoutLine: {'line': b'-- Up-to-date: /home/abc/perception_with_ros2/install/base_msgs_per/local/lib/python3.10/dist-packages/base_msgs_per/msg\n'}
[0.347775] (base_msgs_per) StdoutLine: {'line': b'-- Up-to-date: /home/abc/perception_with_ros2/install/base_msgs_per/local/lib/python3.10/dist-packages/base_msgs_per/msg/_obs_info.py\n'}
[0.347835] (base_msgs_per) StdoutLine: {'line': b'-- Up-to-date: /home/abc/perception_with_ros2/install/base_msgs_per/local/lib/python3.10/dist-packages/base_msgs_per/msg/_referline_s.c\n'}
[0.347890] (base_msgs_per) StdoutLine: {'line': b'-- Up-to-date: /home/abc/perception_with_ros2/install/base_msgs_per/local/lib/python3.10/dist-packages/base_msgs_per/msg/_local_path_s.c\n'}
[0.347946] (base_msgs_per) StdoutLine: {'line': b'-- Up-to-date: /home/abc/perception_with_ros2/install/base_msgs_per/local/lib/python3.10/dist-packages/base_msgs_per/msg/_local_speeds.py\n'}
[0.348003] (base_msgs_per) StdoutLine: {'line': b'-- Up-to-date: /home/abc/perception_with_ros2/install/base_msgs_per/local/lib/python3.10/dist-packages/base_msgs_per/msg/_local_path_point_s.c\n'}
[0.348059] (base_msgs_per) StdoutLine: {'line': b'-- Up-to-date: /home/abc/perception_with_ros2/install/base_msgs_per/local/lib/python3.10/dist-packages/base_msgs_per/msg/_referline_point_s.c\n'}
[0.348120] (base_msgs_per) StdoutLine: {'line': b'-- Up-to-date: /home/abc/perception_with_ros2/install/base_msgs_per/local/lib/python3.10/dist-packages/base_msgs_per/msg/_local_path.py\n'}
[0.348190] (base_msgs_per) StdoutLine: {'line': b'-- Up-to-date: /home/abc/perception_with_ros2/install/base_msgs_per/local/lib/python3.10/dist-packages/base_msgs_per/msg/_local_trajectory_point.py\n'}
[0.348247] (base_msgs_per) StdoutLine: {'line': b'-- Up-to-date: /home/abc/perception_with_ros2/install/base_msgs_per/local/lib/python3.10/dist-packages/base_msgs_per/msg/_local_speeds_s.c\n'}
[0.348304] (base_msgs_per) StdoutLine: {'line': b'-- Up-to-date: /home/abc/perception_with_ros2/install/base_msgs_per/local/lib/python3.10/dist-packages/base_msgs_per/msg/_referline.py\n'}
[0.348360] (base_msgs_per) StdoutLine: {'line': b'-- Up-to-date: /home/abc/perception_with_ros2/install/base_msgs_per/local/lib/python3.10/dist-packages/base_msgs_per/msg/_local_speeds_point.py\n'}
[0.348419] (base_msgs_per) StdoutLine: {'line': b'-- Up-to-date: /home/abc/perception_with_ros2/install/base_msgs_per/local/lib/python3.10/dist-packages/base_msgs_per/msg/_pnc_map.py\n'}
[0.348476] (base_msgs_per) StdoutLine: {'line': b'-- Up-to-date: /home/abc/perception_with_ros2/install/base_msgs_per/local/lib/python3.10/dist-packages/base_msgs_per/msg/__init__.py\n'}
[0.348531] (base_msgs_per) StdoutLine: {'line': b'-- Up-to-date: /home/abc/perception_with_ros2/install/base_msgs_per/local/lib/python3.10/dist-packages/base_msgs_per/msg/_plot_info_s.c\n'}
[0.348586] (base_msgs_per) StdoutLine: {'line': b'-- Up-to-date: /home/abc/perception_with_ros2/install/base_msgs_per/local/lib/python3.10/dist-packages/base_msgs_per/msg/_local_trajectory_s.c\n'}
[0.348641] (base_msgs_per) StdoutLine: {'line': b'-- Up-to-date: /home/abc/perception_with_ros2/install/base_msgs_per/local/lib/python3.10/dist-packages/base_msgs_per/msg/_referline_point.py\n'}
[0.348705] (base_msgs_per) StdoutLine: {'line': b'-- Up-to-date: /home/abc/perception_with_ros2/install/base_msgs_per/local/lib/python3.10/dist-packages/base_msgs_per/msg/_local_speeds_point_s.c\n'}
[0.348760] (base_msgs_per) StdoutLine: {'line': b'-- Up-to-date: /home/abc/perception_with_ros2/install/base_msgs_per/local/lib/python3.10/dist-packages/base_msgs_per/msg/_local_path_point.py\n'}
[0.348818] (base_msgs_per) StdoutLine: {'line': b'-- Up-to-date: /home/abc/perception_with_ros2/install/base_msgs_per/local/lib/python3.10/dist-packages/base_msgs_per/msg/_pnc_map_s.c\n'}
[0.348874] (base_msgs_per) StdoutLine: {'line': b'-- Up-to-date: /home/abc/perception_with_ros2/install/base_msgs_per/local/lib/python3.10/dist-packages/base_msgs_per/msg/_local_trajectory.py\n'}
[0.348928] (base_msgs_per) StdoutLine: {'line': b'-- Up-to-date: /home/abc/perception_with_ros2/install/base_msgs_per/local/lib/python3.10/dist-packages/base_msgs_per/msg/_local_trajectory_point_s.c\n'}
[0.348983] (base_msgs_per) StdoutLine: {'line': b'-- Up-to-date: /home/abc/perception_with_ros2/install/base_msgs_per/local/lib/python3.10/dist-packages/base_msgs_per/msg/_plot_info.py\n'}
[0.349044] (base_msgs_per) StdoutLine: {'line': b'-- Up-to-date: /home/abc/perception_with_ros2/install/base_msgs_per/local/lib/python3.10/dist-packages/base_msgs_per/msg/_obs_info_s.c\n'}
[0.349099] (base_msgs_per) StdoutLine: {'line': b'-- Up-to-date: /home/abc/perception_with_ros2/install/base_msgs_per/local/lib/python3.10/dist-packages/base_msgs_per/_base_msgs_per_s.ep.rosidl_typesupport_introspection_c.c\n'}
[0.349163] (base_msgs_per) StdoutLine: {'line': b'-- Up-to-date: /home/abc/perception_with_ros2/install/base_msgs_per/local/lib/python3.10/dist-packages/base_msgs_per/_base_msgs_per_s.ep.rosidl_typesupport_c.c\n'}
[0.349221] (base_msgs_per) StdoutLine: {'line': b'-- Up-to-date: /home/abc/perception_with_ros2/install/base_msgs_per/local/lib/python3.10/dist-packages/base_msgs_per/__init__.py\n'}
[0.349275] (base_msgs_per) StdoutLine: {'line': b'-- Up-to-date: /home/abc/perception_with_ros2/install/base_msgs_per/local/lib/python3.10/dist-packages/base_msgs_per/base_msgs_per_s__rosidl_typesupport_c.cpython-310-x86_64-linux-gnu.so\n'}
[0.349331] (base_msgs_per) StdoutLine: {'line': b'-- Up-to-date: /home/abc/perception_with_ros2/install/base_msgs_per/local/lib/python3.10/dist-packages/base_msgs_per/base_msgs_per_s__rosidl_typesupport_introspection_c.cpython-310-x86_64-linux-gnu.so\n'}
[0.349388] (base_msgs_per) StdoutLine: {'line': b'-- Up-to-date: /home/abc/perception_with_ros2/install/base_msgs_per/local/lib/python3.10/dist-packages/base_msgs_per/base_msgs_per_s__rosidl_typesupport_fastrtps_c.cpython-310-x86_64-linux-gnu.so\n'}
[0.349444] (base_msgs_per) StdoutLine: {'line': b'-- Up-to-date: /home/abc/perception_with_ros2/install/base_msgs_per/local/lib/python3.10/dist-packages/base_msgs_per/libbase_msgs_per__rosidl_generator_py.so\n'}
[0.349500] (base_msgs_per) StdoutLine: {'line': b'-- Up-to-date: /home/abc/perception_with_ros2/install/base_msgs_per/local/lib/python3.10/dist-packages/base_msgs_per/srv\n'}
[0.349556] (base_msgs_per) StdoutLine: {'line': b'-- Up-to-date: /home/abc/perception_with_ros2/install/base_msgs_per/local/lib/python3.10/dist-packages/base_msgs_per/srv/_pnc_map_service.py\n'}
[0.349612] (base_msgs_per) StdoutLine: {'line': b'-- Up-to-date: /home/abc/perception_with_ros2/install/base_msgs_per/local/lib/python3.10/dist-packages/base_msgs_per/srv/_global_path_service_s.c\n'}
[0.349668] (base_msgs_per) StdoutLine: {'line': b'-- Up-to-date: /home/abc/perception_with_ros2/install/base_msgs_per/local/lib/python3.10/dist-packages/base_msgs_per/srv/__init__.py\n'}
[0.349724] (base_msgs_per) StdoutLine: {'line': b'-- Up-to-date: /home/abc/perception_with_ros2/install/base_msgs_per/local/lib/python3.10/dist-packages/base_msgs_per/srv/_global_path_service.py\n'}
[0.349780] (base_msgs_per) StdoutLine: {'line': b'-- Up-to-date: /home/abc/perception_with_ros2/install/base_msgs_per/local/lib/python3.10/dist-packages/base_msgs_per/srv/_pnc_map_service_s.c\n'}
[0.369074] (base_msgs_per) StdoutLine: {'line': b"Listing '/home/abc/perception_with_ros2/install/base_msgs_per/local/lib/python3.10/dist-packages/base_msgs_per'...\n"}
[0.369223] (base_msgs_per) StdoutLine: {'line': b"Listing '/home/abc/perception_with_ros2/install/base_msgs_per/local/lib/python3.10/dist-packages/base_msgs_per/msg'...\n"}
[0.369293] (base_msgs_per) StdoutLine: {'line': b"Listing '/home/abc/perception_with_ros2/install/base_msgs_per/local/lib/python3.10/dist-packages/base_msgs_per/srv'...\n"}
[0.373662] (base_msgs_per) StdoutLine: {'line': b'-- Up-to-date: /home/abc/perception_with_ros2/install/base_msgs_per/local/lib/python3.10/dist-packages/base_msgs_per/base_msgs_per_s__rosidl_typesupport_fastrtps_c.cpython-310-x86_64-linux-gnu.so\n'}
[0.373988] (base_msgs_per) StdoutLine: {'line': b'-- Up-to-date: /home/abc/perception_with_ros2/install/base_msgs_per/local/lib/python3.10/dist-packages/base_msgs_per/base_msgs_per_s__rosidl_typesupport_introspection_c.cpython-310-x86_64-linux-gnu.so\n'}
[0.374419] (base_msgs_per) StdoutLine: {'line': b'-- Up-to-date: /home/abc/perception_with_ros2/install/base_msgs_per/local/lib/python3.10/dist-packages/base_msgs_per/base_msgs_per_s__rosidl_typesupport_c.cpython-310-x86_64-linux-gnu.so\n'}
[0.374807] (base_msgs_per) StdoutLine: {'line': b'-- Up-to-date: /home/abc/perception_with_ros2/install/base_msgs_per/lib/libbase_msgs_per__rosidl_generator_py.so\n'}
[0.375013] (base_msgs_per) StdoutLine: {'line': b'-- Up-to-date: /home/abc/perception_with_ros2/install/base_msgs_per/share/base_msgs_per/srv/GlobalPathService.idl\n'}
[0.375102] (base_msgs_per) StdoutLine: {'line': b'-- Up-to-date: /home/abc/perception_with_ros2/install/base_msgs_per/share/base_msgs_per/srv/PNCMapService.idl\n'}
[0.375191] (base_msgs_per) StdoutLine: {'line': b'-- Up-to-date: /home/abc/perception_with_ros2/install/base_msgs_per/share/base_msgs_per/msg/PNCMap.idl\n'}
[0.375275] (base_msgs_per) StdoutLine: {'line': b'-- Up-to-date: /home/abc/perception_with_ros2/install/base_msgs_per/share/base_msgs_per/msg/ReferlinePoint.idl\n'}
[0.375367] (base_msgs_per) StdoutLine: {'line': b'-- Up-to-date: /home/abc/perception_with_ros2/install/base_msgs_per/share/base_msgs_per/msg/Referline.idl\n'}
[0.375432] (base_msgs_per) StdoutLine: {'line': b'-- Up-to-date: /home/abc/perception_with_ros2/install/base_msgs_per/share/base_msgs_per/msg/LocalPathPoint.idl\n'}
[0.375517] (base_msgs_per) StdoutLine: {'line': b'-- Up-to-date: /home/abc/perception_with_ros2/install/base_msgs_per/share/base_msgs_per/msg/LocalPath.idl\n'}
[0.375580] (base_msgs_per) StdoutLine: {'line': b'-- Up-to-date: /home/abc/perception_with_ros2/install/base_msgs_per/share/base_msgs_per/msg/LocalSpeedsPoint.idl\n'}
[0.375668] (base_msgs_per) StdoutLine: {'line': b'-- Up-to-date: /home/abc/perception_with_ros2/install/base_msgs_per/share/base_msgs_per/msg/LocalSpeeds.idl\n'}
[0.375727] (base_msgs_per) StdoutLine: {'line': b'-- Up-to-date: /home/abc/perception_with_ros2/install/base_msgs_per/share/base_msgs_per/msg/LocalTrajectoryPoint.idl\n'}
[0.375787] (base_msgs_per) StdoutLine: {'line': b'-- Up-to-date: /home/abc/perception_with_ros2/install/base_msgs_per/share/base_msgs_per/msg/LocalTrajectory.idl\n'}
[0.375873] (base_msgs_per) StdoutLine: {'line': b'-- Up-to-date: /home/abc/perception_with_ros2/install/base_msgs_per/share/base_msgs_per/msg/ObsInfo.idl\n'}
[0.375934] (base_msgs_per) StdoutLine: {'line': b'-- Up-to-date: /home/abc/perception_with_ros2/install/base_msgs_per/share/base_msgs_per/msg/PlotInfo.idl\n'}
[0.375994] (base_msgs_per) StdoutLine: {'line': b'-- Up-to-date: /home/abc/perception_with_ros2/install/base_msgs_per/share/base_msgs_per/srv/GlobalPathService.srv\n'}
[0.376085] (base_msgs_per) StdoutLine: {'line': b'-- Up-to-date: /home/abc/perception_with_ros2/install/base_msgs_per/share/base_msgs_per/srv/GlobalPathService_Request.msg\n'}
[0.376168] (base_msgs_per) StdoutLine: {'line': b'-- Up-to-date: /home/abc/perception_with_ros2/install/base_msgs_per/share/base_msgs_per/srv/GlobalPathService_Response.msg\n'}
[0.376243] (base_msgs_per) StdoutLine: {'line': b'-- Up-to-date: /home/abc/perception_with_ros2/install/base_msgs_per/share/base_msgs_per/srv/PNCMapService.srv\n'}
[0.376303] (base_msgs_per) StdoutLine: {'line': b'-- Up-to-date: /home/abc/perception_with_ros2/install/base_msgs_per/share/base_msgs_per/srv/PNCMapService_Request.msg\n'}
[0.376362] (base_msgs_per) StdoutLine: {'line': b'-- Up-to-date: /home/abc/perception_with_ros2/install/base_msgs_per/share/base_msgs_per/srv/PNCMapService_Response.msg\n'}
[0.376450] (base_msgs_per) StdoutLine: {'line': b'-- Up-to-date: /home/abc/perception_with_ros2/install/base_msgs_per/share/base_msgs_per/msg/PNCMap.msg\n'}
[0.376510] (base_msgs_per) StdoutLine: {'line': b'-- Up-to-date: /home/abc/perception_with_ros2/install/base_msgs_per/share/base_msgs_per/msg/ReferlinePoint.msg\n'}
[0.376569] (base_msgs_per) StdoutLine: {'line': b'-- Up-to-date: /home/abc/perception_with_ros2/install/base_msgs_per/share/base_msgs_per/msg/Referline.msg\n'}
[0.376628] (base_msgs_per) StdoutLine: {'line': b'-- Up-to-date: /home/abc/perception_with_ros2/install/base_msgs_per/share/base_msgs_per/msg/LocalPathPoint.msg\n'}
[0.376709] (base_msgs_per) StdoutLine: {'line': b'-- Up-to-date: /home/abc/perception_with_ros2/install/base_msgs_per/share/base_msgs_per/msg/LocalPath.msg\n'}
[0.376768] (base_msgs_per) StdoutLine: {'line': b'-- Up-to-date: /home/abc/perception_with_ros2/install/base_msgs_per/share/base_msgs_per/msg/LocalSpeedsPoint.msg\n'}
[0.376827] (base_msgs_per) StdoutLine: {'line': b'-- Up-to-date: /home/abc/perception_with_ros2/install/base_msgs_per/share/base_msgs_per/msg/LocalSpeeds.msg\n'}
[0.376915] (base_msgs_per) StdoutLine: {'line': b'-- Up-to-date: /home/abc/perception_with_ros2/install/base_msgs_per/share/base_msgs_per/msg/LocalTrajectoryPoint.msg\n'}
[0.376986] (base_msgs_per) StdoutLine: {'line': b'-- Up-to-date: /home/abc/perception_with_ros2/install/base_msgs_per/share/base_msgs_per/msg/LocalTrajectory.msg\n'}
[0.377046] (base_msgs_per) StdoutLine: {'line': b'-- Up-to-date: /home/abc/perception_with_ros2/install/base_msgs_per/share/base_msgs_per/msg/ObsInfo.msg\n'}
[0.377105] (base_msgs_per) StdoutLine: {'line': b'-- Up-to-date: /home/abc/perception_with_ros2/install/base_msgs_per/share/base_msgs_per/msg/PlotInfo.msg\n'}
[0.377190] (base_msgs_per) StdoutLine: {'line': b'-- Up-to-date: /home/abc/perception_with_ros2/install/base_msgs_per/share/ament_index/resource_index/package_run_dependencies/base_msgs_per\n'}
[0.377270] (base_msgs_per) StdoutLine: {'line': b'-- Up-to-date: /home/abc/perception_with_ros2/install/base_msgs_per/share/ament_index/resource_index/parent_prefix_path/base_msgs_per\n'}
[0.377328] (base_msgs_per) StdoutLine: {'line': b'-- Up-to-date: /home/abc/perception_with_ros2/install/base_msgs_per/share/base_msgs_per/environment/ament_prefix_path.sh\n'}
[0.377387] (base_msgs_per) StdoutLine: {'line': b'-- Up-to-date: /home/abc/perception_with_ros2/install/base_msgs_per/share/base_msgs_per/environment/ament_prefix_path.dsv\n'}
[0.377463] (base_msgs_per) StdoutLine: {'line': b'-- Up-to-date: /home/abc/perception_with_ros2/install/base_msgs_per/share/base_msgs_per/environment/path.sh\n'}
[0.377525] (base_msgs_per) StdoutLine: {'line': b'-- Up-to-date: /home/abc/perception_with_ros2/install/base_msgs_per/share/base_msgs_per/environment/path.dsv\n'}
[0.377615] (base_msgs_per) StdoutLine: {'line': b'-- Up-to-date: /home/abc/perception_with_ros2/install/base_msgs_per/share/base_msgs_per/local_setup.bash\n'}
[0.377671] (base_msgs_per) StdoutLine: {'line': b'-- Up-to-date: /home/abc/perception_with_ros2/install/base_msgs_per/share/base_msgs_per/local_setup.sh\n'}
[0.377727] (base_msgs_per) StdoutLine: {'line': b'-- Up-to-date: /home/abc/perception_with_ros2/install/base_msgs_per/share/base_msgs_per/local_setup.zsh\n'}
[0.377783] (base_msgs_per) StdoutLine: {'line': b'-- Up-to-date: /home/abc/perception_with_ros2/install/base_msgs_per/share/base_msgs_per/local_setup.dsv\n'}
[0.377842] (base_msgs_per) StdoutLine: {'line': b'-- Installing: /home/abc/perception_with_ros2/install/base_msgs_per/share/base_msgs_per/package.dsv\n'}
[0.377920] (base_msgs_per) StdoutLine: {'line': b'-- Up-to-date: /home/abc/perception_with_ros2/install/base_msgs_per/share/ament_index/resource_index/packages/base_msgs_per\n'}
[0.377999] (base_msgs_per) StdoutLine: {'line': b'-- Up-to-date: /home/abc/perception_with_ros2/install/base_msgs_per/share/base_msgs_per/cmake/export_base_msgs_per__rosidl_generator_cExport.cmake\n'}
[0.378140] (base_msgs_per) StdoutLine: {'line': b'-- Up-to-date: /home/abc/perception_with_ros2/install/base_msgs_per/share/base_msgs_per/cmake/export_base_msgs_per__rosidl_generator_cExport-noconfig.cmake\n'}
[0.378301] (base_msgs_per) StdoutLine: {'line': b'-- Up-to-date: /home/abc/perception_with_ros2/install/base_msgs_per/share/base_msgs_per/cmake/export_base_msgs_per__rosidl_typesupport_fastrtps_cExport.cmake\n'}
[0.378399] (base_msgs_per) StdoutLine: {'line': b'-- Up-to-date: /home/abc/perception_with_ros2/install/base_msgs_per/share/base_msgs_per/cmake/export_base_msgs_per__rosidl_typesupport_fastrtps_cExport-noconfig.cmake\n'}
[0.378492] (base_msgs_per) StdoutLine: {'line': b'-- Up-to-date: /home/abc/perception_with_ros2/install/base_msgs_per/share/base_msgs_per/cmake/base_msgs_per__rosidl_typesupport_introspection_cExport.cmake\n'}
[0.378549] (base_msgs_per) StdoutLine: {'line': b'-- Up-to-date: /home/abc/perception_with_ros2/install/base_msgs_per/share/base_msgs_per/cmake/base_msgs_per__rosidl_typesupport_introspection_cExport-noconfig.cmake\n'}
[0.378628] (base_msgs_per) StdoutLine: {'line': b'-- Up-to-date: /home/abc/perception_with_ros2/install/base_msgs_per/share/base_msgs_per/cmake/base_msgs_per__rosidl_typesupport_cExport.cmake\n'}
[0.378709] (base_msgs_per) StdoutLine: {'line': b'-- Up-to-date: /home/abc/perception_with_ros2/install/base_msgs_per/share/base_msgs_per/cmake/base_msgs_per__rosidl_typesupport_cExport-noconfig.cmake\n'}
[0.378785] (base_msgs_per) StdoutLine: {'line': b'-- Up-to-date: /home/abc/perception_with_ros2/install/base_msgs_per/share/base_msgs_per/cmake/export_base_msgs_per__rosidl_generator_cppExport.cmake\n'}
[0.378904] (base_msgs_per) StdoutLine: {'line': b'-- Up-to-date: /home/abc/perception_with_ros2/install/base_msgs_per/share/base_msgs_per/cmake/export_base_msgs_per__rosidl_typesupport_fastrtps_cppExport.cmake\n'}
[0.378980] (base_msgs_per) StdoutLine: {'line': b'-- Up-to-date: /home/abc/perception_with_ros2/install/base_msgs_per/share/base_msgs_per/cmake/export_base_msgs_per__rosidl_typesupport_fastrtps_cppExport-noconfig.cmake\n'}
[0.379113] (base_msgs_per) StdoutLine: {'line': b'-- Up-to-date: /home/abc/perception_with_ros2/install/base_msgs_per/share/base_msgs_per/cmake/base_msgs_per__rosidl_typesupport_introspection_cppExport.cmake\n'}
[0.379211] (base_msgs_per) StdoutLine: {'line': b'-- Up-to-date: /home/abc/perception_with_ros2/install/base_msgs_per/share/base_msgs_per/cmake/base_msgs_per__rosidl_typesupport_introspection_cppExport-noconfig.cmake\n'}
[0.379362] (base_msgs_per) StdoutLine: {'line': b'-- Up-to-date: /home/abc/perception_with_ros2/install/base_msgs_per/share/base_msgs_per/cmake/base_msgs_per__rosidl_typesupport_cppExport.cmake\n'}
[0.379439] (base_msgs_per) StdoutLine: {'line': b'-- Up-to-date: /home/abc/perception_with_ros2/install/base_msgs_per/share/base_msgs_per/cmake/base_msgs_per__rosidl_typesupport_cppExport-noconfig.cmake\n'}
[0.379559] (base_msgs_per) StdoutLine: {'line': b'-- Up-to-date: /home/abc/perception_with_ros2/install/base_msgs_per/share/base_msgs_per/cmake/export_base_msgs_per__rosidl_generator_pyExport.cmake\n'}
[0.379636] (base_msgs_per) StdoutLine: {'line': b'-- Up-to-date: /home/abc/perception_with_ros2/install/base_msgs_per/share/base_msgs_per/cmake/export_base_msgs_per__rosidl_generator_pyExport-noconfig.cmake\n'}
[0.379718] (base_msgs_per) StdoutLine: {'line': b'-- Up-to-date: /home/abc/perception_with_ros2/install/base_msgs_per/share/base_msgs_per/cmake/rosidl_cmake-extras.cmake\n'}
[0.379803] (base_msgs_per) StdoutLine: {'line': b'-- Up-to-date: /home/abc/perception_with_ros2/install/base_msgs_per/share/base_msgs_per/cmake/ament_cmake_export_dependencies-extras.cmake\n'}
[0.379863] (base_msgs_per) StdoutLine: {'line': b'-- Up-to-date: /home/abc/perception_with_ros2/install/base_msgs_per/share/base_msgs_per/cmake/ament_cmake_export_include_directories-extras.cmake\n'}
[0.379943] (base_msgs_per) StdoutLine: {'line': b'-- Up-to-date: /home/abc/perception_with_ros2/install/base_msgs_per/share/base_msgs_per/cmake/ament_cmake_export_libraries-extras.cmake\n'}
[0.380005] (base_msgs_per) StdoutLine: {'line': b'-- Up-to-date: /home/abc/perception_with_ros2/install/base_msgs_per/share/base_msgs_per/cmake/ament_cmake_export_targets-extras.cmake\n'}
[0.380088] (base_msgs_per) StdoutLine: {'line': b'-- Up-to-date: /home/abc/perception_with_ros2/install/base_msgs_per/share/base_msgs_per/cmake/rosidl_cmake_export_typesupport_targets-extras.cmake\n'}
[0.380192] (base_msgs_per) StdoutLine: {'line': b'-- Up-to-date: /home/abc/perception_with_ros2/install/base_msgs_per/share/base_msgs_per/cmake/rosidl_cmake_export_typesupport_libraries-extras.cmake\n'}
[0.380264] (base_msgs_per) StdoutLine: {'line': b'-- Up-to-date: /home/abc/perception_with_ros2/install/base_msgs_per/share/base_msgs_per/cmake/base_msgs_perConfig.cmake\n'}
[0.380324] (base_msgs_per) StdoutLine: {'line': b'-- Up-to-date: /home/abc/perception_with_ros2/install/base_msgs_per/share/base_msgs_per/cmake/base_msgs_perConfig-version.cmake\n'}
[0.380380] (base_msgs_per) StdoutLine: {'line': b'-- Up-to-date: /home/abc/perception_with_ros2/install/base_msgs_per/share/base_msgs_per/package.xml\n'}
[0.381817] (base_msgs_per) CommandEnded: {'returncode': 0}
[0.399799] (base_msgs_per) JobEnded: {'identifier': 'base_msgs_per', 'rc': 0}
[0.400785] (-) TimerEvent: {}
[0.400868] (perception) JobStarted: {'identifier': 'perception'}
[0.407364] (perception) JobProgress: {'identifier': 'perception', 'progress': 'cmake'}
[0.407889] (perception) JobProgress: {'identifier': 'perception', 'progress': 'build'}
[0.408267] (perception) Command: {'cmd': ['/usr/local/bin/cmake', '--build', '/home/abc/perception_with_ros2/build/perception', '--', '-j12', '-l12'], 'cwd': '/home/abc/perception_with_ros2/build/perception', 'env': OrderedDict([('PYTHON_BASIC_REPL', '1'), ('LESSOPEN', '| /usr/bin/lesspipe %s'), ('LANGUAGE', 'en_US:en'), ('USER', 'abc'), ('LC_TIME', 'zh_CN.UTF-8'), ('XDG_SESSION_TYPE', 'x11'), ('GIT_ASKPASS', '/usr/share/code/resources/app/extensions/git/dist/askpass.sh'), ('SHLVL', '2'), ('LD_LIBRARY_PATH', '/home/abc/perception_with_ros2/install/base_msgs_per/lib:/home/abc/perception_with_ros2/install/perception/lib:/home/abc/planning_with_ros2/install/planning/lib:/home/abc/planning_with_ros2/install/planning/lib:/home/abc/planning_with_ros2/install/planning/lib:/home/abc/planning_with_ros2/install/planning/lib:/home/abc/planning_with_ros2/install/base_msgs/lib:/usr/lib/x86_64-linux-gnu/gazebo-11/plugins:/opt/ros/humble/opt/rviz_ogre_vendor/lib:/opt/ros/humble/lib/x86_64-linux-gnu:/opt/ros/humble/lib'), ('HOME', '/home/abc'), ('CHROME_DESKTOP', 'code.desktop'), ('OLDPWD', '/home/abc/perception_with_ros2/src'), ('TERM_PROGRAM_VERSION', '1.107.1'), ('DESKTOP_SESSION', 'ubuntu'), ('ROS_PYTHON_VERSION', '3'), ('GNOME_SHELL_SESSION_MODE', 'ubuntu'), ('GTK_MODULES', 'gail:atk-bridge'), ('VSCODE_GIT_ASKPASS_MAIN', '/usr/share/code/resources/app/extensions/git/dist/askpass-main.js'), ('LC_MONETARY', 'zh_CN.UTF-8'), ('VSCODE_GIT_ASKPASS_NODE', '/usr/share/code/code'), ('PYDEVD_DISABLE_FILE_VALIDATION', '1'), ('SYSTEMD_EXEC_PID', '1608'), ('BUNDLED_DEBUGPY_PATH', '/home/abc/.vscode/extensions/ms-python.debugpy-2025.18.0-linux-x64/bundled/libs/debugpy'), ('VSCODE_PYTHON_AUTOACTIVATE_GUARD', '1'), ('DBUS_SESSION_BUS_ADDRESS', 'unix:path=/run/user/1000/bus'), ('COLORTERM', 'truecolor'), ('COLCON_PREFIX_PATH', '/home/abc/perception_with_ros2/install:/home/abc/planning_with_ros2/install'), ('ROS_DISTRO', 'humble'), ('GTK_IM_MODULE', 'ibus'), ('LOGNAME', 'abc'), ('_', '/usr/bin/colcon'), ('ROS_VERSION', '2'), ('XDG_SESSION_CLASS', 'user'), ('USERNAME', 'abc'), ('TERM', 'xterm-256color'), ('GNOME_DESKTOP_SESSION_ID', 'this-is-deprecated'), ('ROS2_PLANNING_COURSE_INSTALL', '/home/abc/planning_with_ros2/install'), ('FC_FONTATIONS', '1'), ('ROS_LOCALHOST_ONLY', '0'), ('WINDOWPATH', '2'), ('PATH', '/home/abc/.config/Code/User/globalStorage/github.copilot-chat/debugCommand:/home/abc/.config/Code/User/globalStorage/github.copilot-chat/copilotCli:/opt/ros/humble/bin:/usr/local/sbin:/usr/local/bin:/usr/sbin:/usr/bin:/sbin:/bin:/usr/games:/usr/local/games:/snap/bin:/snap/bin:/home/abc/.vscode/extensions/ms-python.debugpy-2025.18.0-linux-x64/bundled/scripts/noConfigScripts'), ('SESSION_MANAGER', 'local/abc-G3-3500:@/tmp/.ICE-unix/1581,unix/abc-G3-3500:/tmp/.ICE-unix/1581'), ('PAPERSIZE', 'a4'), ('XDG_MENU_PREFIX', 'gnome-'), ('LC_ADDRESS', 'zh_CN.UTF-8'), ('GNOME_TERMINAL_SCREEN', '/org/gnome/Terminal/screen/de2f66bf_038d_4af9_a3ae_168c2f219a0f'), ('XDG_RUNTIME_DIR', '/run/user/1000'), ('GDK_BACKEND', 'x11'), ('DISPLAY', ':0'), ('VSCODE_DEBUGPY_ADAPTER_ENDPOINTS', '/home/abc/.vscode/extensions/ms-python.debugpy-2025.18.0-linux-x64/.noConfigDebugAdapterEndpoints/endpoint-0370d1c5f2548263.txt'), ('LANG', 'en_US.UTF-8'), ('XDG_CURRENT_DESKTOP', 'ubuntu:GNOME'), ('PYTHONSTARTUP', '/home/abc/.config/Code/User/workspaceStorage/28936fba8b94055b776ffa577577e387/ms-python.python/pythonrc.py'), ('LC_TELEPHONE', 'zh_CN.UTF-8'), ('XMODIFIERS', '@im=ibus'), ('XDG_SESSION_DESKTOP', 'ubuntu'), ('XAUTHORITY', '/run/user/1000/gdm/Xauthority'), ('LS_COLORS', 'rs=0:di=01;34:ln=01;36:mh=00:pi=40;33:so=01;35:do=01;35:bd=40;33;01:cd=40;33;01:or=40;31;01:mi=00:su=37;41:sg=30;43:ca=30;41:tw=30;42:ow=34;42:st=37;44:ex=01;32:*.tar=01;31:*.tgz=01;31:*.arc=01;31:*.arj=01;31:*.taz=01;31:*.lha=01;31:*.lz4=01;31:*.lzh=01;31:*.lzma=01;31:*.tlz=01;31:*.txz=01;31:*.tzo=01;31:*.t7z=01;31:*.zip=01;31:*.z=01;31:*.dz=01;31:*.gz=01;31:*.lrz=01;31:*.lz=01;31:*.lzo=01;31:*.xz=01;31:*.zst=01;31:*.tzst=01;31:*.bz2=01;31:*.bz=01;31:*.tbz=01;31:*.tbz2=01;31:*.tz=01;31:*.deb=01;31:*.rpm=01;31:*.jar=01;31:*.war=01;31:*.ear=01;31:*.sar=01;31:*.rar=01;31:*.alz=01;31:*.ace=01;31:*.zoo=01;31:*.cpio=01;31:*.7z=01;31:*.rz=01;31:*.cab=01;31:*.wim=01;31:*.swm=01;31:*.dwm=01;31:*.esd=01;31:*.jpg=01;35:*.jpeg=01;35:*.mjpg=01;35:*.mjpeg=01;35:*.gif=01;35:*.bmp=01;35:*.pbm=01;35:*.pgm=01;35:*.ppm=01;35:*.tga=01;35:*.xbm=01;35:*.xpm=01;35:*.tif=01;35:*.tiff=01;35:*.png=01;35:*.svg=01;35:*.svgz=01;35:*.mng=01;35:*.pcx=01;35:*.mov=01;35:*.mpg=01;35:*.mpeg=01;35:*.m2v=01;35:*.mkv=01;35:*.webm=01;35:*.webp=01;35:*.ogm=01;35:*.mp4=01;35:*.m4v=01;35:*.mp4v=01;35:*.vob=01;35:*.qt=01;35:*.nuv=01;35:*.wmv=01;35:*.asf=01;35:*.rm=01;35:*.rmvb=01;35:*.flc=01;35:*.avi=01;35:*.fli=01;35:*.flv=01;35:*.gl=01;35:*.dl=01;35:*.xcf=01;35:*.xwd=01;35:*.yuv=01;35:*.cgm=01;35:*.emf=01;35:*.ogv=01;35:*.ogx=01;35:*.aac=00;36:*.au=00;36:*.flac=00;36:*.m4a=00;36:*.mid=00;36:*.midi=00;36:*.mka=00;36:*.mp3=00;36:*.mpc=00;36:*.ogg=00;36:*.ra=00;36:*.wav=00;36:*.oga=00;36:*.opus=00;36:*.spx=00;36:*.xspf=00;36:'), ('ROS2_PERCEPTION_COURSE_INSTALL', '/home/abc/perception_with_ros2/install'), ('VSCODE_GIT_IPC_HANDLE', '/run/user/1000/vscode-git-5e4b9a72ca.sock'), ('GNOME_TERMINAL_SERVICE', ':1.525'), ('TERM_PROGRAM', 'vscode'), ('SSH_AGENT_LAUNCHER', 'gnome-keyring'), ('SSH_AUTH_SOCK', '/run/user/1000/keyring/ssh'), ('ROS_DOMAIN_ID', '2'), ('AMENT_PREFIX_PATH', '/home/abc/perception_with_ros2/install/perception:/home/abc/perception_with_ros2/install/data_plot_per:/home/abc/perception_with_ros2/install/base_msgs_per:/home/abc/planning_with_ros2/install/planning:/home/abc/planning_with_ros2/install/data_plot:/home/abc/planning_with_ros2/install/base_msgs:/opt/ros/humble'), ('SHELL', '/bin/bash'), ('LC_NAME', 'zh_CN.UTF-8'), ('QT_ACCESSIBILITY', '1'), ('GDMSESSION', 'ubuntu'), ('LESSCLOSE', '/usr/bin/lesspipe %s %s'), ('LC_MEASUREMENT', 'zh_CN.UTF-8'), ('GPG_AGENT_INFO', '/run/user/1000/gnupg/S.gpg-agent:0:1'), ('LC_IDENTIFICATION', 'zh_CN.UTF-8'), ('VSCODE_GIT_ASKPASS_EXTRA_ARGS', ''), ('QT_IM_MODULE', 'ibus'), ('PWD', '/home/abc/perception_with_ros2/build/perception'), ('LC_ALL', 'en_US.UTF-8'), ('XDG_CONFIG_DIRS', '/etc/xdg/xdg-ubuntu:/etc/xdg'), ('XDG_DATA_DIRS', '/usr/share/ubuntu:/usr/share/gnome:/usr/local/share/:/usr/share/:/var/lib/snapd/desktop'), ('PYTHONPATH', '/home/abc/perception_with_ros2/install/base_msgs_per/local/lib/python3.10/dist-packages:/home/abc/perception_with_ros2/install/data_plot_per/lib/python3.10/site-packages:/home/abc/planning_with_ros2/install/data_plot/lib/python3.10/site-packages:/home/abc/planning_with_ros2/install/base_msgs/local/lib/python3.10/dist-packages:/opt/ros/humble/lib/python3.10/site-packages:/opt/ros/humble/local/lib/python3.10/dist-packages'), ('LC_NUMERIC', 'zh_CN.UTF-8'), ('LC_PAPER', 'zh_CN.UTF-8'), ('COLCON', '1'), ('VTE_VERSION', '6800'), ('CMAKE_PREFIX_PATH', '/home/abc/perception_with_ros2/install/base_msgs_per:/home/abc/perception_with_ros2/install/perception:/home/abc/planning_with_ros2/install/planning:/home/abc/planning_with_ros2/install/base_msgs:/home/abc/perception_with_ros2/install/data_plot_per:/home/abc/planning_with_ros2/install/data_plot:/opt/ros/humble')]), 'shell': False}
[0.436066] (perception) StdoutLine: {'line': b'[  5%] Built target config_reader\n'}
[0.439059] (perception) StdoutLine: {'line': b'[ 10%] Built target osqp_test\n'}
[0.443635] (perception) StdoutLine: {'line': b'[ 15%] Built target newton_test\n'}
[0.445882] (perception) StdoutLine: {'line': b'[ 23%] Built target mathlibs\n'}
[0.453340] (perception) StdoutLine: {'line': b'[ 28%] Built target global_planner\n'}
[0.455654] (perception) StdoutLine: {'line': b'[ 35%] Built target pnc_map_creator\n'}
[0.472627] (perception) StdoutLine: {'line': b'[ 41%] Built target global_path_server\n'}
[0.472877] (perception) StdoutLine: {'line': b'[ 48%] Built target vehicle_info\n'}
[0.477769] (perception) StdoutLine: {'line': b'[ 53%] Built target pnc_map_server\n'}
[0.480069] (perception) StdoutLine: {'line': b'[ 61%] Built target reference_line\n'}
[0.490340] (perception) StdoutLine: {'line': b'[ 66%] Built target decision_center\n'}
[0.492639] (perception) StdoutLine: {'line': b'[ 76%] Built target car_move_cmd\n'}
[0.492976] (perception) StdoutLine: {'line': b'[ 76%] Built target obs_move_cmd\n'}
[0.500888] (-) TimerEvent: {}
[0.523443] (perception) StdoutLine: {'line': b'[ 92%] Built target local_planner\n'}
[0.548677] (perception) StdoutLine: {'line': b'[100%] Built target perception_process\n'}
[0.552278] (perception) CommandEnded: {'returncode': 0}
[0.553334] (perception) JobProgress: {'identifier': 'perception', 'progress': 'install'}
[0.553717] (perception) Command: {'cmd': ['/usr/local/bin/cmake', '--install', '/home/abc/perception_with_ros2/build/perception'], 'cwd': '/home/abc/perception_with_ros2/build/perception', 'env': OrderedDict([('PYTHON_BASIC_REPL', '1'), ('LESSOPEN', '| /usr/bin/lesspipe %s'), ('LANGUAGE', 'en_US:en'), ('USER', 'abc'), ('LC_TIME', 'zh_CN.UTF-8'), ('XDG_SESSION_TYPE', 'x11'), ('GIT_ASKPASS', '/usr/share/code/resources/app/extensions/git/dist/askpass.sh'), ('SHLVL', '2'), ('LD_LIBRARY_PATH', '/home/abc/perception_with_ros2/install/base_msgs_per/lib:/home/abc/perception_with_ros2/install/perception/lib:/home/abc/planning_with_ros2/install/planning/lib:/home/abc/planning_with_ros2/install/planning/lib:/home/abc/planning_with_ros2/install/planning/lib:/home/abc/planning_with_ros2/install/planning/lib:/home/abc/planning_with_ros2/install/base_msgs/lib:/usr/lib/x86_64-linux-gnu/gazebo-11/plugins:/opt/ros/humble/opt/rviz_ogre_vendor/lib:/opt/ros/humble/lib/x86_64-linux-gnu:/opt/ros/humble/lib'), ('HOME', '/home/abc'), ('CHROME_DESKTOP', 'code.desktop'), ('OLDPWD', '/home/abc/perception_with_ros2/src'), ('TERM_PROGRAM_VERSION', '1.107.1'), ('DESKTOP_SESSION', 'ubuntu'), ('ROS_PYTHON_VERSION', '3'), ('GNOME_SHELL_SESSION_MODE', 'ubuntu'), ('GTK_MODULES', 'gail:atk-bridge'), ('VSCODE_GIT_ASKPASS_MAIN', '/usr/share/code/resources/app/extensions/git/dist/askpass-main.js'), ('LC_MONETARY', 'zh_CN.UTF-8'), ('VSCODE_GIT_ASKPASS_NODE', '/usr/share/code/code'), ('PYDEVD_DISABLE_FILE_VALIDATION', '1'), ('SYSTEMD_EXEC_PID', '1608'), ('BUNDLED_DEBUGPY_PATH', '/home/abc/.vscode/extensions/ms-python.debugpy-2025.18.0-linux-x64/bundled/libs/debugpy'), ('VSCODE_PYTHON_AUTOACTIVATE_GUARD', '1'), ('DBUS_SESSION_BUS_ADDRESS', 'unix:path=/run/user/1000/bus'), ('COLORTERM', 'truecolor'), ('COLCON_PREFIX_PATH', '/home/abc/perception_with_ros2/install:/home/abc/planning_with_ros2/install'), ('ROS_DISTRO', 'humble'), ('GTK_IM_MODULE', 'ibus'), ('LOGNAME', 'abc'), ('_', '/usr/bin/colcon'), ('ROS_VERSION', '2'), ('XDG_SESSION_CLASS', 'user'), ('USERNAME', 'abc'), ('TERM', 'xterm-256color'), ('GNOME_DESKTOP_SESSION_ID', 'this-is-deprecated'), ('ROS2_PLANNING_COURSE_INSTALL', '/home/abc/planning_with_ros2/install'), ('FC_FONTATIONS', '1'), ('ROS_LOCALHOST_ONLY', '0'), ('WINDOWPATH', '2'), ('PATH', '/home/abc/.config/Code/User/globalStorage/github.copilot-chat/debugCommand:/home/abc/.config/Code/User/globalStorage/github.copilot-chat/copilotCli:/opt/ros/humble/bin:/usr/local/sbin:/usr/local/bin:/usr/sbin:/usr/bin:/sbin:/bin:/usr/games:/usr/local/games:/snap/bin:/snap/bin:/home/abc/.vscode/extensions/ms-python.debugpy-2025.18.0-linux-x64/bundled/scripts/noConfigScripts'), ('SESSION_MANAGER', 'local/abc-G3-3500:@/tmp/.ICE-unix/1581,unix/abc-G3-3500:/tmp/.ICE-unix/1581'), ('PAPERSIZE', 'a4'), ('XDG_MENU_PREFIX', 'gnome-'), ('LC_ADDRESS', 'zh_CN.UTF-8'), ('GNOME_TERMINAL_SCREEN', '/org/gnome/Terminal/screen/de2f66bf_038d_4af9_a3ae_168c2f219a0f'), ('XDG_RUNTIME_DIR', '/run/user/1000'), ('GDK_BACKEND', 'x11'), ('DISPLAY', ':0'), ('VSCODE_DEBUGPY_ADAPTER_ENDPOINTS', '/home/abc/.vscode/extensions/ms-python.debugpy-2025.18.0-linux-x64/.noConfigDebugAdapterEndpoints/endpoint-0370d1c5f2548263.txt'), ('LANG', 'en_US.UTF-8'), ('XDG_CURRENT_DESKTOP', 'ubuntu:GNOME'), ('PYTHONSTARTUP', '/home/abc/.config/Code/User/workspaceStorage/28936fba8b94055b776ffa577577e387/ms-python.python/pythonrc.py'), ('LC_TELEPHONE', 'zh_CN.UTF-8'), ('XMODIFIERS', '@im=ibus'), ('XDG_SESSION_DESKTOP', 'ubuntu'), ('XAUTHORITY', '/run/user/1000/gdm/Xauthority'), ('LS_COLORS', 'rs=0:di=01;34:ln=01;36:mh=00:pi=40;33:so=01;35:do=01;35:bd=40;33;01:cd=40;33;01:or=40;31;01:mi=00:su=37;41:sg=30;43:ca=30;41:tw=30;42:ow=34;42:st=37;44:ex=01;32:*.tar=01;31:*.tgz=01;31:*.arc=01;31:*.arj=01;31:*.taz=01;31:*.lha=01;31:*.lz4=01;31:*.lzh=01;31:*.lzma=01;31:*.tlz=01;31:*.txz=01;31:*.tzo=01;31:*.t7z=01;31:*.zip=01;31:*.z=01;31:*.dz=01;31:*.gz=01;31:*.lrz=01;31:*.lz=01;31:*.lzo=01;31:*.xz=01;31:*.zst=01;31:*.tzst=01;31:*.bz2=01;31:*.bz=01;31:*.tbz=01;31:*.tbz2=01;31:*.tz=01;31:*.deb=01;31:*.rpm=01;31:*.jar=01;31:*.war=01;31:*.ear=01;31:*.sar=01;31:*.rar=01;31:*.alz=01;31:*.ace=01;31:*.zoo=01;31:*.cpio=01;31:*.7z=01;31:*.rz=01;31:*.cab=01;31:*.wim=01;31:*.swm=01;31:*.dwm=01;31:*.esd=01;31:*.jpg=01;35:*.jpeg=01;35:*.mjpg=01;35:*.mjpeg=01;35:*.gif=01;35:*.bmp=01;35:*.pbm=01;35:*.pgm=01;35:*.ppm=01;35:*.tga=01;35:*.xbm=01;35:*.xpm=01;35:*.tif=01;35:*.tiff=01;35:*.png=01;35:*.svg=01;35:*.svgz=01;35:*.mng=01;35:*.pcx=01;35:*.mov=01;35:*.mpg=01;35:*.mpeg=01;35:*.m2v=01;35:*.mkv=01;35:*.webm=01;35:*.webp=01;35:*.ogm=01;35:*.mp4=01;35:*.m4v=01;35:*.mp4v=01;35:*.vob=01;35:*.qt=01;35:*.nuv=01;35:*.wmv=01;35:*.asf=01;35:*.rm=01;35:*.rmvb=01;35:*.flc=01;35:*.avi=01;35:*.fli=01;35:*.flv=01;35:*.gl=01;35:*.dl=01;35:*.xcf=01;35:*.xwd=01;35:*.yuv=01;35:*.cgm=01;35:*.emf=01;35:*.ogv=01;35:*.ogx=01;35:*.aac=00;36:*.au=00;36:*.flac=00;36:*.m4a=00;36:*.mid=00;36:*.midi=00;36:*.mka=00;36:*.mp3=00;36:*.mpc=00;36:*.ogg=00;36:*.ra=00;36:*.wav=00;36:*.oga=00;36:*.opus=00;36:*.spx=00;36:*.xspf=00;36:'), ('ROS2_PERCEPTION_COURSE_INSTALL', '/home/abc/perception_with_ros2/install'), ('VSCODE_GIT_IPC_HANDLE', '/run/user/1000/vscode-git-5e4b9a72ca.sock'), ('GNOME_TERMINAL_SERVICE', ':1.525'), ('TERM_PROGRAM', 'vscode'), ('SSH_AGENT_LAUNCHER', 'gnome-keyring'), ('SSH_AUTH_SOCK', '/run/user/1000/keyring/ssh'), ('ROS_DOMAIN_ID', '2'), ('AMENT_PREFIX_PATH', '/home/abc/perception_with_ros2/install/perception:/home/abc/perception_with_ros2/install/data_plot_per:/home/abc/perception_with_ros2/install/base_msgs_per:/home/abc/planning_with_ros2/install/planning:/home/abc/planning_with_ros2/install/data_plot:/home/abc/planning_with_ros2/install/base_msgs:/opt/ros/humble'), ('SHELL', '/bin/bash'), ('LC_NAME', 'zh_CN.UTF-8'), ('QT_ACCESSIBILITY', '1'), ('GDMSESSION', 'ubuntu'), ('LESSCLOSE', '/usr/bin/lesspipe %s %s'), ('LC_MEASUREMENT', 'zh_CN.UTF-8'), ('GPG_AGENT_INFO', '/run/user/1000/gnupg/S.gpg-agent:0:1'), ('LC_IDENTIFICATION', 'zh_CN.UTF-8'), ('VSCODE_GIT_ASKPASS_EXTRA_ARGS', ''), ('QT_IM_MODULE', 'ibus'), ('PWD', '/home/abc/perception_with_ros2/build/perception'), ('LC_ALL', 'en_US.UTF-8'), ('XDG_CONFIG_DIRS', '/etc/xdg/xdg-ubuntu:/etc/xdg'), ('XDG_DATA_DIRS', '/usr/share/ubuntu:/usr/share/gnome:/usr/local/share/:/usr/share/:/var/lib/snapd/desktop'), ('PYTHONPATH', '/home/abc/perception_with_ros2/install/base_msgs_per/local/lib/python3.10/dist-packages:/home/abc/perception_with_ros2/install/data_plot_per/lib/python3.10/site-packages:/home/abc/planning_with_ros2/install/data_plot/lib/python3.10/site-packages:/home/abc/planning_with_ros2/install/base_msgs/local/lib/python3.10/dist-packages:/opt/ros/humble/lib/python3.10/site-packages:/opt/ros/humble/local/lib/python3.10/dist-packages'), ('LC_NUMERIC', 'zh_CN.UTF-8'), ('LC_PAPER', 'zh_CN.UTF-8'), ('COLCON', '1'), ('VTE_VERSION', '6800'), ('CMAKE_PREFIX_PATH', '/home/abc/perception_with_ros2/install/base_msgs_per:/home/abc/perception_with_ros2/install/perception:/home/abc/planning_with_ros2/install/planning:/home/abc/planning_with_ros2/install/base_msgs:/home/abc/perception_with_ros2/install/data_plot_per:/home/abc/planning_with_ros2/install/data_plot:/opt/ros/humble')]), 'shell': False}
[0.556398] (perception) StdoutLine: {'line': b'-- Install configuration: ""\n'}
[0.556737] (perception) StdoutLine: {'line': b'-- Up-to-date: /home/abc/perception_with_ros2/install/perception/lib/libconfig_reader.so\n'}
[0.556969] (perception) StdoutLine: {'line': b'-- Up-to-date: /home/abc/perception_with_ros2/install/perception/lib/libmathlibs.so\n'}
[0.557357] (perception) StdoutLine: {'line': b'-- Up-to-date: /home/abc/perception_with_ros2/install/perception/lib/libdecision_center.so\n'}
[0.557764] (perception) StdoutLine: {'line': b'-- Up-to-date: /home/abc/perception_with_ros2/install/perception/lib/libpnc_map_creator.so\n'}
[0.557999] (perception) StdoutLine: {'line': b'-- Up-to-date: /home/abc/perception_with_ros2/install/perception/lib/perception/pnc_map_server\n'}
[0.558412] (perception) StdoutLine: {'line': b'-- Up-to-date: /home/abc/perception_with_ros2/install/perception/lib/libglobal_planner.so\n'}
[0.558659] (perception) StdoutLine: {'line': b'-- Up-to-date: /home/abc/perception_with_ros2/install/perception/lib/perception/global_path_server\n'}
[0.559044] (perception) StdoutLine: {'line': b'-- Up-to-date: /home/abc/perception_with_ros2/install/perception/lib/liblocal_planner.so\n'}
[0.559449] (perception) StdoutLine: {'line': b'-- Up-to-date: /home/abc/perception_with_ros2/install/perception/lib/libreference_line.so\n'}
[0.559819] (perception) StdoutLine: {'line': b'-- Up-to-date: /home/abc/perception_with_ros2/install/perception/lib/perception/osqp_test\n'}
[0.560048] (perception) StdoutLine: {'line': b'-- Up-to-date: /home/abc/perception_with_ros2/install/perception/lib/perception/newton_test\n'}
[0.560441] (perception) StdoutLine: {'line': b'-- Up-to-date: /home/abc/perception_with_ros2/install/perception/lib/libvehicle_info.so\n'}
[0.560815] (perception) StdoutLine: {'line': b'-- Up-to-date: /home/abc/perception_with_ros2/install/perception/lib/perception/perception_process\n'}
[0.561249] (perception) StdoutLine: {'line': b'-- Up-to-date: /home/abc/perception_with_ros2/install/perception/lib/perception/car_move_cmd\n'}
[0.561497] (perception) StdoutLine: {'line': b'-- Up-to-date: /home/abc/perception_with_ros2/install/perception/lib/perception/obs_move_cmd\n'}
[0.561664] (perception) StdoutLine: {'line': b'-- Up-to-date: /home/abc/perception_with_ros2/install/perception/share/perception/config\n'}
[0.561767] (perception) StdoutLine: {'line': b'-- Up-to-date: /home/abc/perception_with_ros2/install/perception/share/perception/config/perception_static_obs_config.yaml\n'}
[0.561831] (perception) StdoutLine: {'line': b'-- Up-to-date: /home/abc/perception_with_ros2/install/perception/share/perception/config/perception_dynamic_obs_config.yaml\n'}
[0.561892] (perception) StdoutLine: {'line': b'-- Up-to-date: /home/abc/perception_with_ros2/install/perception/share/perception/launch\n'}
[0.561953] (perception) StdoutLine: {'line': b'-- Up-to-date: /home/abc/perception_with_ros2/install/perception/share/perception/launch/perception_launch.py\n'}
[0.562014] (perception) StdoutLine: {'line': b'-- Up-to-date: /home/abc/perception_with_ros2/install/perception/share/perception/launch/move_cmd_launch.py\n'}
[0.562091] (perception) StdoutLine: {'line': b'-- Up-to-date: /home/abc/perception_with_ros2/install/perception/share/perception/urdf\n'}
[0.562223] (perception) StdoutLine: {'line': b'-- Up-to-date: /home/abc/perception_with_ros2/install/perception/share/perception/urdf/main_car\n'}
[0.562300] (perception) StdoutLine: {'line': b'-- Up-to-date: /home/abc/perception_with_ros2/install/perception/share/perception/urdf/main_car/car_camera.xacro\n'}
[0.562385] (perception) StdoutLine: {'line': b'-- Up-to-date: /home/abc/perception_with_ros2/install/perception/share/perception/urdf/main_car/car_base.xacro\n'}
[0.562481] (perception) StdoutLine: {'line': b'-- Up-to-date: /home/abc/perception_with_ros2/install/perception/share/perception/urdf/main_car/car_radar.xacro\n'}
[0.562543] (perception) StdoutLine: {'line': b'-- Up-to-date: /home/abc/perception_with_ros2/install/perception/share/perception/urdf/main_car/car.xacro\n'}
[0.562604] (perception) StdoutLine: {'line': b'-- Up-to-date: /home/abc/perception_with_ros2/install/perception/share/perception/urdf/main_car/car_wheels.xacro\n'}
[0.562664] (perception) StdoutLine: {'line': b'-- Up-to-date: /home/abc/perception_with_ros2/install/perception/share/perception/urdf/obs_car\n'}
[0.562725] (perception) StdoutLine: {'line': b'-- Up-to-date: /home/abc/perception_with_ros2/install/perception/share/perception/urdf/obs_car/obs_car.xacro\n'}
[0.562784] (perception) StdoutLine: {'line': b'-- Up-to-date: /home/abc/perception_with_ros2/install/perception/share/perception/rviz\n'}
[0.562844] (perception) StdoutLine: {'line': b'-- Up-to-date: /home/abc/perception_with_ros2/install/perception/share/perception/rviz/perception.rviz\n'}
[0.562903] (perception) StdoutLine: {'line': b'-- Up-to-date: /home/abc/perception_with_ros2/install/perception/share/ament_index/resource_index/package_run_dependencies/perception\n'}
[0.562964] (perception) StdoutLine: {'line': b'-- Up-to-date: /home/abc/perception_with_ros2/install/perception/share/ament_index/resource_index/parent_prefix_path/perception\n'}
[0.563024] (perception) StdoutLine: {'line': b'-- Up-to-date: /home/abc/perception_with_ros2/install/perception/share/perception/environment/ament_prefix_path.sh\n'}
[0.563083] (perception) StdoutLine: {'line': b'-- Up-to-date: /home/abc/perception_with_ros2/install/perception/share/perception/environment/ament_prefix_path.dsv\n'}
[0.563206] (perception) StdoutLine: {'line': b'-- Up-to-date: /home/abc/perception_with_ros2/install/perception/share/perception/environment/path.sh\n'}
[0.563333] (perception) StdoutLine: {'line': b'-- Up-to-date: /home/abc/perception_with_ros2/install/perception/share/perception/environment/path.dsv\n'}
[0.563395] (perception) StdoutLine: {'line': b'-- Up-to-date: /home/abc/perception_with_ros2/install/perception/share/perception/local_setup.bash\n'}
[0.563456] (perception) StdoutLine: {'line': b'-- Up-to-date: /home/abc/perception_with_ros2/install/perception/share/perception/local_setup.sh\n'}
[0.563533] (perception) StdoutLine: {'line': b'-- Up-to-date: /home/abc/perception_with_ros2/install/perception/share/perception/local_setup.zsh\n'}
[0.563594] (perception) StdoutLine: {'line': b'-- Up-to-date: /home/abc/perception_with_ros2/install/perception/share/perception/local_setup.dsv\n'}
[0.563655] (perception) StdoutLine: {'line': b'-- Installing: /home/abc/perception_with_ros2/install/perception/share/perception/package.dsv\n'}
[0.563714] (perception) StdoutLine: {'line': b'-- Up-to-date: /home/abc/perception_with_ros2/install/perception/share/ament_index/resource_index/packages/perception\n'}
[0.563773] (perception) StdoutLine: {'line': b'-- Up-to-date: /home/abc/perception_with_ros2/install/perception/share/perception/cmake/perceptionConfig.cmake\n'}
[0.563833] (perception) StdoutLine: {'line': b'-- Up-to-date: /home/abc/perception_with_ros2/install/perception/share/perception/cmake/perceptionConfig-version.cmake\n'}
[0.563892] (perception) StdoutLine: {'line': b'-- Up-to-date: /home/abc/perception_with_ros2/install/perception/share/perception/package.xml\n'}
[0.564430] (perception) CommandEnded: {'returncode': 0}
[0.584649] (perception) JobEnded: {'identifier': 'perception', 'rc': 0}
[0.600987] (-) TimerEvent: {}
[0.657899] (data_plot_per) Command: {'cmd': ['/usr/bin/python3', '-W', 'ignore:setup.py install is deprecated', '-W', 'ignore:easy_install command is deprecated', 'setup.py', 'egg_info', '--egg-base', '../../build/data_plot_per', 'build', '--build-base', '/home/abc/perception_with_ros2/build/data_plot_per/build', 'install', '--record', '/home/abc/perception_with_ros2/build/data_plot_per/install.log', '--single-version-externally-managed', 'install_data'], 'cwd': '/home/abc/perception_with_ros2/src/data_plot_per', 'env': {'PYTHON_BASIC_REPL': '1', 'LESSOPEN': '| /usr/bin/lesspipe %s', 'LANGUAGE': 'en_US:en', 'USER': 'abc', 'LC_TIME': 'zh_CN.UTF-8', 'XDG_SESSION_TYPE': 'x11', 'GIT_ASKPASS': '/usr/share/code/resources/app/extensions/git/dist/askpass.sh', 'SHLVL': '2', 'LD_LIBRARY_PATH': '/home/abc/perception_with_ros2/install/perception/lib:/home/abc/planning_with_ros2/install/planning/lib:/home/abc/planning_with_ros2/install/planning/lib:/home/abc/planning_with_ros2/install/planning/lib:/home/abc/planning_with_ros2/install/planning/lib:/home/abc/planning_with_ros2/install/base_msgs/lib:/usr/lib/x86_64-linux-gnu/gazebo-11/plugins:/opt/ros/humble/opt/rviz_ogre_vendor/lib:/opt/ros/humble/lib/x86_64-linux-gnu:/opt/ros/humble/lib', 'HOME': '/home/abc', 'CHROME_DESKTOP': 'code.desktop', 'OLDPWD': '/home/abc/perception_with_ros2/src', 'TERM_PROGRAM_VERSION': '1.107.1', 'DESKTOP_SESSION': 'ubuntu', 'ROS_PYTHON_VERSION': '3', 'GNOME_SHELL_SESSION_MODE': 'ubuntu', 'GTK_MODULES': 'gail:atk-bridge', 'VSCODE_GIT_ASKPASS_MAIN': '/usr/share/code/resources/app/extensions/git/dist/askpass-main.js', 'LC_MONETARY': 'zh_CN.UTF-8', 'VSCODE_GIT_ASKPASS_NODE': '/usr/share/code/code', 'PYDEVD_DISABLE_FILE_VALIDATION': '1', 'SYSTEMD_EXEC_PID': '1608', 'BUNDLED_DEBUGPY_PATH': '/home/abc/.vscode/extensions/ms-python.debugpy-2025.18.0-linux-x64/bundled/libs/debugpy', 'VSCODE_PYTHON_AUTOACTIVATE_GUARD': '1', 'DBUS_SESSION_BUS_ADDRESS': 'unix:path=/run/user/1000/bus', 'COLORTERM': 'truecolor', 'COLCON_PREFIX_PATH': '/home/abc/perception_with_ros2/install:/home/abc/planning_with_ros2/install', 'ROS_DISTRO': 'humble', 'GTK_IM_MODULE': 'ibus', 'LOGNAME': 'abc', '_': '/usr/bin/colcon', 'ROS_VERSION': '2', 'XDG_SESSION_CLASS': 'user', 'USERNAME': 'abc', 'TERM': 'xterm-256color', 'GNOME_DESKTOP_SESSION_ID': 'this-is-deprecated', 'ROS2_PLANNING_COURSE_INSTALL': '/home/abc/planning_with_ros2/install', 'FC_FONTATIONS': '1', 'ROS_LOCALHOST_ONLY': '0', 'WINDOWPATH': '2', 'PATH': '/home/abc/.config/Code/User/globalStorage/github.copilot-chat/debugCommand:/home/abc/.config/Code/User/globalStorage/github.copilot-chat/copilotCli:/opt/ros/humble/bin:/usr/local/sbin:/usr/local/bin:/usr/sbin:/usr/bin:/sbin:/bin:/usr/games:/usr/local/games:/snap/bin:/snap/bin:/home/abc/.vscode/extensions/ms-python.debugpy-2025.18.0-linux-x64/bundled/scripts/noConfigScripts', 'SESSION_MANAGER': 'local/abc-G3-3500:@/tmp/.ICE-unix/1581,unix/abc-G3-3500:/tmp/.ICE-unix/1581', 'PAPERSIZE': 'a4', 'XDG_MENU_PREFIX': 'gnome-', 'LC_ADDRESS': 'zh_CN.UTF-8', 'GNOME_TERMINAL_SCREEN': '/org/gnome/Terminal/screen/de2f66bf_038d_4af9_a3ae_168c2f219a0f', 'XDG_RUNTIME_DIR': '/run/user/1000', 'GDK_BACKEND': 'x11', 'DISPLAY': ':0', 'VSCODE_DEBUGPY_ADAPTER_ENDPOINTS': '/home/abc/.vscode/extensions/ms-python.debugpy-2025.18.0-linux-x64/.noConfigDebugAdapterEndpoints/endpoint-0370d1c5f2548263.txt', 'LANG': 'en_US.UTF-8', 'XDG_CURRENT_DESKTOP': 'ubuntu:GNOME', 'PYTHONSTARTUP': '/home/abc/.config/Code/User/workspaceStorage/28936fba8b94055b776ffa577577e387/ms-python.python/pythonrc.py', 'LC_TELEPHONE': 'zh_CN.UTF-8', 'XMODIFIERS': '@im=ibus', 'XDG_SESSION_DESKTOP': 'ubuntu', 'XAUTHORITY': '/run/user/1000/gdm/Xauthority', 'LS_COLORS': 'rs=0:di=01;34:ln=01;36:mh=00:pi=40;33:so=01;35:do=01;35:bd=40;33;01:cd=40;33;01:or=40;31;01:mi=00:su=37;41:sg=30;43:ca=30;41:tw=30;42:ow=34;42:st=37;44:ex=01;32:*.tar=01;31:*.tgz=01;31:*.arc=01;31:*.arj=01;31:*.taz=01;31:*.lha=01;31:*.lz4=01;31:*.lzh=01;31:*.lzma=01;31:*.tlz=01;31:*.txz=01;31:*.tzo=01;31:*.t7z=01;31:*.zip=01;31:*.z=01;31:*.dz=01;31:*.gz=01;31:*.lrz=01;31:*.lz=01;31:*.lzo=01;31:*.xz=01;31:*.zst=01;31:*.tzst=01;31:*.bz2=01;31:*.bz=01;31:*.tbz=01;31:*.tbz2=01;31:*.tz=01;31:*.deb=01;31:*.rpm=01;31:*.jar=01;31:*.war=01;31:*.ear=01;31:*.sar=01;31:*.rar=01;31:*.alz=01;31:*.ace=01;31:*.zoo=01;31:*.cpio=01;31:*.7z=01;31:*.rz=01;31:*.cab=01;31:*.wim=01;31:*.swm=01;31:*.dwm=01;31:*.esd=01;31:*.jpg=01;35:*.jpeg=01;35:*.mjpg=01;35:*.mjpeg=01;35:*.gif=01;35:*.bmp=01;35:*.pbm=01;35:*.pgm=01;35:*.ppm=01;35:*.tga=01;35:*.xbm=01;35:*.xpm=01;35:*.tif=01;35:*.tiff=01;35:*.png=01;35:*.svg=01;35:*.svgz=01;35:*.mng=01;35:*.pcx=01;35:*.mov=01;35:*.mpg=01;35:*.mpeg=01;35:*.m2v=01;35:*.mkv=01;35:*.webm=01;35:*.webp=01;35:*.ogm=01;35:*.mp4=01;35:*.m4v=01;35:*.mp4v=01;35:*.vob=01;35:*.qt=01;35:*.nuv=01;35:*.wmv=01;35:*.asf=01;35:*.rm=01;35:*.rmvb=01;35:*.flc=01;35:*.avi=01;35:*.fli=01;35:*.flv=01;35:*.gl=01;35:*.dl=01;35:*.xcf=01;35:*.xwd=01;35:*.yuv=01;35:*.cgm=01;35:*.emf=01;35:*.ogv=01;35:*.ogx=01;35:*.aac=00;36:*.au=00;36:*.flac=00;36:*.m4a=00;36:*.mid=00;36:*.midi=00;36:*.mka=00;36:*.mp3=00;36:*.mpc=00;36:*.ogg=00;36:*.ra=00;36:*.wav=00;36:*.oga=00;36:*.opus=00;36:*.spx=00;36:*.xspf=00;36:', 'ROS2_PERCEPTION_COURSE_INSTALL': '/home/abc/perception_with_ros2/install', 'VSCODE_GIT_IPC_HANDLE': '/run/user/1000/vscode-git-5e4b9a72ca.sock', 'GNOME_TERMINAL_SERVICE': ':1.525', 'TERM_PROGRAM': 'vscode', 'SSH_AGENT_LAUNCHER': 'gnome-keyring', 'SSH_AUTH_SOCK': '/run/user/1000/keyring/ssh', 'ROS_DOMAIN_ID': '2', 'AMENT_PREFIX_PATH': '/home/abc/perception_with_ros2/install/perception:/home/abc/perception_with_ros2/install/data_plot_per:/home/abc/perception_with_ros2/install/base_msgs_per:/home/abc/planning_with_ros2/install/planning:/home/abc/planning_with_ros2/install/data_plot:/home/abc/planning_with_ros2/install/base_msgs:/opt/ros/humble', 'SHELL': '/bin/bash', 'LC_NAME': 'zh_CN.UTF-8', 'QT_ACCESSIBILITY': '1', 'GDMSESSION': 'ubuntu', 'LESSCLOSE': '/usr/bin/lesspipe %s %s', 'LC_MEASUREMENT': 'zh_CN.UTF-8', 'GPG_AGENT_INFO': '/run/user/1000/gnupg/S.gpg-agent:0:1', 'LC_IDENTIFICATION': 'zh_CN.UTF-8', 'VSCODE_GIT_ASKPASS_EXTRA_ARGS': '', 'QT_IM_MODULE': 'ibus', 'PWD': '/home/abc/perception_with_ros2/build/data_plot_per', 'LC_ALL': 'en_US.UTF-8', 'XDG_CONFIG_DIRS': '/etc/xdg/xdg-ubuntu:/etc/xdg', 'XDG_DATA_DIRS': '/usr/share/ubuntu:/usr/share/gnome:/usr/local/share/:/usr/share/:/var/lib/snapd/desktop', 'PYTHONPATH': '/home/abc/perception_with_ros2/build/data_plot_per/prefix_override:/usr/lib/python3/dist-packages/colcon_core/task/python/colcon_distutils_commands:/home/abc/perception_with_ros2/install/data_plot_per/lib/python3.10/site-packages:/home/abc/perception_with_ros2/install/data_plot_per/lib/python3.10/site-packages:/home/abc/planning_with_ros2/install/data_plot/lib/python3.10/site-packages:/home/abc/planning_with_ros2/install/base_msgs/local/lib/python3.10/dist-packages:/opt/ros/humble/lib/python3.10/site-packages:/opt/ros/humble/local/lib/python3.10/dist-packages', 'LC_NUMERIC': 'zh_CN.UTF-8', 'LC_PAPER': 'zh_CN.UTF-8', 'COLCON': '1', 'VTE_VERSION': '6800', 'CMAKE_PREFIX_PATH': '/home/abc/perception_with_ros2/install/perception:/home/abc/perception_with_ros2/install/base_msgs_per:/home/abc/planning_with_ros2/install/planning:/home/abc/planning_with_ros2/install/base_msgs'}, 'shell': False}
[0.701096] (-) TimerEvent: {}
[0.801342] (-) TimerEvent: {}
[0.889581] (data_plot_per) StdoutLine: {'line': b'running egg_info\n'}
[0.890882] (data_plot_per) StdoutLine: {'line': b'writing ../../build/data_plot_per/data_plot_per.egg-info/PKG-INFO\n'}
[0.891056] (data_plot_per) StdoutLine: {'line': b'writing dependency_links to ../../build/data_plot_per/data_plot_per.egg-info/dependency_links.txt\n'}
[0.891153] (data_plot_per) StdoutLine: {'line': b'writing entry points to ../../build/data_plot_per/data_plot_per.egg-info/entry_points.txt\n'}
[0.891262] (data_plot_per) StdoutLine: {'line': b'writing requirements to ../../build/data_plot_per/data_plot_per.egg-info/requires.txt\n'}
[0.891336] (data_plot_per) StdoutLine: {'line': b'writing top-level names to ../../build/data_plot_per/data_plot_per.egg-info/top_level.txt\n'}
[0.893986] (data_plot_per) StdoutLine: {'line': b"reading manifest file '../../build/data_plot_per/data_plot_per.egg-info/SOURCES.txt'\n"}
[0.894900] (data_plot_per) StdoutLine: {'line': b"writing manifest file '../../build/data_plot_per/data_plot_per.egg-info/SOURCES.txt'\n"}
[0.895014] (data_plot_per) StdoutLine: {'line': b'running build\n'}
[0.895081] (data_plot_per) StdoutLine: {'line': b'running build_py\n'}
[0.895250] (data_plot_per) StdoutLine: {'line': b'running install\n'}
[0.895518] (data_plot_per) StdoutLine: {'line': b'running install_lib\n'}
[0.896576] (data_plot_per) StdoutLine: {'line': b'running install_data\n'}
[0.896684] (data_plot_per) StdoutLine: {'line': b'running install_egg_info\n'}
[0.898278] (data_plot_per) StdoutLine: {'line': b"removing '/home/abc/perception_with_ros2/install/data_plot_per/lib/python3.10/site-packages/data_plot_per-0.0.0-py3.10.egg-info' (and everything under it)\n"}
[0.898498] (data_plot_per) StdoutLine: {'line': b'Copying ../../build/data_plot_per/data_plot_per.egg-info to /home/abc/perception_with_ros2/install/data_plot_per/lib/python3.10/site-packages/data_plot_per-0.0.0-py3.10.egg-info\n'}
[0.899209] (data_plot_per) StdoutLine: {'line': b'running install_scripts\n'}
[0.901408] (-) TimerEvent: {}
[0.917674] (data_plot_per) StdoutLine: {'line': b'Installing data_plot_per script to /home/abc/perception_with_ros2/install/data_plot_per/lib/data_plot_per\n'}
[0.917901] (data_plot_per) StdoutLine: {'line': b"writing list of installed files to '/home/abc/perception_with_ros2/build/data_plot_per/install.log'\n"}
[0.941850] (data_plot_per) CommandEnded: {'returncode': 0}
[0.950401] (data_plot_per) JobEnded: {'identifier': 'data_plot_per', 'rc': 0}
[0.951012] (-) EventReactorShutdown: {}
